2018-01-01,"ストップ咳
たらちゃん無双
デザート行っちゃっていいですか？
その時、歴史が動いた
全米が泣いた
彼の挑戦はまだ始まったばかりだ
それは神様からの小さな、小さな贈り物だった
これが後の徳川家康である
答えはCMの後で
この彼こそが地球の救世主となる。しかしそれはまた別の話
お母さん、今日も◯◯は元気です
ザ・ムービー カミングスーン
こうしてアルバルス王子の人間界での生活が幕を開けた
これだって、立派な仕事です

■1日1話自分を強くする成功の教科書
東京オリンピック
卓球からの感動と学び

東京オリンピック・卓球の男女混合ダブルスの試合は多くの日本人に勇気と感動を与え、「絶対に諦めない心」「ピンチにおける集中力」の大切さを教えてくれた。"
2018-01-02,"【使いたいことば】
・ピーヒャラピーヒャラしゃべる
・年にこだわるなんてワインだけでよくない？
・恋ができるなら、失恋したって構わない
・最近時間が過ぎるのが早い。いつかおいこされてしまうんじゃないかな。
・方法は3つある
1つ目は正しいやり方
2つ目は間違ったやり方
3つ目はお前のやり方

・電車で席を譲った話

・まつげ貧乏症の話

・東京ドームでのコンサートでセコムなどの看板
・「泥洗顔料部門第1位」とゆう狭い市場

・「無人島」番組で、都合よくドラム缶とかある。
テロップを入れて欲しい

・高速道路でサイドミラーやられた

・歩いてたら前の女の人に小走りされた

・歯医者さんの胸が当たるのは、たおるを入れている

・洗剤とかのCMで必ず汚れを残す演出がある。

・後輩に怒れるか？

・世界は変えられないけど、君だけは守り「たい」
→「守る」じゃなくて「守りたい」っていう、ちょっと逃げ腰

・25歳の介護職員が70歳の女性にわいせつな行為をした。

・女の甲冑 女心をざわつかせるアイテム
    例えば赤い口紅
    オーガニック
    前髪パッツン

【別にいいんだけど】
・あったかい物を食べて、「あったまる〜」っていう人

・人生で一番つまらないデート

・幼稚園での握手と勘違いされた話

・インフルと血液型の話

・歌舞伎町で花を注文したらキャバクラにあるような花が来た

・コンビニで手を振り返された話

・裏メニューってゆう、表に出てる話

・「アンティーク」って名前のお店って、よくあるけど、全然アンティークじゃない。

・慶応と早稲田の学祭でのミスコンの話

・ホテルで眠れない。
   テレビを付けたまま寝る
   地方のCM

・静電気の話

・スーパーホテル
    枕が選べて8種類ぐらいあった

・クリスマスの話
    昔は嫌いだったけど、年をとって
    何も感じなくなった。

・髭脱毛でお姉さんが典型的だった
    男→女に変わって緊張した
    目隠しされたプレイのようだった
    髭を気にするのに鼻毛を気にしな
    いのと思われないのはツライ
    洋服を買うために洋服を買うみた
    いな

・問題は「問題」として解決する
   問題を「悩み」にすり替えてはいけ
   ない

・ジップで究極クエッション
    食の相性が合う
    笑いの相性が合う

・電車内でのツイッターの話
   自ら進んでやる人は 上の上

・エステティシャンを好きになりそうだったけど、カーディガンのすそに毛玉があって残念だった

・プリウスのレンタカーで試された

・カードの作成でいらないと言って手を振ったら、向こうもつられて手を振って来た

・女性がつける甘い香りの香水が好きなったけど、男性がつける甘い香水は嫌い

・すしの国際大会があった
    審査ポイントが
    江戸前すし:35
    創作すし:70
    合計:105 ←何か気持ち悪い
    結局日本人が1位だった。そもそも 
    出来レースでしょ？

・「あなたの為を思って〜」は、信用できない。つまり、自分を肯定されたいだけ。

・銀座線での女子高生の話
    私がおじさんに間違われた話したっけ？
     →そこが、オチでしょ！

・TBCでのMな話

・ラーメン屋での話
2人組の片方が酔ってて、絡んでた。
遅刻しがちな男の言い訳が「婆さんが川に飛び込んだ」

・青屋さんの労災の話

・次の日スズメを引いた話

■1日1話自分を強くする成功の教科書
人生で最も怖い
「まあ、いいか病」

「まあ、いいか」という言葉は、恐ろしい伝染病のようなもの。あっという間に組織に広がり、人の成長を妨げ、深刻な問題を引き起こす。決して口にしてはならない。"
2018-01-03,"1.三井住友海上火災保険の女性の話
   お茶を両手で飲む
   顔を上げて目が合うと首をかしげる
  マスクしてて、「花粉症なんです」って言ったら、「すごーい」って言われた
   コートの袖を持って「んー寒い」って言ってた
   走って追いかけたら、走る素振りをしてきた
2.フレッシュネスバーガーでの話
   ゴミ捨てたら「ありがとー」ってい  われた。しかし、その言い方が、心が篭ってて悪い気はしなかった。
3.ドトールで迷ってる男
4.ドトールで寝てたのに、今日中に、終わらせますと発言した

・モンダミンのCM
彦星まで17光年離れてるから、願いが叶うまでに最短で34年かかるんだって、って兄に言ったら、 
「のぞみはひかりよりも速いんだよ」って返された。 

「　　　　　　　　」 
 
1　　 以下、名無しにかわりましてVIPがお送りします2009/05/24(日) 15:00:00.10 ID:Nq5+a4bv0 (PC) 
スレタイは俺の心を表してる 
 
3　　 以下、名無しにかわりましてVIPがお送りします2009/05/24(日) 15:01:23.48 ID:T/N23xq10 (PC) 
中身のない人間がかっこつけんな 


彼氏とかけまして円周率と説きます(´；ω；`)  

1： 以下、名無しにかわりましてVIPがお送りします 投稿日：2012/03/14(水) 00:18:20.98 ID:A97Twxp80 
そのこころは”さいし”持ちでしょう(´；ω；`)  
（妻子、３．１４）  

2： 忍法帖【Lv=7,xxxP】 投稿日：2012/03/14(水) 00:18:46.02 ID:1TouRqUK0 
でも割り切れないんだよな 

・大宮駅がJR東の住みたい駅ランキングで1位になった。
→ジップで特集してて、街の人がデパートがたくさんあって「見やすい」と言ってた

■1日1話自分を強くする成功の教科書
強い言葉が
強い結果を生む

スポーツでもビジネスでも、本当に結果を出す人たちは「強い言葉」を使っている。強い言葉とは、自信と欲しい結果を堂々と表明する言葉である。"
2018-01-04,"■1日1話自分を強くする成功の教科書
勝者の言葉を使い、
敗者の言葉を避けよう

メンタルトレーニングに解いて、言葉は特に大切である。スポーツ選手はプラスの言葉を使うと強くなり、マイナスの言葉を使うと弱くなる。"
2018-01-05,"■1日1話自分を強くする成功の教科書
成功するイメージを
持ち続ける方法とは？

どんなん小さなことでも成功に向かって行動し続けると、脳はその行動を成功に向かうものとして自動的に正当化する。結果として、より成功のイメージが強化する。"
2018-01-06,"■1日1話自分を強くする成功の教科書
目標が高ければ高いほど
人は成長する

人間お成長の限界は、その人が持つ目標の高さによって決まる。
すなわち、とてつもない目標を掲げる人は、とてつもない成長を遂げる可能性が高い。"
2018-01-07,"■1日1話自分を強くする成功の教科書
イキイキと働くために
途方もない目標を立てる

実現不可能に思える高い目標を立てると、終わりのない努力とくふうが求められる。結果として、私たちはどんどん変化・成長し、イキイキと働くことができる。"
2018-01-08,"■1日1話自分を強くする成功の教科書
汗をかくことで
知恵が出る

人生に必要なものは、目標と努力の2つ。今はまだ目標が見つからなくても、努力を続けていれば、やがて素晴らしい目標を発見できる。"
2018-01-09,"■1日1話自分を強くする成功の教科書
運がいい人とは
いい習慣を身につけた人

運がいい人、ツイてない人とは、落ちているゴミを見て見ぬふりをしない
別れ際に感謝の言葉を伝えるといった「いい習慣」を身につけた人である"
2018-01-10,"■1日1話自分を強くする成功の教科書
いい習慣は良縁と幸運をもたらす

さまざまないい習慣を身につけると、それがやがて良い出会いのきっかけになる。そして人との出会いこそが、人生の幸運のカギとなる"
2018-01-11,"■1日1話自分を強くする成功の教科書
己を信じ、人を信じ、
そして人に信じられる人へ

そんな危機的状況でも自分や仲間を信じ、決めた道を貫くことが大切。
そうした行動を取り続けることで、やがて多くの人から信頼されるようになる。"
2018-01-12,"■1日1話自分を強くする成功の教科書
自分を信じる勇気で
運をつかむ

幸運をつかめるかどうかは、勇気を持って決断を下せるかどうかにかかっている。
とことん悩み。検討し尽くした後は、自分を信じて実行あるのみ。"
2018-01-13,"■1日1話自分を強くする成功の教科書
チャンスをつかむ絶対法則
「自分は運がいい」

「自分は運がいい」と信じることから、全ては始まる。失敗することを考えず、明るく・元気に・素直に生きていれば、必ず幸運に恵まれる。"
2018-01-14,"■1日1話自分を強くする成功の教科書
チャンスをつかむ絶対法則
気を発している人と付き合う

運のいい人（＝気を発している人）と付き合い、日頃から努力を怠らず、感謝と恩返しの気持ちを忘れない。それが運をつかみ、幸せになる極意である。"
2018-01-15,"■1日1話自分を強くする成功の教科書
努力の量は質に変換される

効率ばかりを追い求め、短時間の努力をするだけでは、決して手の届かない領域がある。突き抜けた努力は、いつしか誰も追いつけないほどの「質」に変わる。"
2018-01-16,"■1日1話自分を強くする成功の教科書
大きな使命感を持つと、
それが情熱となる

高い目標を達成するには、人並外れた努力をしなければならない。努力に必要なのは情熱であり、その情熱の源は使命感である。"
2018-01-17,"■1日1話自分を強くする成功の教科書
人生を決めるのは
能力ではなく諦めない心

スポーツでもビジネスでも、結果を左右するのは素質や能力ではない。
すべては最後まで諦めず、工夫と努力を続けられるかどうかで決まる。"
2018-01-18,"■1日1話自分を強くする成功の教科書
人間の成長には
踊り場がある

人間の成長曲線は、どんな分野でも階段状になっている。成長を実感できない日々が続いていも、諦めずに努力すれば必ず壁を乗り越え、大きく飛躍することができる。"
2018-01-19,"■1日1話自分を強くする成功の教科書
偉業を支えた人を讃え、
その生き方に学ぼう

スポーツやビジネス、医学など、さまざまな世界で成し遂げられた偉業には、それを影から支えた人たちがいる。その人たちから学べる事は多い。"
2018-01-20,"■1日1話自分を強くする成功の教科書
感謝とユーモアに満ちた
山中教授のスピーチ

iPS細胞の発見でノーベル賞を受賞された山中教授のスピーチは、ユーモアと感謝に満ちており、多くの聴衆を魅了した。私たちも、そのエッセンスを少しでも学ぼう。"
2018-01-21,"■1日1話自分を強くする成功の教科書
明るさと元気が
強さにつながる

明るく元気に生きる事で、脳内に快楽物質「ドーパミン」が分泌される。
ドーパミンは物事に取り組む意欲を高め、集中力をアップさせるなどの効果がある。"
2018-01-22,"■1日1話自分を強くする成功の教科書
「明・元・素」が
チャンスを呼び込む

「明るさ」「元気の良さ」に多くの人は魅力を感じる
その結果、人脈に恵まれ、幸運にも恵まれやすくなる。"
2018-01-23,"■1日1話自分を強くする成功の教科書
「明・元・素」で生きる人の元には多くの人が集まる

素直に生きる人は、周囲の助言や応援をまっすぐに受け取ることができる。
それにより大きく成長し、人生のチャンスをつかんで幸せになれる。"
2018-01-24,"■1日1話自分を強くする成功の教科書
言葉は人生を
左右するカギである

人間の意識は言葉によって左右される。つまり、人生は言葉によってつくられていると言ってもいい。日常で使う言葉や思い浮かべる言葉に注意しなければならない。"
2018-01-25,"■1日1話自分を強くする成功の教科書
勝利するのはいつも「勝者の言葉」を使う者

勝者の言葉とは、積極的で勝利に対する意欲に満ちた言葉のこと。スポーツの世界でもビジネスの世界でも、勝つのは必ず勝者の言葉を使っている者である。"
2018-01-26,"■1日1話自分を強くする成功の教科書
明るく前向きな言葉で
人は成長する

明るく前向きな言葉は心の栄養のようなもの。そのような言葉に数多く触れることで心は活性化され、結果としては人間は大きく成長できる。"
2018-01-27,"■1日1話自分を強くする成功の教科書
人間の幸福と不幸を決めるものはなんですか？

不運な出来事があったとき、それを不幸の引き金にするか。幸せに向かうバネとするかは本人の考え方・生き方次第。まずは「不運にくじけない心が大切である。"
2018-01-28,"■1日1話自分を強くする成功の教科書
自分は運がいいと思い込もう！

人間は素質・環境・出会いという3つの運に影響される。しかし、「自分は運がいい」という信念を持てば、誰でも幸運に恵まれることができる。"
2018-01-29,"■1日1話自分を強くする成功の教科書
感謝の心を忘れなければ
決して天は見放さない

運を良くするには、「自分は運がいい」と思い込むだけではなく、「感謝の心」も大切にしなければならない。あらゆるものに感謝できる人こそ、最も幸運な人である。"
2018-01-30,"■1日1話自分を強くする成功の教科書
より良い人間関係の中に、
より良い自分がある

人生は人間関係によって、大きく左右される。おそれを感じるほどレベルの高い立場・グループに勇気を持って飛び込めば、自分を大きく成長させることができる。"
2018-01-31,"■1日1話自分を強くする成功の教科書
褒めることは
いい人間関係を築く第一歩

「褒めること」はいい人間関係を築くための強力な武器。長所を認める習慣が根付いた組織は、極めて見通しが良く、ポジティブなエネルギーに満ちた集団となる。"
2018-02-01,"■1日1話自分を強くする成功の教科書
褒めることは
良い人間関係を築く第一歩

「褒めること」はいい人間関係を築くための強力な武器。調書を認める習慣が根付いた組織は極めて風通しが良く、ポジティブなエネルギーに満ちた集団となる。"
2018-02-02,"■1日1話自分を強くする成功の教科書
ギリギリの場面で勝利を引き寄せるカギは笑顔

追い詰められたときこそ、無理やりにでも笑ってみよう。その表情筋の動きで脳と身体をリラックスさせることにより、人間は極めて高い集中力を発揮できる。"
2018-02-03,"■1日1話自分を強くする成功の教科書
開き直った明るさで
ピンチを切り抜ける

ピンチに陥った人間は混乱し、本来の実力を出さずに終わることがある。そんなときは結果を気にしない明るさと思い切りが、状況を打開してくれる。"
2018-02-04,"■1日1話自分を強くする成功の教科書
「頑張る」より
「願晴る」方がいい

「頑張る」という言葉は、他を寄せつけない「頑なさ」を感じさせる。
そこで「願晴る」という造語をつくった。"
2018-02-05,"■1日1話自分を強くする成功の教科書
晴れ晴れとした心で
「願晴」ろう

「願晴る」という言葉には、まず自分の目標を定め、実現を「願う」気持ちが込められている。目標が定まれば、あとは「晴れ晴れ」とした心で努力するのみ。"
2018-02-06,"■1日1話自分を強くする成功の教科書
「心・技・体」で一番大切なものは？

最も大切なのは「心」。高い志があれば、「技」や「体力」を身につけることができる。また強い心があれば、どんな事態も乗り越えられる。"
2018-02-07,"■1日1話自分を強くする成功の教科書
リーダーこそ「心・技・体」という切り口

「心・技・体」で「心」の次に大切なのは「体」である。スポーツやビジネスの基本であり、それがなければどんな「技」を身につけても役にたたない。"
2018-02-08,"■1日1話自分を強くする成功の教科書
負け試合の流れを変える秘策とは？

プレッシャーで本来の力が出せないときは、無理やりでもいいので笑ってみよう。肩の力が抜けて気持ちも前向きになり、悪い流れを断ち切ることができる。"
2018-02-09,"■1日1話自分を強くする成功の教科書
苦しいとき、追い込まれたときこそ笑顔の出番

うまくいかないときやプレッシャーがかかっているとき、難しい顔では状況は良くならない。あえて笑顔を心がければ、流れを好転させることができる。"
2018-02-10,"■1日1話自分を強くする成功の教科書
運と努力の関係とは？

運がいい人になるためには、普段からの努力が欠かせない。この努力を続けるためには、それを好きになるか発想を切り替えることが必要になる。"
2018-02-11,"■1日1話自分を強くする成功の教科書
努力の果てに、幸運の女神は微笑みかける

幸運とは、ただ待っている者に恵まれるものではない。境遇や環境を嘆くことはなく、自分自身を信じて努力する者にのみ訪れるものである。"
2018-02-12,"■1日1話自分を強くする成功の教科書
ダイヤモンドも磨かなければ、ただの石

どれほどの才能も、磨かなければその真価を発揮することはない。
人間おｔいうダイヤモンドを輝かせるのは、本人の「夢」と「努力」次第である。"
2018-04-02,"◾️心理学BEST100
⒈私たちは、本当の「自分の顔」を覚えていない
⒉辛いものが好きな人ほど、男性的
⒊親切な友人を持つと自分も親切な人になる
⒋笑えば笑うほど「寿命」は延びる
⒌「暴力的なゲームは犯罪を増やす」はウソ
⒍男の子は他の子供との比較がストレスになる
⒎女性の方が、男性より人付き合いが上手な理由
⒏ただ質問されるだけで行動する可能性は高まる
⒐小さな女の子が、男の子より口が悪い理由
⒑心の専門家も自分の心はコントロールできない"
2018-04-03,"◾️心理学BEST100
11．男性も女性も空想するのはエッチなことばかり
12．幸せな気分の人は他の人にも親切にする
13．起業家を目指すなら、自分の顔と相談してから
14．人はちょっとでも元が取れると嬉しい
15．インターネットは人のつながりを減らす
16．恋愛は好きになってしまった方が負け
17．候補者リストの「順番」で当選が決まる
18．生涯で心の病気になる確率は？
19．食べた量がわからないと食べすぎてしまう
20．自分で作った食べ物の方がおいしい"
2018-04-04,"◾️心理学BEST100
21．仲直りの秘訣はウォーキング
22．悪い誘いに対して反論する方法
23．朝食にはオムレツとバナナがオススメ
24．悪い情報も積極的に集める
25．相手の姿が見えないと、人は怒りを表しやすい
26．酔っ払いを無意識に避けるのは大正解
27．犬が怖いと感じる人の理由
28．親切な人ほど親切にされる
29．「年を取るのも悪くない」と思っていた方が良い
30．部下が伸びる指導方法とは？"
2018-04-05,"◾️心理学BEST100
31．ホーム・オフィスの落とし穴
32．オフィスのデザインが働く人に与える影響
33．出生順位がわかれば誰でも読心術ができる
34．メンタルトレーニングの効果とは？
35．アルバムの写真の位置で評価が変わる
36．にこやかな顔は強そうに見える
37．軽く運動した後や微熱の時の男性はモテる
38．「注意書き」だけではルールを守らない
39．好きなものでも連続すると飽きる
40．香りは思い出を引き出す"
2018-04-06,"◾️心理学BEST100
41．香りでお手軽ダイエット
42．嬉しい感情は声だけでも伝わる
43．笑顔は人に見せるため
44．うつな人が、ますますうつになっていくメカニズム
45．同性愛者の苦悩は大きい
46．ダイエットはモチベーションが鍵
47．おいしいと思って食べると、なんでもおいしい
48．「減塩」というラベルはつけない方がよい
49．一緒に食事をしている人で食べる量が変わる
50．「心が凍りつく」と身体も「寒さ」を感じる"
2018-04-07,"◾️心理学BEST100
51．赤ちゃんでも「匂い」はわかる
52．お葬式がたて続く理由
53．キレやすいのは栄養不足が原因
54．野菜を必要としている人ほど、野菜を食べない
55．人間関係がうまくいっていない人も、野菜を食べない
56．口内炎が治りにくい人、治りやすい人
57．かゆみは人に伝染する
58．スポーツ観戦では盛り上がりすぎないことも大切
59．咳の現象学について学ぼう
60．男性と女性とでは「出しやすい声」に違いがある"
2018-04-08,"◾️心理学BEST100
61．女性が「男らしく」なる時
62．フェイスペインティグしている人には近づかない
63．審判が公平にジャッジするのは不可能
64．自分の前の打者がホームランを打った時は要注意
65．中国では同じ国内でも文化が違う
66．審判は一流選手に甘い
67．名前の順番でわかる男性の優位性
68．「自分だけは当てはまらない」と思い込む理由
69．神を信じない人は冷たい人が多い？
70．校長先生の話が記憶に残らない理由"
2018-04-09,"◾️心理学BEST100
71．大教室での講義がオススメできない理由
72．家系の財布は奥さんが管理するのが正しい
73．キャンペーンをするのなら、直接に訴えないと効果がない
74．日本時は外国でも日本人のまま
75．国民の幸福度には、大気汚染が影響している
76．友達が少ない人と友達になりたい
77．女性は普通の体型が一番望ましい
78．商品の価格の好ましさには、面白い現象が隠されている
79．赤信号、みんなで渡れば怖くない
80．反則が多いほど、名選手？"
2018-04-10,"◾️心理学BEST100
81．法律は厳しくなければ意味がない？
82．麻薬捜査権の実力はいかに？
83．自分と同じ文字で始まる会社に投資しやすい
84．投資家は自国の会社に投資しやすい
85．商品にも「人格」がある
86．商談での勝負服は「赤」で決まり
87．わずか1ドルで驚きの結果に
88．イヤなことをするときに楽しむコツ
89．頭で考えていることは無意識に行動にも現れる
90．三振をすることにあまり抵抗がないバッターもいる"
2018-04-11,"◾️心理学BEST100
91．試合の結果はコスチュームに影響される
92．女性が多い職場では、恋人がいる人が少ない
93．相手に金額を決めてもらう
94．人の善意を信用して大丈夫
95．同じことをしていても、アンフェアだと思われてしまうことがある
96．人は「お腹が空いた」から食事をするのではない
97．勉強効果を上げたいなら、机を買い替えてみる
98．早く亡くなる方が望ましいこともある
99．先生は魅力的に見えなければならない
100．ベストセラーはそんなに面白くない"
2018-04-13,"◾️雑学
・恐竜はなぜ、⚪︎⚪︎サウルス、⚪︎⚪︎ドンというか？
・陸地で生まれたワニの子は、どうやって川に行くか？
・動物園のワニは、なぜ口を大きく開けているか？
・日本にも大昔はワニがいた。なぜ、わかったか？
・アフリカゾウの群れは、子ゾウ以外はメスばかり。なぜか？
・キリンは鳴くか？鳴くならどんな声か？"
2018-06-01,"◾️雑学
・ナメクジに砂糖をかけるとどうなるか？
・昆虫やクモはどうやって息をしているか？
・なぜ、カマキリは攻撃する前に、体をゆらゆら揺らすのか？
・世界一大きいヘラクレスオオカブトは、なぜ体の色が黄褐色か？
・カブトムシのオスは、なぜ、角の大きいものと小さいものがいるか？
・なぜセミは、枯れた枝に卵を産むか？
・セミはなぜ、オスしか鳴かないか？"
2018-06-02,"◾️雑学
・昆虫の血の色は何色か？
・アリは羽がないのに、なぜ昆虫か？
・アリの行列はなぜできる？餌がなくなるとなぜ消える？
・筆でチョウの羽から「りん粉」を全部取ると、飛べなくなる。なぜか？
・モンシロチョウは、なぜ天気のいい日に飛ぶか？
・なぜ、水場に集まっているチョウは、オスばかりなのか？
・蚊の主食は、血じゃない。ホント？
・トンボは歩く？"
2018-06-03,"◾️雑学
・アリジゴクは糞をしない。どうしているのか？
・ミツバチは天敵のオオスズメバチを殺すことができる。どうやって？
・ミツバチの働きバチは、若いハチか、おばあさんのハチか？
・クマに巣を襲われたミツバチは、クマを撃退できるか？
・ゴキブリのひげをハサミで切ると歩き回れなくなる。なぜか？"
2018-06-04,"◾️雑学
・ケムシは腹いっぱいになると、なぜ葉から離れて下に行くか？
・ホタルは光り方で、オスかメスかわかる。なぜか？
・ミズスマシには、なぜ目が4つあるか？
・なぜ、土の中のミミズが魚釣りの餌になるのか？
・何千年前、何億年も前の昆虫が、なぜ化石として残っているか？"
2018-06-05,"◾️雑学
・富士山に笠雲がかかると、なぜ雨が降るか？
・遠くの山は、なぜ青く見えるか？
・富士山は、なぜ日本一の山か？
・日本一高い山は富士山。2番目に高い山は？
・キクは秋の花なのに、なぜ花屋で1年中咲いているのか？
・なぜ、チューリップの種は売っていないのか？
・なぜ、マツタケがたくさん採れる年は、米が不作か？
・竹はなぜ、急成長できるのか？
・花束は、なぜ下にして持つべきか？"
2018-06-06,"◾️雑学
・ソメイヨシノは、なぜ、いっせいに咲いていっせいに散るか？
・森林に道路ができると、なぜ道路沿いの樹木が枯れるか？
・クルミの木の下には、なぜ他の植物が生えてこないのか？
・ドングリは「ドングリの木」にはならない。なぜか？
・トウモロコシのヒゲの本数と、粒々の数は同じ。なぜか？
・秋の七草のクズはアメリカで、なぜデビル（悪魔）と呼ばれるか？
・アメリカ南部の荒地で、クズはなぜ繁茂できたか？"
2018-06-07,"◾️雑学
・ほとんどのスイカの根っこはカボチャである。なぜか？
・マスクメロンのヘタは、なぜT字形に切ってあるか？
・動物と植物、どっちの生命力が強いか？
・雨が1ヶ月ぐらい降らなくても、なぜ樹木は枯れないか？
・スギやメタセコイアは、なぜ樹形が二等辺三角形か？
・植物の根は、土中の水分をどうやって吸い上げているか？
・屋久島のスギは、なぜ何千年も生き続けているか？
・なぜ、海岸の防風林にはマツが植えてあるか？"
2018-06-08,"◾️雑学
・焼き魚に酢を塗って焼くと、なぜ、網に皮がつかないか？
・まな板の鯉は、なぜ、おとなしくじっとしているか？
・なぜ、子どもは青いピーマンが嫌いか？"
2018-06-09,"◾️雑学
・ダイコンは、なぜ、先っぽに行くほど辛いか？
・辛いダイコンは見ればわかる。どこでわかるか？
・レタスは50度のお湯につけると、シャキシャキになる。なぜ？
・ゆで卵の殻をきれいに剥くには、どうすれば良いか？
・目玉焼き、卵を割る位置を低くすると激うま！なぜか？
・作りたてより、なぜ、寝かせたカレーが美味しいか？
・カレーは冷えると辛くない。なぜか？
・激辛が美味しいのは、脳が「辛くないと思え！」と命令しているから？"
2018-06-10,"◾️雑学
・1瓶（500グラム）のハチミツは何匹のミツビチが働くとできるか？
・白い牛乳から作ったバターが、なぜ黄色いか？
・ご飯を入れるのに、なぜ「茶碗」というか？
・ほうれん草は、なぜ、漢字で「菠薐草」と書くか？
・ほうれん草のおひたしに、なぜゴマをかけるべきか？
・漢字でゴマは胡麻、キュウリは胡瓜。なぜ「胡」がつくか？"
2018-06-11,"◾️雑学
・カニやエビは茹でると、なぜ赤くなるか？
・なぜ、昆布のだしは海では出ないのか？
・すき焼きで、なぜ肉と白滝を一緒に煮てはいけないか？
・ココアとチョコレートは、同じか違うか？
・熱に弱いビタミンCが、なぜ熱いお茶で壊れないか？
・紅茶にレモンを入れると、なぜ色が薄くなるのか？
・コーヒーの国だったイギリスを、紅茶に国にしたのはウーマンパワー？"
2018-06-22,"福岡旅行1日目
水炊き食べた。美味しかった"
2018-06-23,"福岡二日目
佐賀にイカ食べに行った
夜はまゆこちゃんあゆちゃんと飲んだ。
ほとんど記憶ない。"
2018-06-24,"福岡三日目
帰る"
2018-07-04,"◾️雑学
・線路にはなぜ砂利が敷いてあるのか？
・手を離した風船は、どんどん上がって最後はどうなるのか？
・なぜ扇風機の後ろの空気は動かないのか？
・なぜ、ガスタンクは球形なのか？
・日本には100以上の多彩な「ねずみ色」がある。なぜか？"
2018-07-05,"◾️雑学
・星がひんぱんにまたたくとよくじつは雨。なぜか？
・てるてる坊主は男の子か女の子か？
・都心の高層ビルで、なぜ化石わ発見できるか？
・ナイル川にできた巨大なダムが、地中海のイワシを滅ぼした。なぜか？
・「星の砂」は、砂ではない。何か？
・磁石はどんなに薄く切っても、Ｎ極とS極になる。なぜか？
・瞬間接着剤はたくさん塗ると、くっつきにくくなる。なぜか？
・なぜ、ファスナーをチャックというのか？"
2018-07-06,"◾️雑学
・なぜ、タイヤは黒いか？
・青色の車は事故に遭いやすい。なぜか？
・「面の皮が厚い」は、アメリカでは褒め言葉。ホントか？
・なぜ、湖が凍っても魚は生きているのか？
・大雨が降ると、なぜ衛星放送の映りが悪くなるのか？
・木材は電気を通さないのに、なぜ、カミナリは樹木に落ちるのか？
・なぜ、朝、霜が降りた日は晴れるのか？"
2018-07-07,"◾️雑学
・石鹸はなぜ、小さくなると泡が立たなくなるのか？
・羽毛布団は、なぜ干してはいけないのか？
・セーラー服の襟足は、なぜ後ろに大きく垂れ下がっているか？
・黒いサングラスは、なぜ生意気に見えるのか？
・謝るときの服の色はグレーがいい。なぜか？
・なぜ、船の下半分は赤いか？
・喫水線まで満タンにしたタンカーは、日本に帰れない。なぜか？
・ハワイは毎年12センチずつ、日本に近づいている。なぜか？"
2018-07-08,"◾️雑学
・人を褒め称えるとき、なぜ拍手をするか？
・アットマークは英語のatとは関係ない。なぜか？
・1.2.3…の数字はインド人の発明なのに、なぜアラビア数字か？
・オセロゲームは、なぜ「オセロ」なのか？
・なぜ、サッカーの控え選手はベストを着ているのか？
・野球のピッチャーマウンドは、なぜ高くしてあるか？
・ウールのセーターを水洗いすると、なぜ縮むのか？"
2018-07-09,"◾️雑学
・電気のプラグの2本足には、なぜ穴が開いているのか？
電話食品類の缶詰の上下のフタは、なぜデコボコになっているか？
・結婚式場は床も壁も、なぜ赤一色か？
・人の前を通るとき、なぜ手刀を切るか？
・万歳は、なぜ三唱するか？"
2018-07-10,"◾️雑学
・寝つきが悪い時、なぜ大さじ一杯の酢を飲むといいのか？
・眠れない時に羊を数えて、本当に眠れるか？
・目が疲れたとき、何もない青い空を見ても回復しない。なぜか？
・人間の「白眼」が、他の動物より目立つのはなぜか？
・目は2つなのに、どうしてモノは1つに見えるのか？
・なぜ、ふだん、まばたきしても気にならないのか？
・手に「ハーッ」と息を吐くと温かく、「フーッ」と吐くと冷たいのはなぜか？"
2018-07-11,"◾️雑学
・ベートーベンは耳が聞こえなかったのに、なぜ作曲家できたか？
・人間は「ヘビが危険」だと、なぜわかるのか？
・思い出そうとするとき、なぜ斜め上を見るのか？
・フラッシュをたくと、なぜ赤目になるのか？
・国際宇宙ステーションの宇宙飛行士はみんな顔が丸い。なぜか？
・中年男性の顔が大きくなるのはなぜか？"
2018-07-12,"◾️雑学
・日本人の鼻が低いのは、背が低いからではない。なぜか？
・眉毛はなぜ人間にしかないのか？
・すり傷は、水で洗うのと消毒液で消毒するのと、どちらがいいか？
・頭につむじがあるのはなぜか？
・重いモノを持ち上げる時に、どうして「よいしょ！」というのか？
・夜中にトイレに行くのは、ふくろはぎのせい。なぜか？
・ゾウもライオンもヤギも人間も、オシッコは21秒でする。なぜか？"
2018-07-13,"◾️雑学
・関節がポキポキというのは、何の音か？
・女性はなぜ、男性の指に惹かれるのか？
・日本人は、右手の爪が早く伸びる。なぜか？
・手の小指で、相手の全身を動かせる。ホント？
・足の指は、手と違って、みんな同じ方向を向いている。なぜ？
・目を閉じて片足で立つとき、なぜ左足で立ってしまうのか？
・下駄や草履はなぜ体にいいか？
・子どもも大人も、なぜアイスクリームが好きか？"
2018-07-14,"◾️雑学
・自分で体をくすぐっても、ひっこめない。なぜ？
・赤ちゃんは足の裏をくすぐっても、引っ込めない。なぜか？
・顔の中でどうして唇だけが赤いのか？
・どうして赤ちゃんは、何でも口に入れるのか？
・夏に汗びっしょりの子ども、実は汗っかきではない？
・なぜ、体重計で体内の体脂肪率を測定できるか？
・脂っこいものを食べると、なぜお腹を壊すのか？"
2018-07-15,"◾️雑学
・なぜ、鼻をつまむと味がわからなくなるのか？
・匂いをかぐとき、鼻をクンクンさせるのはなぜか？
・花粉症の鼻水がいくらでも出るのはなぜか？
・くしゃみは口でしてはいけない。なぜか？
・人間と鳥、記憶力がいいのはどちらか？
・年をとっても、物覚えは悪くならない。ホント？
・眠っている間に、記憶ができるのはなぜか？"
2018-07-16,"◾️雑学
・なぜ、脳は頭蓋骨の中でぐちゃぐちゃにならないのか？
・好きな人に手を握られると、なぜしびれるのか？
・なぜ、匂いで思い出がよみがえるのか？
・どうして恐ろしい目に遭うと、青ざめるのか？
・歩くとなぜ、体にいいのか？
・「やる気」は、やり始めないと出てこない。なぜか？
・坐禅をすると、心がラクになるのはなぜけ？"
2018-07-17,"◾️雑学
・トラはなぜ群れを作らないか？
・チーターは、なぜライオンより速く走れるか？
・ライオンは、どんない空腹でも疲れたら狩りをやめる。なぜか？
・パンダはクマの仲間。クマのように冬眠するか？
・シロクマの白い毛を刈ってしまうと何色か？"
2018-07-18,"◾️雑学
・ゴリラはなぜ、毎晩新しいベッドに寝るか？
・コアラはなぜ、いつも眠っているのか？
・豚は太っているか？
・サイの角は骨でない。では何でできているか？
・ウシには角があるのに、なぜウマにはないか？
・ウマは、なぜウマヅラか？
・ウマは、なぜときどき歯を剥き出して笑うか？"
2018-07-19,"◾️雑学
・ヤギは紙を食べるか？
・寝たふりをすることを「タヌキ寝入り」というが、なぜタヌキか？
・富士山には、なぜニホンザルがいないか？
・動物はなぜ、生まれたての赤ん坊を舐めるのか？
・ナマケモノは背中になぜコケを生やすのか？
・野生動物は、なぜ虫歯にならないのか？
・なぜ。ウサギは1羽、2羽と数えるのか？
・イヌとネコ、どっちがよく眠るのか？"
2018-07-20,"◾️雑学
・イヌとネコではどちらの耳がいいか？
・肉食のネコが、なぜ、時々草を食べるのか？
・知らないネコが仲良くなるには、どうしたらいいか？
・なぜ、耳が立っているイヌと垂れているイヌがいるのか？
・ダックスフンドは、なぜ胴長短足か？
・ブルドックは、なぜ鼻がぺちゃんこか？
・アメリカ人は、なぜリスを食べるか？
・モグラは日光に当たると死ぬ、はホントか？"
2018-07-21,"◾️雑学
・夜行性のムササビは、昼間どこにいるか？
・クジラの潮吹きは海水ではない。何か？
・クジラは水を飲まない。飲まなくて、なぜ元気か？
・クジラは子クジラに、どうやって乳を飲ませるか？
・ペンギンはなぜ、よちよち歩きか？
・ペンギンはなぜ、北極にいないか？
・カメはなぜ、甲羅干しをするか？"
2018-07-22,"◾️雑学
・大人のカラスの口の中は、何色か？
・日本アルプスのライチョウは、マイナス20度の厳冬の夜、どこで眠る？
・インコのくちばしは、なぜ曲がっているのか？
・ツルは、なぜ1本足で眠るか？
・よその巣に迷い込んだカモメのヒナはどうなるか？
・カモやオシドリなどの水鳥は、なぜ沈まないか？
・海鳥は水を飲まなくても平気か？"
2018-07-23,"◾️雑学
・ウグイスの体の色は何色か？
・ニューヨークや東京の高層ビルに、巣を作る野鳥は何か？
・鳥の耳はどこにあるのか？
・草食のスズメが、なぜ、ヒナに昆虫やミミズなど肉食餌を与えるか？
・渡り鳥は広い空を、なぜ目的地に向かって飛べるか？
・なぜ、ヒマラヤや上空を飛ぶ渡り鳥は酸素不足にならないか？
・森や雑木林の小鳥はなぜ、一日中さえずっているか？
・森に鏡を置くと、なぜ小鳥は激しくつつくのか？
・天気が良くない日には、なぜ鳥は低いところを飛ぶか？
・なぜ、神社や公園にいるハトの群れに子ハトがいないのか？
・ハトは鳥なのに、なぜミルクで子育てをするか？"
2018-07-24,"◾️雑学
・カレイやヒラメの子どもの目は、親と同じで片側についているか？
・なぜ、タイの身は白く、マグロは赤っぽいのか？
・魚は、どこを見れば年齢がわかるか？
・魚屋のイワシは、なぜ、ウロコがはげ落ちているか？
・トビウオはなぜ、空中を飛ぶのか？
・タコの足はどこから生えているのか？
・なぜ、96本足のタコがいるのか？"
2018-07-25,"◾️雑学
・なぜ、カニはぷくぷくと泡を吹くのか？
・タラバガニはカニではない。では、何か？
・なぜ、棘に覆われたウニが、カワハギに食べられてしまうのか？
・クラゲは、なぜ人を刺すのか？
・キンギョ救いのキンギョの正体は何か？
・コイの好物はタニシやシジミ。どうやって食べるか？
・ヘビはどうやって餌のカエルなどを見つけるか？"
2018-07-26,"◾️雑学
・なぜ、オオサンショウウオは別名をハンザキというか？
・アマガエルは雨が降る前に鳴く。なぜわかるのか？
・オタマジャクシの尾は、どこに消えるのか？
・ヤドカリは、生まれた時から貝を背負っているか？
・すべてのカタツムリ卵を産む。なぜだろう？
・冬になると、なぜ、カタツムリの姿を見かけてないか？
・カタツムリの殻を取ったら、ナメクジになるか？"
2018-07-27,"社長、SN佐藤さん、SN三橋さんと銀座R1でカラオケ&飲み会
三橋さんが他のお客さんにキレて殴って流血！
俺はてんやわんや…
その頃吉田さんは…"
2018-07-28,"武石美奈ちゃんから荷物が届く。
始め差出人に？？となった。
中身がゲバラグッズって！
差出人がわからなく、ゲバラのTシャツとか革命に誘われてるのかと思うよ"
2018-07-29,"恵比寿で飲んでて、カップルに絡まれる。
写真撮っていいですかー？
はい、いいですよ。
と言ったら俺とだった。
意味わからず。
絶対罰ゲーム"
2018-07-30,"SN三橋さんから、LINEで謝罪がきた。
カッコつけて、俺からは何も言うことはありません。落ち着いたらまたご一緒しましょう！と返信。
しかし、前日に飛行機と野球の投稿に、いいね！してた。
全然反省してない！
結局、流血事件はチャップリンの名言
人生はクローズショットで見れば悲劇、
ロングショットで見れば喜劇"
2018-07-31,"絢子との電話。
詳細はiPad。
とにかく悔しい
感情的になって、ガーッて言われると何も言えない。"
2018-08-01,"絢子との関係性にとまどう。
蓮のつぶやき
詳細はiPad
何言ってるかよくわからない。
また悔しい"
2018-08-02,"蓮がディズニーランドに行って、楽しくやってくれたようで良かった。
安心しました。"
2018-08-03,"朝、血尿が出た。
一時的なものだろう。

もう蓮には朝ごはんがないそうです。

このLINEの意味がわからない。
連れてってくれるらしいんだけど。って何？？
一緒に行こうとかじゃないの？
意味わかんない。
27℃ 川口市 埼玉県 日本"
2018-08-04,"今日も軽く血尿が出た。でも昨日よりは少量だった。

蓮が昼ごはんを食べてない俺に、「何か食べる？俺の水筒あげようか？」って言ってきた。優しい子だ。嬉しい。

そう言えば、7/31に電話で、家が建って、9/1の組み分けテストまでの「一週間だけ暮らしてあげるよ！」って言われた事を思い出した。
悔しいな。

このLINEって、つまり6時までは来るなって事だろうか。もしそうなら腹ただしいし、そうでない場合でもそんな風に思う自分が嫌になる。
26℃ 足立区 東京都 日本"
2018-08-05,"蓮が熱を出した。
38.5度ぐらいだった。
環境が変化したからだろうか。

絢子を許した。
負の感情を継続させるのは難しい。
覚悟を決めれば全てはシンプル。
蓮が楽しく生きれるようにするだけ。

29℃ 川口市 埼玉県 日本"
2018-08-06,"女が女を怒る夜が面白かった。
変な間を取る女性
遠くの物を指差す女性
鳥肌をアピールする女性
25℃ 川口市 埼玉県 日本"
2018-08-07,"電車で座って寝てる女性。
傘を落としてそれを拾ってあげたおじさんがいた。
ただ、戻したのが女性の股の間だった。いい悪いはわかんないけど、戻す場所はそこでよかったのか？

普通のサラリーマン風なのにメッチャ黒い人、気になる。"
2018-08-08,"台風が近づいてるのでみんな早く帰ればいいのに
28℃ 足立区 東京都 日本"
2018-08-09,"パスポートを作りに行った。
結構空いてた。ただ前のパスポートの情報が必要らしく、わからなくて断念した。"
2018-08-10,"明日からお盆休みだけど、15日までで悲しい"
2018-08-11,"山の日
エアコンを買った。
250,000円（税別）
28℃ 川口市 埼玉県 日本"
2018-08-12,"洗濯機と掃除機とエアコン2台を買った。
洗濯機：10万
掃除機：3万
エアコン：11万"
2018-08-13,"しらこばとのプールに行った。
熱中症になった。吐き気、視界が狭くなり、頭痛もした。
ソファとベッド2台買った。
ソファ：13万
ベッド：7万
28℃ 川口市 埼玉県 日本"
2018-08-14,"ウニコでカーテンを買った。
カーテン：5万
29℃ 足立区 東京都 日本"
2018-08-15,"絢子がディズニーランドへ行った

今日は特に何もしていない
28℃ 足立区 東京都 日本"
2018-08-16,"商工中金の芦原さんの歩き方が気になる。手が変な方向向いてるのが気になる。
31℃ 足立区 東京都 日本"
2018-08-17,"今日から蓮の塾が始まった。

家の検査があった。
少し訂正があったが、概ね順調に進んでいる。
24℃ 足立区 東京都 日本"
2018-08-18,"家電のネット勧誘
道端のアンケート
写真撮ってください
何で俺だけ声かけられるのかなー"
2018-08-19,"コールドストーンで働く人の気が知れない。
歌と一緒に手拍子してる人がいて、軽く引いた"
2018-08-21,"本格ジューシー肉まんを聞き取ってもらえなかった時に、もう一度言う時の悲しさ。
セブンイレブンにて。
23℃ 川口市 埼玉県 日本"
2018-08-22,"あゆちゃんが東京に来てるらしかったかど、行けなかったー

システム会社と面談。
マッチングについては興味深かったが、RUN用に作ってもらえないとの事だったので、ちょっと対象外かなと。
27℃ 足立区 東京都 日本"
2018-08-23,"マイナビの会議場所を間違えた。
三郷から30分で帰ってきたのは最短記録かもしれない。
28℃ 足立区 東京都 日本"
2018-08-24,"取締役会だった。
浅草の浅草寺には外人がいっぱいいました。
28℃ 足立区 東京都 日本"
2018-08-25,"家の引き渡しだった。
エアコンがない中の作業は汗がすごかった。死ぬかと思った。

テレビで犯罪捜査24時みたいなやつで、男でミニスカ履いてるんだけど、ノーパンだからミニスカの下からブツが見えてる。それが快感らしい。
警官5人ぐらいが全員ちょっと笑いながら職質してた。
言い訳が風がスースーして涼しい。夜風を浴びるため。ウケる理由だ。
50代男性。ズラを取ったら白髪頭。
30℃ 足立区 東京都 日本"
2018-08-26,"新しい家に住み始めた。
メチャ暑くて、エアコン設置業者も汗かきまくってて、床に汗が落ちるのが気になった。"
2018-08-28,"RUN営業部会
リバーの内田さんの話がキツかったー
吉田さんと大爆笑
吉田さんがいちのさんに何かスヌーピーのポストカードをあげてた。なかなかやる男だ。"
2018-08-29,"銀座線にて、ドアの窓越しに女の人と目があってゾっとした
安室奈美恵DVD鑑賞会
28℃ 港区 東京都 日本"
2018-08-30,"家関係で200万ぐらい振り込んだ
27℃ 足立区 東京都 日本"
2018-08-31,"バイトの履歴書の写真が自撮りだった。時代だねー。
足立区 東京都 日本"
2018-09-01,"テレビで酔っ払った時の自分が知りたいと言った女性を追う番組をやってた。
完全に酔ってたけど、ちゃんと家に帰れてた。
25℃ 足立区 東京都 日本"
2018-09-02,"特に何もしない1日だったなー
24℃ 足立区 東京都 日本"
2018-09-03,"トラットリア モード
福岡居酒屋
たこ焼き居酒屋
ビックエコー"
2018-09-04,"台風が来ていて、風が強かった
26℃ 足立区 東京都 日本"
2018-09-05,"ルンバが来たー

昨日来た人材紹介系の営業の方の御礼メールが独特だった。
お電話でお話しした時から、横山さんにお会いできるのを楽しみにしておりました。実際にお会いしたらやっぱり面白い方だなと率直に感じました。
私にとっても楽しい時間でした。
って、知るか！
31℃ 足立区 東京都 日本"
2018-09-06,"北海道で震度7の地震があった。
とりあえず、しんちゃんも吉田さんもケガがなくてよかった。
28℃ 足立区 東京都 日本"
2018-09-07,"Principio
赤提灯の居酒屋（恵比寿）"
2018-09-08,"日曜な気分の土曜だった"
2018-09-09,"蓉の消防車の絵の表彰式に行った
28℃ 足立区 東京都 日本"
2018-09-10,"ソファーが来た
25℃ 足立区 東京都 日本"
2018-09-11,"ISOの外部審査だった。
研修に来てた人とチームリーダーが軽く言い争いしてた。気まずかった。
20℃ 足立区 東京都 日本"
2018-09-12,"目の前で自転車に乗ってる女子高生のスカートが捲れて、思わず見てしまい気まずい思いをした。

恵比寿 串亭
お腹いっぱいなんだけど、揚げ物はあまり食べられないー
かなあかり
22℃ 足立区 東京都 日本"
2018-09-13,"BBQって結局焼肉のタレの味
BBQの肉、安い方が美味しい説
BBQ10年ぐらいやってないから、想像で語っちゃう説"
2018-09-14,"吉澤ひとみ逮捕のニュースで、元モー娘。の人たちがこぞってブログで謝罪してるけど、誰に向かって謝罪してるのか？
吉澤ひとみのファンに向けて？
意味わかんない。
自分の売名とブログのカウント稼ぎと、何か謝ってるから私も謝っとこーみたいな感覚なのか？
石黒のブログの「謝罪☆」に現れてるよね。
24℃ 荒川区 東京都 日本"
2018-09-15,"神輿を後ろの方で手だけ添えてる人。
どんな気持ちなんだろうなと思う。
26℃ 足立区 東京都 日本"
2018-09-16,"特に何もしない一日だったなー
24℃ 足立区 東京都 日本"
2018-09-17,"タイトルは見事な本です。"
2018-09-18,"ピスタチオが美味しいね。
24℃ 足立区 東京都 日本"
2018-09-19,"BUCK-TICKが不動のメンバーで30周年を迎えたらしい。
もう50過ぎてるだろうおじさん達が未だにビジュアル系をやってるのはカッコいいのか未練があるのか…
20℃ 足立区 東京都 日本"
2018-09-20,"今日の面接に来た人に鼻毛が結構出てた。
営業なのに。

死んだ人に対して「永遠に愛してます」とか「大好き」って言うの、日本だけかもしれないけど軽い気がする。

SNSで哀悼の意を表明する人、よくわからない。
20℃ 足立区 東京都 日本"
2018-09-21,"溜池山王のエスカレーターでコロコロを落としてしまった人がいた。
ゴルフ好きなのかなんなのか知らないけど、大きな声で「ファー」って言ってた。いやいやいや、避けられないから…
22℃ 台東区 東京都 日本"
2018-09-22,"王様のブランチでディズニーコーナーをやってた。フック船長がちょっとふざけたら、みんな笑ってた。
俺はそうゆうの見るとメッチャ引いちゃう。
24℃ 足立区 東京都 日本"
2018-09-23,"秋分の日
ジュースを吸ってる顔を自撮りしてた。
変な時代ですね。

池袋のアローズでジャケットとベストを買った。
50,000円
27℃ 豊島区 東京都 日本"
2018-09-24,"ある侍の3人組が旅館に泊まりにいきました。
料金は一人1万円とのことなので、3万円受付の人に払いました。
その受付の人が女将さんに3万円を持っていくと
「3人ならサービスで25,000円なのよ！！5000円返してきなさい！！」
と女将さんにしかられました。
受付の人は急いでお客さんに返しにいきました。
ですがここで悪魔がささやいたのです。
「ちょっとならパクってもばれないよ…」
と。
そこで受付の人は2000円を自分のポケットにいれ、侍達には一人千円ずつ返しました。さてここでおかしなことが起こってます。
一人1万円払って1000円帰ってきたので9000円払ったことになります。
つまり3人で27000円払ったことになります。
それで受付の人が2000円もってます。

残り1000円はどこにきえたのでしょう？ 

21℃ 足立区 東京都 日本"
2018-09-25,"夢を見た。
社長と他の人と一緒に高級なキャバクラに行った。
社長のお気に入りのケイコさんとゆう方がいるらしい。よくよく話を聞いてると、佳奈のようだ。
で、社長は俺と佳奈の関係を知っていて、（佳奈から聞いた）佳奈は俺の事を「尊敬はできないけどいい人ですよね」って言ったらしい。
夢の中でも現実的な回答！！"
2018-09-26,"広島が優勝した。
3年連続9回目の優勝らしい。
20℃ 足立区 東京都 日本"
2018-09-27,"イルカの話。
なぜイルカの死体があまり見られないのか？

コンタクトを朝つけたはずなのに、無くなってる不思議さったら。
16℃ つくば市 茨城県 日本"
2018-09-28,"トイレから出る時、トッテとかのどこを触ってドアを開けるか？

コーヒーが冷めないうちに
スペイン料理
かな
24℃ 豊島区 東京都 日本"
2018-09-30,"りんかの誕生日を祝う
パンケーキ
スカイツリーでビュッフェ
ハローキティーの家具

台風24号が来ているらしく、暴風に注意とのこと
22℃ 足立区 東京都 日本"
2018-10-01,"台風の影響で家の外壁が曲がってた。"
2018-10-02,"yahoo!の記事で「年収1億円プレーヤーは朝2時間前に出社する」っていう記事だけでも？？と思ったのに、コメントで「2時間前って社畜だよ。1時間前に出社すればいいんじゃない？」ってコメントで、1時間も前に！！って思ったし、前向きな人がなんだなーと思った。

有名人3人がイカ墨の何かを食べてポーズ決めて写真撮って、SNSにあげてるのみて、気持ち悪って思った。

どうしても蕎麦と天ぷらが食べたくて、蕎麦屋に行ったらいる人の8割がかき揚げ食べてた。かき揚げ苦手だけど、思い切って頼んでみたら案外いけた。油のおかげなのかなー


18℃ 足立区 東京都 日本"
2018-10-06,"りんかの運動会。
メチャ暑くて日焼けしたー"
2018-10-07,"アーセナルがいいサッカーしてたねー
22℃ 足立区 東京都 日本"
2018-10-09,"アンフィニの久保田さんからバングラデシュ人の履歴書をもらった。
本当に大丈夫なのか気になるところではある。
24℃ 足立区 東京都 日本"
2018-10-10,"仕事に飽きたー

誰に対しても丁寧に話そうと思う
絢子に言われて気づく
真摯に受け止める
20℃ 足立区 東京都 日本"
2018-10-11,"パン屋がパンを一つずつビニール袋に入れるけど、あれってもったいない気がする
23℃ 足立区 東京都 日本"
2018-10-16,"ななめに物事を言ってしまう。
あるお客さんから面接者のためのロールプレイング研修を提案された。
その時に、苦手だと伝えたら、そんな風に見えないと言われた。
そこで、そうですか？とかそんなことないですよー。とかで返事すればいいのに、「スイッチ入れてるたけです」って言ってしまった。
相手に失礼だなーと思う。

中目黒 ばん
恵比寿 坂の上のそば
かな"
2018-10-17,"ITの展示会に参加。
声かけられると全部対応してしまった。
推しに弱い…"
2018-10-18,"電車内のライザップの広告を写真に撮って、ニヤニヤしながら携帯を操作していた人がいた。
多分SNSにあげてるんだけろうけど、どんな内容なのか気になる。
14℃ 千代田区 東京都 日本"
2018-10-19,"理想と現状のギャップが「課題」
だから、理想がわからなければ課題ではない。
理想は全員違うので、そこを共有する必要がある。言い換えれば、理想が共有できれば、解決までが早い。

【課題解決までのアプローチ】
①現状、理想が本当なのか検証する
②解決のためのアイデア出しをする
③アイデアの実現性を検証する"
2018-10-20,"sunny
韓国料理
池袋→目白
かな"
2018-10-21,"「アウトプット大全」を読んだ。
日記を書くスタートとして、ポジティブ日記を書く。
ポジティブな出来事
楽しい出来事
嬉しい出来事
を3つ書く

読書感想テンプレート
ビフォー + 気づき + to do
を意識して書いてみる

最強のアウトプット方法は「教える」こと。"
2018-10-23,"リクナビの新卒採用担当者がきた。
内容的にはマイナビよりも良さげだったが、コストの面と営業の方の面でマイナビの方がよさそうだった。
やはり営業の力って大きいのかなと思う。"
2018-10-25,"RUN営業部会議
吉田さんと遊んだ。
まりあ、いちのとイタリアン
エルソール
エルソールでたえさんに再会
ラティーカへ
その後、和民からのカラオケ
3時30分ぐらいまで遊んだー
楽しかったけど、何でカラオケ行ったんだろー"
2018-10-28,"蓮のテストで算数が16点だったそうだ。分数が範囲だったらしく、あやこがメチャ切れてた。
そんなにキレる意味がわからない。
勉強ができないと人間性まで否定するなんてひどい親だなー
16℃ 足立区 東京都 日本"
2018-10-29,"今半しゃぶじゃぶ
新大久保の韓国料理
カラオケ
かな

ジブリハラスメント 
音楽ハラスメント
ディズニーハラスメント"
2018-10-30,"回送電車に対して、ドアが開くのをひたすら待つ。恥ずかしい…
20℃ 足立区 東京都 日本"
2018-11-01,"本社のホームページの問い合わせ番号について。
結局営業に流すのではタイムラグがある。
かといって、本社で一から10まで覚えるのは時間がかかる。
週に1回のためにそこまでやる必要があるかな？"
2018-11-02,"小島さんの服装問題。
下着が透ける事が問題か？
第2ボタンまで開けてるのが問題か？
何が問題かわからない。
ネイルに品がないとも言ってるらしい。
老害と言われちゃうよ？
結局、そこまでの乱れは無かった的な。
何だよ！！

マックハラスメント、略してマクハラ。

SNSパトロール
GACKTが緒形拳の墓参りに行ったことをインスタにあげてて何だかなーって思った。
「やっと来れた」って！！
何それー
11℃ 足立区 東京都 日本"
2018-11-03,"文化の日
東京駅 9時前ぐらいにいたら、スーツケース引っ張ってて死にそうな顔してる女性がいて、思わず二度見した。
13℃ 千代田区 東京都 日本"
2018-11-04,"おばあちゃんを見て「カワイイ〜」ってゆう女。

ちょっとモヤっとする話。
クレイトン・カーショーを「クレイトン」って言う日本人
10℃ 足立区 東京都 日本"
2018-11-05,"若林が別れた事に対して、ヤフコメでみんな上から目線。この世には恋愛マスターが多過ぎる。
18℃ 足立区 東京都 日本"
2018-11-06,"ANAのラウンジでイキがる男
日本だから荷物を置いて食事に行けるのか？

スーツに財布のチェーンしてる人がいた。
わかるけども！！

イタリア行きの座席の隣の人がメッチャ写真撮ってて俺までソワソワするー
いいんだけど隣の人が寝てて、寝相が悪いタイプなのか俺のスペースに入ってくるー
そしてテーブルの上げ下げがひどい！
イラストレーターだと思ってた隣の人がただ単にオタクでした。
ずっとアニメ見てたし、笑ってた。全然否定はしないけどね。

ボローニャで荷物をピックアップするとき、５人ぐらい待ちぼうけだった。
変な連帯感！

機内にある雑誌のページを普通に破ってた。あるあるなんだろうなー
20℃ 大田区 東京都 日本"
2018-11-07,"ボローニャから乗ったタクシーでバルサ対インテルのラジオ聴いてた。
サッカーは世界共通！

ホテルを間違えられる。
発音が悪すぎたのかも。
でもタクシーの運転手も早とちりじゃないかなー

ホテルの部屋で物落として、ベッドの下に行っちゃってシーツめくる瞬間、下に誰かいたらどうしようって思う。

タクシー待ってたら、カワイイ女の子に「空港に一人で行くなら、あと２人追加してもいいか？」って聞かれて、オッケーっと即答した。
結果完全なるアウェーとはこのこと。
イタリア人カップルにもちろん運転手もイタリア人。
15℃ ボローニャ エミリア・ロマーニャ イタリア"
2018-11-08,"イタリア人の女性、刈り上げしがち。

目の前で自転車とバイクの事故を見た。

イタリア人、ベルサーチの香水つけがち。
10℃ リミニ エミリア・ロマーニャ イタリア"
2018-11-09,"イタリアの自動券売機、壊れてて焦った！

ホテルの回転ドアにイタリア人と一緒で気まずかった。

ホテルのカードキーが開かなくて困った"
2018-11-10,"テレビをつけたらイタリア語ばっかりな中で、韓国人が歌ってるだけでザッピングが止まる…。アジアに飢えてるんだろうなー。

ミサンガ売りってゆうかそのような人がたくさんいて、気をつけろって中でセネガル人にカタコトの日本語で話しかけられただけで心を許してしまう。別の人は断ったのに。

エレベーターで、have a nice evening と言われて、何も返せなかった自分が悔しい
14℃ ミラノ ロンバルディア イタリア"
2018-11-11,"フェリチャロッサにて、すげー体調悪そうな人と車両が一緒で何か気まずい。
席はエグゼクティブじゃなくて、ビジネスでもよかったかも。3,000円ぐらい違う気がする。

ミラノ駅からの特急で着いたボローニャ駅が知ってる駅と違ってて焦った！

空港のスーパーでお釣りないからカードで払えって言われて、強引に現金で払った！

スーツケースが壊れがち…怖いよー

基本的にこのヨーロッパ、緊張と不安で食欲なかったなー

チェックインのおばさんに、ラウンジ使えるようにって、言われて親指を立ててういんくする…みたいな。外国人かぶれしてるなー

海外の時は日本語話せなくて不安だったくせに、ブリュッセル→成田の待合で日本人が増えると何かガッカリするとゆう矛盾…

ルフトハンザのビジネスクラスも感動ひたけど、ANAの方が段違いで快適でした。
ANAは漫画も読める！「四月は君の嘘」があった！
ヘッドホンがソニー！！
カメラを止めるな！があるー

飛行機のポーンポーンポーンって音、何？
14℃ ミラノ ロンバルディア イタリア"
2018-11-14,"TDLでパワハラ事件。
パレードがもう見てらんないね。"
2018-11-20,"三郷 高橋さん、ヤバイ奴だ…
中村商店、ヤバイ奴だ…
ただ段々怖くなって来たので、さすまたを買った。

女性に君付けするのって気持ち悪くね？

一人称にクセがある人
おいら、わし、うちなど。
11℃ 足立区 東京都 日本"
2018-11-21,"三菱UFJ銀行の新しい担当の女の子がフワフワ系女子でした。
13℃ 足立区 東京都 日本"
2018-11-25,"パスタを作ったがしょっぱかった。
水100mlに大さじ1杯入れてしまった。
水1ℓに塩は大さじ1杯と勉強した。"
2018-11-26,"マイクをもってインタビューする時に、相手に向けてまず発言を受けて、えーって言うために、本人にまたマイクを持ってくる滑稽さ。
6℃ 足立区 東京都 日本"
2018-11-27,"「何で雨降ってんのかなぁ」に対して、「言っておいたんですけどねぇ」って返す人。しかもコレ共同作業感がすごい。"
2018-11-30,"バスケ映画、貧弱な体に注目しちゃって、あんま見れない。
7℃ 足立区 東京都 日本"
2018-12-01,"恵比寿からタクシー乗ったら、運転手が78歳の方だった。
そしてチンコの話すげーしてくるー
そして自慢話（ツボの話、医者に導いた話）がすごい！
8℃ 足立区 東京都 日本"
2018-12-07,"お店で洋服とか買うと入り口まで持って来てくれるの何なの？"
2018-12-08,"・masa’s kitchen
・とんちゃん（韓国料理）
・カラオケ ビッグエコー
かな"
2018-12-09,"料理した。
・カレーうどん
・シーチキンの餃子的なやつ。
もっとパリパリにすればよかったかな。
小麦粉かけすぎた。
5℃ 足立区 東京都 日本"
2018-12-10,"韓国料理
キラーカーンのお店
カラオケ
withまゆこちゃん
かなあかりまゆこ"
2018-12-11,"「あなたが人生で大切にしている答えは何ですか？」って質問に、「多様性」って答えた後、社長が「俺は感謝と謙虚さだな」って言ってて、何か俺がダメなやつみたいな空気になった。
8℃ 足立区 東京都 日本"
2018-12-13,"ボヘミアンラプソディーがいいと周りのみんなが大合唱している
5℃ 足立区 東京都 日本"
2018-12-14,"扇大橋にあった街灯の上に針がたくさん立っていた。おそらく、鳩とか鳥が止まってフンをしてしまうからだと思う。
それに対してあぁそうゆうことかーって思ったけど、最近その針が無くなってた。
多分、動物保護団体からの申し出があったのかなー。それで撤去されちゃったかなー。
9℃ 足立区 東京都 日本"
2018-12-17,"麻布十番のカフェ
映画
ガーデンプレイスのワインBAR

彩乃の話は不思議な話。
面白そうではある。
かな
7℃ 渋谷区 東京都 日本"
2018-12-19,"鳥敏
居酒屋
カラオケ

りょうが寒空の下、Tシャツ一枚で待ってたのは笑ったなー
かなあかりりょう"
2018-12-20,"宮崎県でコブクロが載った広報誌（無料）がメルカリで売られてて、それがまるで悪いことのように放送されてて、なんだかなーって思った。

洋服屋で「自分も持ってます」って、アレなんだろう。

居酒屋とかで、店員の名札にあだ名を書いちゃうやつなんなの。
8℃ 足立区 東京都 日本"
2018-12-22,"熱がでた
恐らく胃腸炎だと思われる"
2018-12-24,"◾️話のネタ
・カラス立ち入り禁止の張り紙の話

・ガラスの板をベロベロ舐めるAV

・恋愛体質って！

・口元と食べ物を見せて、食べる音を聴かせる動画

・女子で後ろ髪に手を入れて踊る感じが見て
て恥ずかしい

・研修の時にプレゼンのサブタイタイトルに、Let’s all work together as a teamって入れたら褒められて、それをLINEのアイコンにしちゃうやつ

・ラガーマンがお酒の席での「バッファロー」って言う話
左手で飲む、親指の距離

・例えばお店に行って、お店の回転率とかを計算しだす人、嫌い。
言わなければいいのに。言うことで、自分、いつも仕事の事考えてます！アピールがすごい！

・「こうゆう人に限って」って言う人

・ホテルの朝食バイキングの感じが嫌い
→全員ほぼ寝起きで髪ボサボサ、顔はむくんでる、着てる物はラフで何か掃き溜めのような感じがする

・何かを紹介した時に、横の人が手をヒラヒラさせるの古い気がする
・手でモザイクする人古い
→若槻千夏がやってた

・美容院とかに行って気づかない男
→美容院に行く前が20点で行った後で100点になったら、俺も気づく。でもいつも100点だから気づかない

・相槌なメチャ早い人
→もう、話聞いてないどころじゃなく追い越しちゃってるし！

・ギャラ飲み女子
→もう気楽に女の子と飲めない

・女子の会話
→女子3人組が話してた
   一人が海に行きたーいって話からのダイエットの話

・銃口ワード
・つまらない話でゴメンね
→その話でつまらなかったら次、俺が話しにくいわ！

・つまらない料理の会話を止める技
→Amazon
・私なんて全然モテないし
・俺なんかクソだからさー
→クソだとしたら最高の肥料じゃないですか

・俺、絶対◯◯さんに嫌われてる
→それってガンジーが人をボコボコにするレベルですよ

・ごめん、待った？
→待ったよ、待ってる間に考えたよ。どんだけカワイイ格好で来るかって。超えて来たね〜

・俺なんてどうせ必要とされてないんだよ
→信玄餅みたいで、あなたがモチで僕がきな粉です。
知ってます？信玄餅の正式な食べ方…

・弁当まずいけど大丈夫？
→まずいよ！嘘だよ、美味しいよ。

・いくつに見える
→何が正解？まずはその人の外見を見る

・最近忙しいでしょ？
→そんな事ないですよ。しかない
→今がんばらないとなんですよ。

・最近ハマってることは？
・AKBで誰が好き？
・休みの日は何してるの？
・SとMどっち？
→「がさつ」ですべてが許されると思ってる
・無人島に行く時何持って行く？
・好きなタイプは？

・食べ物の感想
→甘い、トロける、肉みたいですね、甘過ぎない、

・電車の中でのカルビーのCM
→優しい気持ちになれた

・妹のツムツムの話

・イボキン前田君の話

・コンビニで暗算でお釣り出す店員

・ハンパないって普通に言ったら、何か微妙な空気になった

・携帯のスクリーンショット、キャプチャー
→時間が出るのが恥ずかしい
すぐに出さないと温めてたのかも思われる

・iPhone XのCMで、Face IDのやつ。
→演出です。みたいな文字。
すごいオシャレなのに興ざめです。

・両手を合わせていただきます。
→和食、一歩引いて中華もわかる
→イタリアンやフレンチでやる人、そうやってる自分に酔ってる感がすごい

・ミサワホームの営業担当から電話
→リストから削除しますねー
→何か違くない？

・電子契約書の営業の人
→その場で上司に電話してた
→何かすごくない？

・商工中金の課長
→愚痴がすごい

・ラブホテルの「休憩」
→休憩してる人いる？？


・銀座線、満員電費で虎ノ門でたくさん降りた後の女性2人組が固まってた

・山手線の占いの本の広告
→牡牛座だけが、「たぶん」変身の時って書いてあった。占いで「たぶん」って使っちゃダメでしょー

・帰りの電車で前に立ってた２人組の女性の話
→会話が敬語どうしだった。
話が全然つまらなかった。例えば、嵐がどうとか、松坂桃李がどうとか。
で、最後の別れ際が「バイビー」って古いし、そこはタメ口？

・「良かった話」はつまらない

・本の帯に「高校生が読みたい文庫No.1」
→「読みたい」って事は読んでないって事なのにNo.1って意味がわからない

・手紙の話。キレイな字＝読みやすい字？
→自分にはもうキレイな字はかけないから、読みやすい字を書きたい。

・天気予報で○○年ぶりってゆう表現が気になる。

・ショートケーキの日の話
→毎月22日。なぜなら、その上が必ず15日だから。

・カニの日の話
→6/22。「か」が、ひらがなの6番目。「に」が22番目。夏にも食べて欲しい。そして6/22がカニ座が始まる日。

・好きな物が一緒の人よりも、嫌いな物が一緒の人の方が長続きする傾向にある。
→その人が浮き彫りになる

・立ち位置の話
→右が正義で、左側悪"
2018-12-25,"自分で付けたテレビに自分でビックリした。情けない…

焼き鳥屋のカウンターに座ってて、店長らしき人に「何か面白い事ない」って聞く無茶ブリ。
6℃ 足立区 東京都 日本"
2018-12-26,"営業の電話で独特の話し方をする人にイラつく。カタカタの話し方がイラつく。真似するのもイラつく。
あり、がとう、ございます。みたいな。

三菱UFJ銀行の若い女の子がイマドキでした。
4℃ 足立区 東京都 日本"
2018-12-27,"リクナビの営業が何かイラついた。
お前の居酒屋時代の話聞いてないって！！

小島瑠璃子がカワイイって言うの男しかいない説。
7℃ 足立区 東京都 日本"
2018-12-28,"三井住友銀行の女の子（25歳）のコリドー街と相席屋の話。
4℃ 足立区 東京都 日本"
2018-12-29,"Lienが有吉の散歩番組に出てるー
同じ物食べてるー。シフォンケーキみたいなやつ。

奥村組のCMで、新入社員っぽい女の子が上司らしき人に「何作ってるかわかるか？」って、聞かれて「建物作ってる？」って答えたら、「違う。人の未来を作ってるんだ」って答えてて、そうゆう風に答える人引くわー
7℃ 足立区 東京都 日本"
2018-12-30,"◾️話のネタ
◦「つまらない話でごめんね」
▶「その話がつまらなかったら、世の中の話、全部つまらないよ」

◦「ごめん、待った？」
▶「待ったよ！
待ったから、どんなカワイイ格好してくるか、ハードル上がっちゃったよ？
でも、そのハードル超えて来たね〜」

◦「今日飲みに行かない？」
▶「行かないです。だって、先輩の事嫌いですから。
ウソですよ〜」

◦「俺なんて誰にも尊敬されてないだろ？」

◦「弁当まずいけど、大丈夫？」
▷「ホントにまずかったら承知しないよ？まずいよ！ウソだよおいしいよ。」

◦オシャレしてる女性に対して、「気合入ってるね」って言う
▶️「かわいいね」でいいじゃん？

⚪︎幽霊は嫌いだが、パワースポットからパワーをもらいたがる

・君は水曜日だけカワイイの？
   それとも毎日カワイイの？

・痛くなかった？天国から落ちてきて。

・今頃天国じゃ大騒ぎだよ。
    君という天使がいなくなって。

・北海道での北山さんの話
    →評論家タイプですよね？
    →うんちく野郎

・きたっちの話
    →コンプレックスから救ってくれた尊敬してる先輩
    →LINEでよくわかんないスタンプを使うようになって、ガッカリ
でも失望しない。

・川村さんの話
    →挙式でるよね？ブラボー

・ISOの話
   →目の前でガソリンを捨てられた

・LINEの話
   →知らない人からゲームの誘いが来る

・ボーイングのHJKとIがない理由は？
   →見間違えるから

・錦織圭が、契約してるマットレスのCM発
表会での話
   →毎日9時間寝てる。寝るのも仕事です
  →何でも仕事は嫌です。

・「うぃっす」を国語辞典にのせる
  →「私ってブスだからさー」
      「私って友達いないじゃん？」
       LINEの終わり

・気がちっちゃい話
  →おつりがなくて帰る

・ディグラム診断

・ユニフォームのお礼の件

・渡邉さんとの新幹線の話
→お酒をたくさん買ってくれる

・人の気持ちがわからないの話
共感力がないと言われた

・男の選び方 薬指の話

・もんじゃにコーンポタージュ味を入れようとした話

・ヘルペスの話

・海外の貧困の子供10000人以上いると募金を募ってた話

・スピードのマイグラジュエーション

・洋服の話 流行り廃りの話
   人にアドバイスなんてできない。

・ハロウィンが好きじゃない
   ハロウィンの市場規模が1200億円
   バレンタインデーが1250億円
   ハロウィンのゴミ拾いが関係ない人

・等価交換

・黒川さんの話
    嫉妬がすごい

・薄ら寒い話
   →私おばさんだからさー

・別所哲也のラジオの話
　→プレイフォーパリの著名人のコメント一回英語でしゃべってから、日本語訳する
   →始めから日本語でよくない？

・リンカーンの名言SNSで発言する人

・プレイフォーパリの話
    アマゾン、Facebookでの話

・完全数の話
    ○○○がわかる私って…

・すっぴん写真を投稿するけど、照明がすごい。

・帰国子女って言うと、「英語しゃべ
    ってみて」と言われる。
    地方出身だと「方言でしゃべっ
    みて」と言われる

・「それはノーコメントでー」と言う
      女との会話は100%盛り上がらな
     い。
      言われた瞬間、そっちが何となく
      立場が上になる。
      こっちはそこまで興味はない。

・プレミア12を「ぷれみあじゅうに」
   って言っちゃう。フォーエバー21を「ふぉーえばーにじゅういち」って言
    っちゃう。みたいな。"
2018-12-31,"東京ドームシティに行った。
ジャニーズのカウントダウンライブのために女の人がすげーいっぱいいた。

お化け屋敷で怖すぎたのか蓉が吐いた。
7℃ 足立区 東京都 日本"
2019-01-01,"元日
◼︎ギャラ飲み女子
もう気楽に女の子と飲めないよね
◼︎食レポ
甘い、とろける、ふわふわ、もっちり、そればっかり！！"
2019-01-02,"りんかが熱にうなされたのか、一点を見て止まった。10秒後ぐらいにビクっとして、怖い怖いと言い出した。逆に俺が怖いし。
6℃ 足立区 東京都 日本"
2019-01-03,"・ズッカのパンツ：21,000円
・ジャーナルスタンダードのセーター：4,000円"
2019-01-05,"新年会で最後に空気読まないで、熱いこと喋っちゃう人になんか違和感。

「お客様、よくお似合いですよ。実は私もそれ持ってるんですよ」より「お客様、よくお似合いですよ。実は私も試着してみたんですけど、全然似合わなくて、泣く泣く断念したんですよ。」の方が購買意欲をそそろられる。
足立区 東京都 日本"
2019-01-08,"溶連菌になりました。
足立区 東京都 日本"
2019-01-09,"りんかが新体操で上唇をケガしたらしく、先生に「ふざけてるからケガした」と言われたらしいが、ふざけてないと言うのがりんかの主張。それでもう新体操を辞めたいと言い出した。
5℃ 足立区 東京都 日本"
2019-01-10,"HERO2を見た。
北川景子が最高に可愛いい！

NGT48の子が男2人に襲撃された話。
実はメンバーがその子の自宅や帰宅時間を教えたとのうわさ。
闇が深くて怖いねー。
5℃ 足立区 東京都 日本"
2019-01-11,"◼︎細かい言葉が気になる
例えば「銅」と「どう？」みたいな。"
2019-01-12,"◼︎普通に「ハンパない」って言ったら、微妙な空気になって、失敗したって思った。

◼︎三角褒め
「◯◯さんが、あなたのこと褒めてた」
◼︎別れ際のプラスアルファ
「お茶美味しかったです」みたいな
3℃ 足立区 東京都 日本"
2019-01-13,"◼︎「恐れ入ります」と普通に使える人ってスゴイと思う

◼︎子供の名前で「ぼーろん」！！
ヤバイね。
6℃ 荒川区 東京都 日本"
2019-01-15,"蓮がインフルA型。
りんかは熱が出ただけらしいけど、インフルの疑いがあるなー
8℃ 足立区 東京都 日本"
2019-01-16,"カレーのルーが冷たくて、ご飯だけあったかいカレーライスに衝撃！
10℃ 足立区 東京都 日本"
2019-01-20,"LOLサプライズ！とゆうのな流行ってるらしく、どこも品切れ状態らしい。
そして池袋西武に1つあって買ってもらった。やはり池袋西武は穴場だ。

岩藤から結婚するとの連絡があった。
以前から付き合ってた彼らしくて、よかった。こじらせ女子が一人卒業した。"
2019-01-21,"ホテルオークラのサツキってゆう有名なケーキ屋のショートケーキを食べた。
ヴィタメールショートケーキの方が美味しかったなー。
4℃ 足立区 東京都 日本"
2019-01-22,"丸亀製麺で鴨ネギうどんとカツ丼小を食べたんだけど、もう食べられないね。

手でモザイクする人、古いよねー
3℃ 足立区 東京都 日本"
2019-01-31,"石井さんが電話が行き違いになる事を「黒ヤギさんになっちゃった」って言うのが軽くゾッとする。
10℃ 足立区 東京都 日本"
2019-02-01,"坂上忍が嫌い
佐藤仁美が出てて、
「こうゆう人に限って」って言ってるけど、意味わかんない。
何その上から目線。
2℃ 足立区 東京都 日本"
2019-02-03,"何年かぶりにディズニーランドに行った。
スプラッシュマウンテンの最後のところでつまるのがボトルネックで、そこを解消できると混雑も解消できるって言っちゃう人嫌い。言わなくもいいじゃん？何かいつも仕事の事考えてますアピールがすごい。

またランニングを始めた
11℃ 足立区 東京都 日本"
2019-02-05,"土浦で古紙の写真を撮る"
2019-02-07,"健康診断だった。
去年と比べて、
体重が+2キロ
腹囲がプラス3センチ
去年が良すぎたんじゃないかなと。

無愛想
たこ焼きバー
カラオケ
6℃ 台東区 東京都 日本"
2019-02-08,"岩舘さんが亡くなったらしい。
すい臓がん。まだ50歳ぐらいだったのに。
8℃ 足立区 東京都 日本"
2019-02-09,"もうね、蓮とあやこのケンカがひどい。
見てられないよね。

久しぶりに雪的なものが降った、
1℃ 足立区 東京都 日本"
2019-02-10,"筋トレ始めた
10回でワークアウトするぐらいの負荷って慣れて来た時にはどうするのでしょうか。
6℃ 足立区 東京都 日本"
2019-02-13,"三郷で火事。
大きな火事で、目の前目炎が上がると絶望的な気持ちになった。"
2019-02-15,"もう三郷生活疲れたなー
5℃ 足立区 東京都 日本"
2019-02-17,"蓮と蓉の携帯を買った。
ワイモバイル。
11℃ 足立区 東京都 日本"
2019-02-19,"三郷も少し落ち着いてきた。
明日は朝から本社で三郷に行くことはないでしょう。
11℃ 足立区 東京都 日本"
2019-02-22,"社長と銀行に三郷の火災についてお詫びと現状報告を行った"
2019-02-24,"20後半ぐらいの女性が電車から降りる時にメッチャ急いでたのに、エスカレーターは止まって乗ってた。
いいんだけど、改札出る時、タッチできないぐらい急いでたのに…

舎人公園走ってたら、今日はほとんど人がいなかった。フラッシュモブが始まるかと思った。
8℃ 荒川区 東京都 日本"
2019-02-25,"ローソンのむらおかさん。
名札の写真と実物（恐らくスッピン）が違いすぎて、よく面接受かったなって感じでした。
17℃ 足立区 東京都 日本"
2019-02-26,"お店でレジの人と話す時に声を少し高めで話しちゃう。電話のように。
言った瞬間気持ち悪いって思って、次は低くして、思った以上に低くて自分のバランス感覚の無さに失望する。

山手線のホームのアナウンスで、「外周りご案内があります」って先輩っぽい人がアナウンスしてた。それを受けて「承知です」って返してた。
つまり、言われなくてもわかってるよ！って事なのか？
12℃ 新宿区 東京都 日本"
2019-02-27,"電車の座席、冬は自動で暖かくなってる。
おじさん（俺もおじさんだけど）が座った後に座って、暖かいと何となくアレな気分になる。
逆に自分が座ってた所に若い女性が座ると申し訳ない気持ちになる。
9℃ 千代田区 東京都 日本"
2019-02-28,"確定申告に行かなくちゃ！
自転車買わないとなー
自転車じゃないと西新井税務署に行けないなー
8℃ 足立区 東京都 日本"
2019-03-01,"ローソンでお昼に買った海老カツバーガーを食べた。
あまり美味しくなかった上に、お腹が痛い…。悲しい結果となりました。"
2019-03-02,"建石さんと2人しか事務所にいなくて、別に変な意味じゃなくて、働いてくれればいいですよって意味で「体で払ってもらえればいいですよ」って言ったら、「それセクハラになりますよ。私はもう、おばさんだから気にしないですけど」って指摘されて、しまった！！って本当に思って、今でもたまに思い出して後悔する。
12℃ 足立区 東京都 日本"
2019-03-03,"朝走ってたら、通りすがりの丸っこい女性にニコやかに微笑みかけられた。
ランニングする人は、山登りの人のように挨拶する習慣があるのか。
7℃ 足立区 東京都 日本"
2019-03-04,"戸張さんの土壌調査に立ち会う。
何か兄嫁は神経質そうな感じだったなー。
兄が持ってきたMA1の色落ちは今回の火災と関係ないでしょー！
プラのお盆も関係ないようだ。当たり前だって！熱は来てないんだから。
10℃ 足立区 東京都 日本"
2019-03-05,"もう丸亀製麺のかき揚げは卒業しよう。気持ちが悪くなった…
14℃ 足立区 東京都 日本"
2019-03-06,"実際にMacでプログラミングを始めた。
プログラミング自体は本を見て作れたけど、Macの使い方がわからず悪戦苦闘した。
Macファンとか読んで勉強しなければ。
14℃ 足立区 東京都 日本"
2019-03-07,"お昼に餃子の王将で、チャーハンセットを食べた。
ミニラーメンもチャーハンも美味しい。
これは週3で食べられる

さすがコンサルだと思った。
物事を分解してくれて、簡単にしてくれた。そうゆう風にまとめられるようになりたいな。
10℃ 三郷市 埼玉県 日本"
2019-03-08,"燃え殻分析の結果が来て、とりあえず異常値は出なかった（ダイオキシンはあと1週間ぐらいかかるが）
とりあえず第一関門は突破した。
11℃ 足立区 東京都 日本"
2019-03-09,"英語が読めるようになりたいと思い立ち、英語のニュースアプリをダウンロード。とりあえず3ヶ月続けてみたいと思う。

14℃ 足立区 東京都 日本"
2019-03-10,"りんかと一緒に朝舎人公園を2周走った。
りんかが転んで膝をすりむいた。
朝走るのは気持ちいいけど、その後の体のダルさが気になる。
17℃ 豊島区 東京都 日本"
2019-03-11,"東日本大震災から8年。
「黙祷なう」って言葉が流行っているようだ。
なかなかポップな感じで、それはそれでアリなのかなって思う。
それに憤ってる人は関係ない人が多いのではないか。
あとあまり地震と関係が希薄な人が寄ってたかって「黙祷」って言うの、ポーズっぽくて嫌な気持ちになる。
一人でやればいいのに。
17℃ 足立区 東京都 日本"
2019-03-12,"三郷の現場行きを命じられた。
頑張るよー

接客業は受け流す力が必要
全部聞いてたら精神まいる
だから、コールセンターの人たちもメンタル強いと思う
14℃ 足立区 東京都 日本"
2019-03-13,"毎日30分を続ける。
何か大きな事ができるようになるかな。

吉田さんに子供の誕生祝いを送った。
15日着らしい。
17℃ 足立区 東京都 日本"
2019-03-14,"また、中村さんが三郷に来たらしい。
もう面白くなってきた。
本社に来たら警察を呼ぶつもり。
むしろ警察呼びたい。
13℃ 足立区 東京都 日本"
2019-03-15,"前の30〜40代の女性に着信があって、その表示名が「能無し」って設定されてた。
恐らく会社の上司的な人なんだろうけど、怖いねー
12℃ 足立区 東京都 日本"
2019-03-16,"特筆すべき事はないけど、土浦のバイトさんに締め日の変更を依頼してきた。
何となく聞き分けが良い人ばかりで良かった。
10℃ 足立区 東京都 日本"
2019-03-17,"舎人公園で神輿を担ぐお祭りをやっていた。
その中で明らかに怖そうな人の携帯を、若い人がそこ人にぶつかって、その人の携帯を落としてしまった。
一旦その場から離れたが、見つかってしまったのだろう。
「落としてから全然反応しないけど、どうしてくれるの？」って詰め寄られてた。
若い人も楽しかっただろうに、最悪の気持ちになっただろなー。
15℃ 足立区 東京都 日本"
2019-03-18,"来年度の予算を作り始めた。
明日の俺、頑張れ！
12℃ 足立区 東京都 日本"
2019-03-19,"足立成和銀行の新しい担当者。
道端で大きな声で話してくるから、聞こえないからと思って大きな声で話したら、「そんな大きな声で大丈夫ですか？」って半笑いで言ってきた。
お前のせいだろー！！
14℃ 足立区 東京都 日本"
2019-03-20,"プログラミングをやってみたけど、全然動かなくてガッカリした。
また一からやり直そう…
16℃ 足立区 東京都 日本"
2019-03-21,"春分の日
今日は朝から三郷で火事での行政対応の打ち合わせを行った。
北山さんのキョどる気持ちもわかる。
その肩に会社の命運が乗っかるから。
ただ、俺が明日の行政対応に行っても何の力にもなれないと思うんだけど…。
21℃ 足立区 東京都 日本"
2019-03-22,"昨日イチローが引退した。
概念を覆しつづけ、記録にも記憶にも残った選手。
ずっと見てたので、寂しいね。
アメリカで256本ヒットを打った時には感動したなー。

今日から俺以外の家族がグアムに行った。
17℃ 足立区 東京都 日本"
2019-03-23,"急に寒くなってビビる。
家に1日いる。
やる事が多過ぎて時間がないー
7℃ 足立区 東京都 日本"
2019-03-24,"一人暮らしの彼氏の家に来て、洗濯とかされると引くよね。

久しぶりに中国人袖やってる人がいて、しかも大人の女性。明るい人なんだろうなー

黒いマスクしてるひと、信用できない

携帯をスピーカーで話してる人、何だろう
2℃ 足立区 東京都 日本"
2019-03-25,"途中で何か猛烈に焦った気持ちになった。
何だったのだろう。
そのような感情になった理由を見極めていきたい。
15℃ 足立区 東京都 日本"
2019-03-26,"Twitterのダヴィンチの投稿で「孤独が男を変える」とゆう本を紹介していた。
ちょっと面白そうで、Amazonで評価でも見ようと思ったら、男尊女卑の本だ！って叩かれてて笑った。
11℃ 足立区 東京都 日本"
2019-03-28,"昨日からの行政報告用の資料がとりあえず完成した。
あとはどれだけ理論武装するかだと思う。
17℃ 足立区 東京都 日本"
2019-03-29,"行政報告。
重い処分にはならないと思いますよ。との発言だった。
重い処分って何だろう？？"
2019-03-30,"今日、寒いよね。花見はできない寒さです。
春なのに。桜が散りにくくなるからそれはそれでいいのか。
10℃ 足立区 東京都 日本"
2019-03-31,"GRIDを読み始めた。
しんちゃんも大絶賛してて、全世界でかなり売れている本。
久しぶりにドキドキする本だ。
16℃ 足立区 東京都 日本"
2019-04-01,"今日から三郷で現場作業。
ずっと立ってると疲れるね。
10℃ 足立区 東京都 日本"
2019-04-02,"三郷のバラし場のスペースを作った。
山崎さん、山上さん、酒井さんとやった。
特に山上さんはみずから率先して動いてくれた。意外。
明日は違うとこを片付けよう。
7℃ 足立区 東京都 日本"
2019-04-03,"ソフトプレス場を整理整頓した。
片付けるには捨てるしかない。

大須賀さんが60歳で辞めるつもりかもしれないとの噂があった。
9℃ 足立区 東京都 日本"
2019-04-04,"安全会議を行った。
消化器が役に立たないってのは斬新な意見だった。
14℃ 足立区 東京都 日本"
2019-04-05,"メガネ
街乗り用自転車
ブルートゥースイヤホン
高校生
細めの体系
手放し運転
→恐らく自分に酔ってる
21℃ 足立区 東京都 日本"
2019-04-06,"蓮のせいでトイレが詰まった。
自力では無理なので業者を呼んだら、強いポンプで作業してもらうどけで、25,000円ぐらいかかった。
結構するよねって思うと同時に、コレはいい商売だなって思った。
15℃ 足立区 東京都 日本"
2019-04-07,"大きめの公園で名もなき歌手？が歌ってて、手拍子をせがむでいるのを見た時、何とも言えない気持ちになる。
そして「さぁご一緒に！」って言って、ミリオンヒット並のあおりをするの、何とも言えない気持ちになる。

祭の場内放送で迷子の大人の案内があった。まだマイクが入ってたのか「ちょっと痴呆気味で…」って言葉が入ってた。
何だかせつなくなった。
21℃ 足立区 東京都 日本"
2019-04-08,"東北のラジオCM。
青森：モリモリ青森←わかる
岩手：ワイワイ岩手←まぁわかる
秋田：キタキタ秋田←まぁわかる
福島：フクフク福島←ギリギリ己を殴って納得させるレベル
宮城：ミヤミヤ宮城←？？

ビックカメラカメラの店員「平松」さんの話。
9℃ 豊島区 東京都 日本"
2019-04-09,"りんさんから電話があって驚いたー
思わず携帯落とした…
13℃ 足立区 東京都 日本"
2019-04-10,"一緒にドライブに行きたい有名人ってゆう謎のランキング"
2019-04-11,"酒井さんがピッキングのBGMが歌なしのメロディーだけだった。
その人の趣味があるから何とも言えないけど、調子狂うよね。
12℃ 足立区 東京都 日本"
2019-04-12,"予約: ARMONICO(ARMONICO
東京都 渋谷区 代官山町12-16 シンフォニー代官山 102):確認番号: PNKV7AVFR8


電話: 03-6416-0963
フリープロボクサーとゆうよくわからない職業
11℃ 足立区 東京都 日本"
2019-04-13,"蓮をずっと怒りつづける体力すごいなと思う。
13℃ 足立区 東京都 日本"
2019-04-14,"ラジオと声優は相性がいいんだろうけど、声優とゆう職業のせいなのか、すべてが演技に聞こえる。
何か面白そうじゃないよね。
18℃ 足立区 東京都 日本"
2019-04-16,"りんさんは面白かったなー
あかぬぬぬも面白かったなー"
2019-04-17,"嫁を抱く"
2019-04-19,"アレジオンを辞めたら、花粉症がひどくて頭が痛い。
19℃ 足立区 東京都 日本"
2019-04-20,"原宿でゴリゴリのロリータの女の子がいた。でも、電車で決して手すりに捕まらず、高いヒールでプルプルしてた。
手すりとかに掴まれない潔癖症なのかな。"
2019-04-21,"テレビ朝日の弘中アナが、オードリーのラジオに出てた。
何と言うか、自由とゆうか素直ってゆうかな方なんだなって思った。
18℃ 足立区 東京都 日本"
2019-04-22,"期末賞与一万円を渡す
21℃ 足立区 東京都 日本"
2019-04-23,"家の前の花壇の角に、膝をガーン！！ってやって、ドーンって来て、メチャ痛い。
19℃ 足立区 東京都 日本"
2019-04-24,"コマニーに行った
コツが必要で、経験しかないなって感じでした。
19℃ 足立区 東京都 日本"
2019-04-25,"小出監督がお亡くなりになられた。
22℃ 足立区 東京都 日本"
2019-04-26,"オデッセイの点検に行った。"
2019-04-27,"終日蓮の勉強を見てた。
10℃ 足立区 東京都 日本"
2019-04-28,"世界のどこでも通用する人材の条件ってゆう本を車内でカバーかけてないで読んでる40〜50過ぎぐらいの女の人。
その人が世界のどこでも通用する人になりたいのだとしたら、なかなかの心の強さで恐らくこの人は世界に通用するだろう！
18℃ 北区 東京都 日本"
2019-04-29,"昭和の日
ようが美園イオンで吐いた。
それからずっと寝てる。
体調悪いんだねー
16℃ 足立区 東京都 日本"
2019-04-30,"国民の休日 
池袋にりんかと行って、ISPで行列のタピオカを買った。
美味しかったらしい。
17℃ 足立区 東京都 日本"
2019-05-01,"天皇の即位の日
蓮の国語の出来なさぶりに驚いた。
毎日音読することで改善できれば。

23:00からやってるTOKIOの番組で「23時の女」ってゆう企画が面白い。
哀愁があって、みんなそれぞれ悩みがあって切なくていい感じだった。
この日は3角関係で悩んでるってゆう、女の子の話。飲み会で知り合って、向こうから告白されて付き合って3日の女の子で、松岡の視点が面白かった。
その友達が好きだったから好きになったんじゃない？
18℃ 足立区 東京都 日本"
2019-05-02,"国民の休日
まりこちゃん、てっちゃん
まきちゃん一家
いくえちゃん一家と
群馬県でキャンプに行った。
子供達は楽しそうだった。
ただ、個人的にはイマイチだなと。
やはり家が一番ですね。"
2019-05-03,"憲法記念日
キャンプ2日目
テントは防災用で持ってるのもいいなと思った。
まりこちゃんが遂に入籍したらしい。
幸せになってほしい。
20℃ 足立区 東京都 日本"
2019-05-04,"みどりの日
体重が68.8kgになってたー
2〜3年前も69kg超えてたなー
確か沖縄行った時だったなー
体重落とそう！
17℃ 足立区 東京都 日本"
2019-05-05,"こどもの日
キャンプ用品を揃え出した。
今日買った物
・お皿×5（キャプテンスタック）
・お鍋とかセット（ユニフレーム）
24℃ 足立区 東京都 日本"
2019-05-06,"振替休日
何かの映画に「米津玄師、主題歌決定」って書いてあったんだけど、映画の主題歌が米津玄師だから、その映画見よう！ってなるかな。
22℃ 足立区 東京都 日本"
2019-05-07,"りんかが運動会のリレーの選手に選ばれたとのこと。
これで、蓮、よう、りんかが揃って選ばれたようだ。
でも、結婚式で見に行けないけどね。
16℃ 足立区 東京都 日本"
2019-05-08,"チャンピオンズリーグでバルサが負けた…。
俺の今シーズンも終わった。
朝4時から見てたのに…
全然やる気が出ない。

「しつけ」ではなく「おしつけ」です。みたいな何か上手いこと言ってる風なのが鼻に付く。
11℃ 足立区 東京都 日本"
2019-05-09,"システム分科会だった。
久しぶりに吐いたなー"
2019-05-10,"システム分科会2日目
タメになる話ばかりでした。"
2019-05-11,"ひどく眠い一日で、とにかく寝てたなー
22℃ 足立区 東京都 日本"
2019-05-12,"スノーピークのアメニティドームがよかったけど、よかったけど、2ルームテントも捨てがたい。
迷うところだ。
22℃ 足立区 東京都 日本"
2019-05-13,"三郷営業所って打ちたいのに、美里と誤変換されて昔の事を思い出す。
何か恥ずかしい…
21℃ 足立区 東京都 日本"
2019-05-15,"三菱UFJ銀行 中島さんに完璧です。と褒められた。
嬉しいとゆう気持ちがあったことにビックリした。
17℃ 足立区 東京都 日本"
2019-05-16,"終日三郷で作業。
蓮が学校と塾に遅刻したらしい。

カラス立ち入り禁止の張り紙
20℃ 足立区 東京都 日本"
2019-05-17,"あだちせいわの橘さんは使えない人な気がしてきた。"
2019-05-18,"えりこちゃんとゆりさんが来るとか来ないとか。
23℃ 足立区 東京都 日本"
2019-05-19,"二日酔いでずっと死んでた"
2019-05-20,"親父が死んだ時の香典袋に書かれた母さんの文字。狂気が垣間見えた瞬間だったなー
18℃ 川口市 埼玉県 日本"
2019-05-21,"隠れミッキーを探す女
先に保険をかける女
19℃ 足立区 東京都 日本"
2019-05-22,"暑くなってきたせいか、何か頭痛いなー
23℃ 足立区 東京都 日本"
2019-05-23,"廃棄証明書を作ってみた。
24℃ 三郷市 埼玉県 日本"
2019-05-24,"蕎麦屋に行って、つゆが入ってないただのビン？をもらった。
26℃ 足立区 東京都 日本"
2019-05-25,"岩藤の結婚式

トイレで社会の窓ではなく、ベルトから外す人何なんだろう？それほどデカイのか。
30℃ さいたま市西区 埼玉県 日本"
2019-05-26,"ドレスにApple Watchつけてる人、何かいい印象だったなー

コンフィデンスjp見たけど、長澤まさみカワイイよね
23℃ 足立区 東京都 日本"
2019-05-28,"ゆうまくん、りょうさん、てっちゃんの影響で高速を走ってたハマーがカッコイイと思ってしまった。"
2019-05-29,"韓国に誘われたけど、完全に安心しきってるな。
19℃ 足立区 東京都 日本"
2019-05-30,"Roseの会議めんどくさくてサボる。
25℃ 足立区 東京都 日本"
2019-05-31,"蓉と絢子がうるさ過ぎる
22℃ 足立区 東京都 日本"
2019-06-01,"所長として初日だった。
とまどいも不安も焦りもあるけど、出来ること、やるべき事をやるだけ。
21℃ 足立区 東京都 日本"
2019-06-02,"やはり走ると膝が痛い。
筋肉不足なのかなー
スクワットがいいんだろうなー
24℃ 足立区 東京都 日本"
2019-06-03,"三郷のヘルメット問題。
何かどうでもいいなー
22℃ 足立区 東京都 日本"
2019-06-04,"提案や意見に対してはメリット•デメリットを考える。
それと最後は信念。
22℃ 足立区 東京都 日本"
2019-06-05,"ジャスト 吉田さんのようには絶対にならない。
22℃ 足立区 東京都 日本"
2019-06-06,"本社に1日いた。楽だったなー
27℃ 足立区 東京都 日本"
2019-06-07,"30過ぎて初体験って少なくなってきている"
2019-06-08,"仕事が忙しいなー
スクラップ巡りをしなければ
21℃ 足立区 東京都 日本"
2019-06-09,"健康のためか、後ろ向きでずっと歩く人たち。邪魔くさいなー

久しぶりに無駄な炭水化物を食べた
全然美味しくなかったなー
17℃ 足立区 東京都 日本"
2019-06-10,"蓮の組み分けテストの結果がひどかった。
なかなかだねー
15℃ 足立区 東京都 日本"
2019-06-11,"ANAの仕事を貰った
佐々木さん、結構早口だねー
「正直」が口癖なんだねー

女を代表して発言する人、バカだよね
17℃ 足立区 東京都 日本"
2019-06-12,"布施製作所
中山商会
ケイエム環境
丸新
中村商店

19℃ 足立区 東京都 日本"
2019-06-13,"タンクをバラしたら粉がいっぱい。
開けちゃいけないものを開けてしまったなー
21℃ 足立区 東京都 日本"
2019-06-14,"久しぶりに本社に来たら何もすることなかったなー
22℃ 足立区 東京都 日本"
2019-06-15,"すき家に地団駄踏んで入る女性がいてビックリ
17℃ 草加市 埼玉県 日本"
2019-06-17,"荒井さんが事故を起こした
とりあえず三ヶ月運輸課を下ろして様子を見る
25℃ 足立区 東京都 日本"
2019-06-19,"今日は横森さんがお客さんの荷台に穴を開けた
続くねー
23℃ 足立区 東京都 日本"
2019-06-21,"豊田さんの田中さんへの愚痴が長かったなー
でも話を聞く限りでは確かに酷かったなー
23℃ 足立区 東京都 日本"
2019-06-22,"ほとんど寝てた。
すげー疲れてたのかなー"
2019-06-23,"今日もほとんど寝てた
眠気が止まらない
23℃ 足立区 東京都 日本"
2019-06-24,"怒られることばっかだなー
荒井さんの件
藤井先生の件
20℃ 三郷市 埼玉県 日本"
2019-06-25,"夢を見た。
スピードワゴンの小沢とハワイに行く夢を見た。井戸田の真似を俺がしてた

女性と等距離で階段を降りる時に、階段の数を数えてしまう。あるある
19℃ 足立区 東京都 日本"
2019-06-26,"早く帰ってこい連絡がめんどくさいなー
24℃ 足立区 東京都 日本"
2019-06-27,"ひどい夢を見た
覚醒剤使う集団のメンバーの家に連れて行かれる。この後逃げられない、みたいな不安があり、首輪をつけられてる女性がいたり。強引に起きたよね。

畠山さんの木村さんへのメールで巻き添えにされた。
28℃ 八潮市 埼玉県 日本"
2019-06-28,"佐々木さんと飲みに行った。
純粋に楽しかったなー
22℃ 越谷市 埼玉県 日本"
2019-07-01,"中日ドラゴンズが応援歌としてサウスポー自粛だって。
大変だね
23℃ 足立区 東京都 日本"
2019-07-07,"中日がピンクレディーのサウスポーって曲のの「お前」表現に待ったがかかった。
それならば、「おーい、お茶」も気になる表現だよね
21℃ 足立区 東京都 日本"
2019-07-24,"セブンイレブンのコーヒー
「美味しいコーヒーができました」が気になる。
美味しいなるかどうかはこっちが決めるし！
27℃ つくば市 茨城県 日本"
2019-07-27,"毎週土曜日になると疲れがピークだなー

台貫でミスったー
消すのに本社の承認が必要なんだねー

篠田さんはメチャ早いんだね。
家電ヤードの鍵が必要だなと思った
29℃ 足立区 東京都 日本"
2019-07-28,"ディズニー夢の国っていいながら、ガッツリスポンサーのロゴをアトラクションに入れちゃうやつー"
2019-07-29,"金子さんが「中村さんと一緒に仕事したくない」と言ってきた。何とかしてあげたいな。
27℃ 足立区 東京都 日本"
2019-07-30,"ピッキングの精度を求めるのと、利益を求めるのはどちらが儲かるのかなぁ。
田中先生と協議したい。
28℃ 足立区 東京都 日本"
2019-07-31,"「妹みたい」「弟みたい」って発言、意味わからんし、信用ならんねー

中村さんが精神的に限界らしい。
ピッキングを外れたいとのこと。
精神的にと言われたら外すしかないよね
28℃ 三郷市 埼玉県 日本"
2019-08-01,"浜崎あゆみの自叙伝。興味ないけど、今更感がすごいよね。"
2019-08-02,"オカムラさんに挨拶に行った。
すごい淡白な方達だった。

28℃ 足立区 東京都 日本"
2019-08-03,"建石さんと小島さんが産廃の排出の車両手配を頑張ってくれた。

荒井さんがギロダスの上を一生懸命やってくれてる。
31℃ 三郷市 埼玉県 日本"
2019-08-04,"バーベキューを自分達だけで始めてやってみた。
着火剤が無かったのと、炭が太かったのが反省点かな。
29℃ 足立区 東京都 日本"
2019-08-05,"酒井さんがデカいタンクを積んでる時に転がして成田のトラックの煽りを壊した。
笑いながら報告してきたのが頭にきたなー
29℃ 三郷市 埼玉県 日本"
2019-08-06,"酒井さんの事故に対する緊急KYT
もしかして話を大きくしてしまったのは、自分のせいかもしれない。
あの時の判断が合ってたのか、迷っている"
2019-08-07,"今日は珍しく何もなく穏やかな日だったなー。穏やかって素晴らしい

荒井さんが一生懸命現場をやってくれているみたいで喜ばしい。
人の良いところを見ていきたいなー
28℃ 足立区 東京都 日本"
2019-08-08,"田中先生と一緒に帰ってきた
田中先生と話す時が一番楽になってる

りんさんから食事の誘いがあったけど、2人はその後が厳しいなーって思って返事を保留中。"
2019-08-09,"朝霧さんをピッキングにするのは、やはり事務所から反対があったなー
28℃ 足立区 東京都 日本"
2019-08-10,"山賀さんがユンボのライトを壊したらしい。
事故が続くねー
よくやるなー"
2019-08-11,"山の日

ピッキングラインのテントシートの工事立会いで出勤した。

「人を動かす」を読んだ。
実践したい事がいっぱいだった。
読んでよかった。やってみよう。
27℃ 草加市 埼玉県 日本"
2019-08-12,"振替休日

何が正しいのかわからなくなる。
人がいっぱいいるとめんどくさいなー
31℃ 足立区 東京都 日本"
2019-08-13,"マインドフルネスの本を読んだ。
マインドフルネスの力を証明したいと思う。

両手を握って、顔の横にやる仕草…古いよね。
30℃ 豊島区 東京都 日本"
2019-08-14,"怒らないで、気持ちを整える事を意識する。
のれんになる。
同情ではなく、共感することが大事。
30℃ 足立区 東京都 日本"
2019-08-15,"特に何をしたって日ではなかったけど、台風10号が来ていて、時々すごい雨だったなー
28℃ 足立区 東京都 日本"
2019-08-16,"土浦の飛騨さんが辞めたいと言ってるらしい。
原因は小野さんと君山さんとのこと。
特に君山さんの高圧的な態度と言い方が気になるらしい。
どこも人間関係で揉めるんだなー
28℃ 足立区 東京都 日本"
2019-08-17,"川島さんのISOを見に行ったけど、完璧だったなー

どうして秋田谷さんはヘルメットを被らないのだろう。
都度都度言うしかないね。
29℃ 足立区 東京都 日本"
2019-08-18,"ヤフコメとかで、○○と感じるのは私だけでしょうか？って言う人。
それって逆説的に、私の意見は合ってるよね？って言って欲しい待ちで、何かイラっとする。
33℃ 足立区 東京都 日本"
2019-08-19,"山上さんがお客さんに挨拶してた。
ザ・漢って人が優しく微笑みながら言ってた。
メジャービーナスジャパンに行ったら、スズトク臭がなくなってて、ビックリした。
27℃ 足立区 東京都 日本"
2019-08-21,"合同納涼会に出席。
グダグタのドタバタだったなー

その後佐々木さんとラチィーカに行って、りんさんと、かなこさんと、ひかるさんと飲んだ。"
2019-08-22,"2日酔い気味だったなー
そりゃ前日2時まで飲んでりゃそうなるかー
汗が止まらなかった

トイレに行く時に、まだ便器に到達する前からチンコだして歩いてた。
疲れてるんだなー"
2019-08-23,"声優に人気俳優（今なら、山崎賢人、新田真剣佑とか）とか使う意味ってなんだろう
27℃ 足立区 東京都 日本"
2019-08-24,"北山さんに、曜日を間違った話をしたら、予想してたリアクションとは全然違くてビックリした。
24℃ 川口市 埼玉県 日本"
2019-08-25,"過疎って言葉のイメージが悪いから、名前を変更するんだってさ。
名前変えただけで、本質変えない失敗アルアルだけど、成功する場合もあるんだろうなー
26℃ 足立区 東京都 日本"
2019-08-26,"痔になっちゃったかなー
お尻が痛いよー
25℃ 足立区 東京都 日本"
2019-08-27,"5時に帰りました。
いつもより4時間ぐらい早いなー

海外でよく見かける、卒業の時にみんなで帽子を上に投げるやつ。あれその後、ちゃんと回収できてるのか気になるね。
29℃ 足立区 東京都 日本"
2019-08-28,"ホーユウさんのあおもりあんけん、めんどくさかったなー
何が全国対応します！だよ！
やってるの俺たちじゃないかよー
27℃ 足立区 東京都 日本"
2019-08-29,"成田メタルでギロチンダストの見学。
有価ではできないなー。
15円/kgぐらいじゃないと利益出ないなー
28℃ 足立区 東京都 日本"
2019-08-30,"ギロチンダストのオーバーでまた言われたけど、あんなに砂になってる理由はよくわからないなー
26℃ 足立区 東京都 日本"
2019-08-31,"コードブルーを見た。
山Pの役がいいよね。
正しくあること、自分を持つことはとにかく美しささえ感じるよね。
事実と向き合う事
仕事に向き合う事
これがいいですねー
27℃ 足立区 東京都 日本"
2019-09-01,"16:20「ウン万円」ってゆう表現…何か気持ち悪いなー

山手線で黒の女性用のTバックが捨ててあった。しかも脱ぎたてっぽいやつ。
色んな事が考えられるねー
入ってきた人がチラッと見ただけで、スルーするんだけど、ひとりの男性が気づいてガン見してた。混乱しただろうなー
26℃ 足立区 東京都 日本"
2019-09-02,"社長の見積もりがあるんだから、見積もり近くで請求すればいいじゃん？発言。何となく違和感があったなー
お客さん第一主義じゃなかったのかなーって思った。
佐々木さんも違和感を感じてたみたいでしたね。

結婚式の乾杯の挨拶で「うちの会社は仕事よりも飲み会がメインの会社でして…」ってゆう挨拶が一番寒い挨拶だと思う。、
28℃ 足立区 東京都 日本"
2019-09-03,"アレクサのCMが何か気持ち悪いってゆう伊集院の話が面白かった。

長崎に出張。そして福岡へ。
ホテルの予約が取れてないと思ったら、違うとこに電話してたー

佳奈がメチャクチャ酔ってたなー
何度も同じ事言ってたなー
面白かったけどね
25℃ 足立区 東京都 日本"
2019-09-04,"福岡でホテルから駅までの道でゴキブリを見た。何かすごい腹が立った。
24℃ 福岡市中央区 福岡県 日本"
2019-09-05,"石膏ボード剥離機の作成会社から作れませんって言われて腹が立った。もっと早く言ってよ！って思った。
26℃ 足立区 東京都 日本"
2019-09-06,"AT解除の申し込みをしてきた。
マニュアルの運転ができるか不安ですね。
28℃ 足立区 東京都 日本"
2019-09-08,"日曜出勤して、ギロチンダストのオーバー篩作業を行った。
途中金田さんが体調悪くなったようなで離脱してた。
日曜に出なきゃ終わらないんだよなー
32℃ 足立区 東京都 日本"
2019-09-09,"北海道行きの飛行機が飛ぶとか飛ばないとかで大介さん拾って空港に向かったら、直前で欠航だったー。でも大介さんのダイアモンドメンバーの力ですぐ違う便が手配できた！
流石ですねー。
てゆーか乗り込んでから結構時間経ってるけど、いつ飛ぶのかなー

ビデオオンデマンドの内容が福岡と同じでつまらんなー

マテックさんで横領事件があったらしい。
6,000万はすごいねー
26℃ 大田区 東京都 日本"
2019-09-10,"朝食のスクランブルエッグが美味しくないって悲しいね。北海道なのに。

苫小牧で食べたカレーラーメン美味しかったなー
22℃ 札幌市北区 北海道 日本"
2019-09-11,"三八会→埼京会→埼玉部会
なかなかハードなタイムスケジュールだった。
三八会で出たうなぎ、美味しいと思う。
埼京会で講師をした人、結構右寄りな思想だったなー
28℃ 足立区 東京都 日本"
2019-09-12,"青南商事はホントやる気ないよねー
青森の労災病院からの廃プラ数100キロも受けてくれないなんてアレだよね。
困ったなー"
2019-09-13,"本田二輪に行った。
冠城さんは噂ほど怖くない人だった。
ただ、廃棄料金が安いので困ったなー
あまり量が無いのでアレだけど、増えてきたら断りたいですね。"
2019-09-14,"今日はようが蓮の事を売ったから怒ったなー
23℃ 足立区 東京都 日本"
2019-09-15,"マッキントッシュ銀座に行った。
仕事用のコートを見に行って、すげーカッコよかったけど17万だったから躊躇したなー。
28℃ 中央区 東京都 日本"
2019-09-16,"敬老の日
スーツカンパニーでジャージ素材のスーツを買った。35,000円ぐらいだった。
theoryで見たら上下で10万近くで、3分の1ぐらいで、安いなーって思った。
24℃ 足立区 東京都 日本"
2019-09-18,"専務と常務と一緒に筑波銀行の人を接待した。
オシャレな寿司屋。でもトイレがイマイチキレイじゃない
おしぼりが臭い。酢飯の匂いがした。
鏡と写真の自分が違うよね。写真の方が実物？
タクシーの運転手がワキガで助手席に座った時のどうしようもできない感、最悪ですね。
クラブに行って、何かすげー励まされたー。
20℃ つくば市 茨城県 日本"
2019-09-19,"年増¥に行った。
距離近かったなー
そして自虐と下ネタがすごくて何か引いたというか古いと言うか…"
2019-09-20,"ISOの審査員が俺たちの書類を捲るのに、指に唾つけてめくってた。何かさー、嫌だよね。
25℃ 足立区 東京都 日本"
2019-09-21,"マニュアル教習1日目。
教官に褒められたが、驕らず丁寧にやっていきたい。
月曜まで頑張る。
22℃ 足立区 東京都 日本"
2019-09-22,"ドラクエウォークが面白い。
久しぶりに課金するぐらいハマったなー"
2019-09-23,"秋分の日

マニュアルの見極めテストだった。
坂道発信でアクセルを離してしまった失敗をしてしまった。
あと、縦列駐車で奥に入りすぎてしまった。まぁ4時間で覚えろってのが無理あるよねー。
新宿にジャージー素材のセットアップを取りに行った。
もりもり寿司に母さんと行った。
27℃ 足立区 東京都 日本"
2019-09-24,"イチコロの意味
→一撃で殺す？一撃でコロっと。
みなしごの意味
→皆死後？身無し子？
24℃ 足立区 東京都 日本"
2019-09-25,"電車で酔ってる女性がいた。シャツを裏返しに着てて大分酔ってるんだろうなーって思った。

ラチィーカ→エルソールに行ったんだけど、りんさんの安定感はヤバかったね。"
2019-09-26,"アルバイトの遠田さんが福本さんのイジメに辛い思いをしているようで、ポロポロ泣き始めてた。オロオロしちゃったなー
何か福元さんが悪い気がするなー
22℃ 足立区 東京都 日本"
2019-09-27,"5時に会社を出て家でゆっくりすることができたなー
でも、蓮とようの勉強の態度が悪くて怒ってみたけど、結局落ち着かないんだよなー
23℃ 足立区 東京都 日本"
2019-09-28,"環境フェスタに参加。
いい経験になった。

トイレで土足用のスリッパを互い違いに脱ぐ人。何なんだろう…
26℃ 三郷市 埼玉県 日本"
2019-09-29,"オーストラリアチームの事をワラビーと愛称があるみたいだか、試合中にその愛称で呼ぶの何だろうね？
ちゃんとオーストラリアって呼べばいいにね。
距離感違くない？
25℃ 足立区 東京都 日本"
2019-09-30,"土浦で在庫の確認をしがてら飲みに行った。
畠山さんと田辺さんの言い争いがめんどくさかったなー
その後の田辺さんとの飲み会も長かったなー
田辺さんの畠山さんへの愚痴と、自分を認めてもらえない話が長かったなー"
2019-10-01,"マニュアルの検定試験だった。
検査員の人が、軽くもったいぶってからの合格発表で、何か慣れてるなと思った。"
2019-10-02,"ジャストの吉田さんと飲みに行った。
吉田さんの男気と言うか、礼儀を大事にする点は確かにそうだなって思った。
でも、吉田さんの話を聞く限りでは、自分の考えが一番正しいと思ってる節があって、全ては信用できないなと思った。
22℃ 足立区 東京都 日本"
2019-10-03,"今日は眠かったなー
途中、何度か落ちたね。
25℃ 足立区 東京都 日本"
2019-10-04,"MU RC会議だったんだけど、2人なら話が早いねー
取り組む事が多くて大変だなー

Amazonの門田さんからのメールの陽気さったらないですよね。
25℃ 足立区 東京都 日本"
2019-10-05,"久しぶりに土曜日に休んだ。
豊田さんは武闘派だなー
藤沼さんにキレてた
でもギロチンダストを三郷でやるのは賛成なんだけど、許可と場所の問題があるなー

久しぶりに本屋に行ったら面白そうな本がいっぱいあったなー

ラグビーでアドバンテージって長くね？
27℃ 足立区 東京都 日本"
2019-10-06,"仕事ができる人の話
遅刻は許さないくせに、残業は許容する日本社会
時間通り終わらないって事は仕事が出来ないってことですよね。

ガス切りをやったけど、最後の最後で豊田さんが車にコンテナぶつけて足元のガラス割っちゃったよね。
ドンマイとしか言えないね。
21℃ 足立区 東京都 日本"
2019-10-07,"体を追い込む事で心のブレーキが外れる
（武田真治より）
20℃ 足立区 東京都 日本"
2019-10-08,"使いたいフレーズ
「現世で使える◯◯」

越谷環境管理事務所の立ち入り調査。
特に何もなく終わってよかった。
19℃ 足立区 東京都 日本"
2019-10-09,"本田二輪のかぶらぎさん、ヤバイ人だねー
社長の家族を拉致れとか夜道に気をつけろって時代錯誤がすごいねー"
2019-10-10,"インスタとかで家族写真を上げる時に、子供の目を隠してアップする人、意味わかんない。
21℃ 足立区 東京都 日本"
2019-10-11,"ロバートのリンクするクイズがすげー笑った

シュタイネルトの選別機、ホントに今の場所に入るかなー
21℃ 足立区 東京都 日本"
2019-10-12,"台風19号が直撃してるねー
雨がすごいんだけど、三郷のギロチンは大丈夫かしら？
テレビで台風19号に対して、中継先のアナウンサー？が最後に「命を守る行動をして下さい」ってこれ見よがしに言ってるけど、それ言ってればいいってゆうもんじゃないから！
24℃ 足立区 東京都 日本"
2019-10-13,"朝、三郷の状況を見に行った。
特に大きな損害もなく良かった。
20℃ 足立区 東京都 日本"
2019-10-14,"体育の日

りんかの七五三が雨で延期になった。

16℃ 足立区 東京都 日本"
2019-10-15,"よく政治家とかが、「発言を撤回する」って言うけど、言ってしまった事を撤回するって何なんだろう…
19℃ 草加市 埼玉県 日本"
2019-10-16,"ユンボの資格の実技試験だった。
5時間ぐらい外で待機とかしてて寒かったなー

そう言えば、マニュアルの検定で練習の時の教官がクセの強い喋り方だったなー
何か喋った後、ウンウンウンって言う人だった。
16℃ 足立区 東京都 日本"
2019-10-17,"細かい問題が多いな
・重機ワンタッチ問題
・篠田さん受入時間問題
・菅谷さん辞める問題
・福元さん賞与あげたくない問題
・小島さん辞める発言
・川島さんパワハラ問題
16℃ 足立区 東京都 日本"
2019-10-19,"成功体験に囚われるっていい表現だね。
自分も気をつけなきゃ。
19℃ 足立区 東京都 日本"
2019-10-20,"ファミマで700円以上買うとくじみたいのがあって、そこでアンパンマンチョコが当たった。レジの人とお互いに少し固まったよね。
19℃ 草加市 埼玉県 日本"
2019-10-21,"免許のマニュアルに切り替えた。
東陽町に行ってみた。

今日は会社で何もなくてよかった。
蓮が素直に塾に行ってよかった。
6時に帰れて嬉しかった。

「どっちかの夜は昼間」って使いたいフレーズ
18℃ 足立区 東京都 日本"
2019-10-22,"即位礼正殿の儀の行われる日

スレート解体と電気工事の立ち会いだった。
そろそろコマニーの品物を解体しなきゃなー

蓮が歴史ならちゃんとやりそうでよかった。

17℃ 足立区 東京都 日本"
2019-10-23,"佐々木さんに五木ひろしコンサート（埼京会）を任せてしまった。
今度飲みに誘うことでチャラにしてもらおう。
19℃ 足立区 東京都 日本"
2019-10-24,"マニュアルを少し運転したけど、車ごとのクセに慣れるまで難しいね。
18℃ 足立区 東京都 日本"
2019-10-25,"谷在家から三郷に行くと1時間ぐらいかかって、とんでもなく時間かかるなー

急な雨で事務所前が水が溜まってた。台貫も水が溜まって使いもんにならなくなった。構造的な問題はうまく付き合っていかないたいけないんだなー
15℃ 葛飾区 東京都 日本"
2019-10-26,"今日で12連勤です。
こんなに責任感があったんだなー"
2019-10-27,"佐々木さんとコマニーの仕事をやったけど、午後の始めの方で心折れたなー
特に豊田さんが来てからが特に酷かった。
アレを毎日やっえる篠田さんを尊敬するね。早く剥離機が来るといいよね。

前フリが大事。
ゴルフで例えると、インパクトの瞬間がオチだとしたら、それまでのスイングで全てが決まる。
18℃ 足立区 東京都 日本"
2019-10-28,"「チーズが伸びるー」って褒め言葉なの？違和感しかないなー
19℃ 足立区 東京都 日本"
2019-10-30,"車両系解体の資格を取りに行ったんだけど、長かったなと。
三村さんが正社員になりたいって言ってきた。大槻さんと川崎さんをどうするかなー
18℃ 足立区 東京都 日本"
2019-10-31,"三郷の前のTOYOTAで盗難があったらしい。婦警さんが来て、防犯カメラの映像を一緒に見た。24時間を4時間ぐらいかけて確認したけど怪しい物は写ってなかった。
ただ開始30分で私目が悪いんですよって言い出して、俺がちゃんと見なきゃいけないのってどうなんだろう…
16℃ 足立区 東京都 日本"
2019-11-01,"バイトの石井さんはおしゃべりなんだなー
the おばちゃんって感じ。"
2019-11-02,"インフルエンザになった時に看病して欲しい芸能人ってゆう、誰にアンケート取ってるかわからないランキング何だろう…
17℃ 足立区 東京都 日本"
2019-11-03,"文化の日

工事のため、17時まで三郷にいたけど何もしなくて特に午後はひたすら寝てた。
寝過ぎて頭がボーっとしてた。
17℃ 足立区 東京都 日本"
2019-11-04,"振替休日

また絢子と蓮がケンカして、蓮を三郷に連れて行った。
絢子もどうしたらいいのか考えて行動すればいいのに。"
2019-11-05,"ジャニーズの人達よりも明らかにバックダンサーの方がダンス上手いのはどう感じてるのだろう？
特にライブでソロのダンスパートとかってどんな気持ちなんだろう…辛そうだよね。
11℃ 足立区 東京都 日本"
2019-11-06,"小学生2年生の問題で、「8:50に着くには家を何分に出ればいいですか？理由も書きなさい。回答は8:20分」
だけどある女の子が回答を8:15分にした。
理由は8:20だと焦って危ないから。
父親がその子になんでそんな答えを書いたの？って聞いたら、ギリギリだとお父さんお母さんに怒られるからと答えた。
ここまではまぁいい。
けど、それをSNSに挙げる気持ちがよくわかんなくて引いちゃう。
18℃ 足立区 東京都 日本"
2019-11-07,"有明会のセミナーに参加した。
反社の話が面白かった。
トップが出ては行けない
→即答を求められる
なるほどって思った。
20℃ 江東区 東京都 日本"
2019-11-08,"努力は夢中に勝てない。
努力　→ 100点まで
夢中　→ 120点まで行く

さかなくんのエピソード"
2019-11-10,"工事の立ち会い。
マジで休んでないねー"
2019-11-11,"土浦で小電から火が出たらしい。
三郷からの小電らしい。
とりあえず三郷の小電を広げて確認する事にする

恵子さんが乳がんらしい。
ステージ1らしい。
治るといいなと本当に思う。"
2019-11-12,"関東鉄源が24,000円代だった。
前回より2,000円プラスだった。
下げ止まればいいけど。

嵐の二宮の結婚ニュースでYahooのコメントに行政書士がコメントしてた。
何か違うんだよなー
13℃ 足立区 東京都 日本"
2019-11-13,"蓮がすごい顔で怒ってた。
何とか2人で解決してくれないかなー

長谷川さんに怒られた。
福元さんがフラットになってよかった
佐々木さんの話がまぁ解決策があるような話でよかった。
12℃ 足立区 東京都 日本"
2019-11-14,"嵐の二宮が結婚したねー

「傷つく前にバンドエイド」
「家出る時からコンドーム」
14℃ 足立区 東京都 日本"
2019-11-15,"何が困った事が多いなー"
2019-11-16,"久しぶりに土曜日に休んだ。

14℃ 足立区 東京都 日本"
2019-11-17,"オードリーのラジオにて「ハスりたくない」って表現に納得した。
マウントをとる的な？
テレビとか見ないからわからないってゆう発言など。

「匂わせ」も面白いよね。
嵐の二宮の結婚相手からそうなったけど、みんな批判して、みんなが匂わせ匂わせって言ってるけど、自分にも可能性があったのにーとかって思ってるのかな。
匂わせ自体はとても面白い話だ。
例えば◯◯君のコーヒーは砂糖2個だよねーって言ったりすること。
13℃ 川口市 埼玉県 日本"
2019-11-18,"「コレ見た事あるー」ってすぐ言うデジャブ女
20℃ 足立区 東京都 日本"
2019-11-19,"グランメゾンのキムタクが求めたままですごい楽しみですね。
美味しい物を食べて上を向くのとか最高だよね！！

毒舌を求められる人って、求められて発言してる割には裏で嫌われちゃうよね
16℃ 足立区 東京都 日本"
2019-11-20,"佐々木亮君が両手の親指を骨折した。
血だらけで、見た瞬間は気が動転して何故か財布を探したよね。

荒井さんがまた事故った。
もうクビにしようかと思う。
11℃ 足立区 東京都 日本"
2019-11-22,"荒井さんに声を荒げてしまった。
何か反省です…
9℃ 足立区 東京都 日本"
2019-11-23,"勤労感謝の日

プレス場の泥上げ作業。
何かもっと効率良くて、楽な方法ないかなー。
ベルトコンベア搬送とかさー。
とにかく固まってしまって大変…
13℃ 足立区 東京都 日本"
2019-11-25,"荒井さんと2度目の面接。
とりあえず許そう。"
2019-11-26,"豊田問題と小島問題とが発生。
めんどくさいね。
石井さんは困ったもんだ。
9℃ 足立区 東京都 日本"
2019-11-27,"金沢容器さんが怒ったらしい。
言い方ってあるでしょー

AWSの説明を聞いた。
可能性が凄かったなー
10℃ 足立区 東京都 日本"
2019-11-28,"佐々木さんの誕生日で銀座で遊んだんだけも、途中から記憶がない…
ヴォジョレーヌーボーが効いたね…
28万使うって…自分が嫌になる。"
2019-11-29,"豪快ですねって言われると嬉しい気持ちになる"
2019-11-30,"土浦の忘年会に行った。
野村さんは最高だったね！"
2019-12-01,"工事の立ち会いに行った。結構時間がかかったなー
9℃ 足立区 東京都 日本"
2019-12-02,"使いたいフレーズ
「天竺より遠いよ！」
好きなタイプの人は？と聞かれたら、
「どう答えたら好きになってくれる？」と聞き返す。

福元さんまともな感じがするなー
9月の賞与あげなかった問題

北山さん問題悩むなー
優良取れなかった問題
11℃ 足立区 東京都 日本"
2019-12-03,"佐々木さんのギャル専話、最高だったなー
11℃ 足立区 東京都 日本"
2019-12-04,"大手町　半蔵門線でお互い譲りあっちゃって前に進めないやつが起こったんだけど、人生で一番長かった。

間違って女性専用車に乗ったら、すごい目で見られた。
座らなくてよかったー

中島さんに近寄って資料作成してたら、急に咳き込まれた。臭いんだろうなー
9℃ 千代田区 東京都 日本"
2019-12-05,"中村さんの話、切なかったなー
可哀想だったなー

尾崎さんの話、やはりヤードかなー

長谷川さんから謝られた。
まぁ別にいいけど。
10℃ 足立区 東京都 日本"
2019-12-06,"コンテナで儲けられるかなー

優良が取れないことの弊害な大きいかも…
事前協議しなきゃかも。
8℃ 足立区 東京都 日本"
2019-12-07,"お店の名前に「隠れ家…」的な名前のつくところを予約しづらい
6℃ 三郷市 埼玉県 日本"
2019-12-08,"工事の立ち会いが早く終わって良かったー

まりこ、てっちゃん、エバちゃんと三軒茶屋で飲みに行った。
行ったお店が一人で切り盛りしてて、何となく注文しずらい雰囲気だったなー
13℃ 三郷市 埼玉県 日本"
2019-12-09,"今日は穏やかな一日でした。
三郷にいなかったからかなー

早く帰ってきたけど特にやることはない。
8℃ 足立区 東京都 日本"
2019-12-10,"午後有給を取った。
何もしなかったなー

12時から仕事です。
頑張ろー
13℃ 足立区 東京都 日本"
2019-12-11,"24時から働いて、埼京会の忘年会へ。
眠い。寝てて始めて舎人ライナーを折り返した。

住友の、日高さんとダイキチに行った。
日高さん、メチャ面白い人だったなー
また飲みたい。
16℃ 朝霞市 埼玉県 日本"
2019-12-12,"吉田さんが久しぶりに東京に来た。
嬉しかったなー
楽しかったなー
砂川の支店長の話は衝撃的でした。"
2019-12-13,"アサガミ京葉支店の忘年会に出席。

今日で忘年会3日目。
平均睡眠時間が3時間ぐらいで、さすがに疲れてきたなー

葛西のキャバクラ当たりだった！
また行ってもいいかな。
9℃ 江戸川区 東京都 日本"
2019-12-14,"三郷の忘年会に参加。
山賀さんがまた吠えたらしい。
めんどくさい。
篠田さんの話にツッコむの楽しかったなー"
2019-12-15,"絢子がブチ切れて泣き出した。
よくわかんないけど、そんな怒ることかなー。楽しくやってるかと思った。"
2019-12-17,"駒沢金属さんとJF Eさんと飲んだんだけど、駒沢金属の社長はのノリの良い人だった。とても素敵な方でしたね。"
2019-12-18,"酢豚にパイナップル入ってるの嫌いなんだよね、とか、バナナはおやつに入りますか？とかの質問、もう飽きた。
笑いにもならないよね。めんどくさい。
16℃ 足立区 東京都 日本"
2019-12-19,"ヴァレクストラ問題、長引きそうだなー
佐々木さんとマティオに行く
9℃ 足立区 東京都 日本"
2019-12-20,"普通のメールの件名にハッシュタグ付けるの見て、ゾッとした。
14℃ 足立区 東京都 日本"
2019-12-21,"穏やかな日々でした。
田中さんはよくわからない人だったなー
8℃ 足立区 東京都 日本"
2019-12-22,"M1だった。
予選はかまいたちが面白かった

◾️使いたいフレーズ
ワンターン聞き逃した？
7℃ 足立区 東京都 日本"
2019-12-23,"◾️気になるフレーズ
このクラス（会社）個性強いからなー

グランメゾン東京が最高過ぎる！
4℃ 足立区 東京都 日本"
2019-12-24,"布施製作所に行った。佐々木さんの奥さんがディズニー好きで凄かったね。確かに疲れちゃうよなー
7℃ 足立区 東京都 日本"
2019-12-25,"篠田君と熊谷市まで機械を見に行った。
トータル3回ソフトクリームを食べさせて面白かったなー
フードハラスメントだね。
5℃ 足立区 東京都 日本"
2019-12-26,"桑原さんと常務と打ち上げ。
連勤の最高記録だったなー
30日間ぐらい連勤したなー

行った中華に典型的なデブが3人いました。
マジで典型的で笑いそうになった。
10℃ 吉川市 埼玉県 日本"
2019-12-27,"24日に中村さんと長谷川さんがドンキで腕組んで歩いてたらしい。
近場でよくやるよなー
実に面白い！！
6℃ 足立区 東京都 日本"
2019-12-28,"佐々木さんと篠田さんと遅くまで飲んだなー
篠田さんが指名した女の子可愛かったなー"
2019-12-29,"穏やかな1日。
こんな日が続くといいですねー
9℃ 足立区 東京都 日本"
2019-12-30,"逃げ恋を見た。
いい話だったし、新垣結衣がカワイイかったなー"
2019-12-31,"義母と娘のブルースを見た。
いい話だなー
17℃ 足立区 東京都 日本"
2020-01-01,"元日

今日はフェンスの塗り直しを行った。
それ以外特に何もしなくて穏やかな日だったなー
9℃ 足立区 東京都 日本"
2020-01-02,"フェンスの２度塗り"
2020-01-03,"特に何もしなかったなー
池袋でビジネス用のコートを買ってみた
スニーカーが欲しいなー
11℃ 足立区 東京都 日本"
2020-01-04,"◾️使いたい言葉
1.黒ひげ危機一髪だったら、もう飛んでるよ？
2.カロリー低いコメントだな！
3.包茎、エミネムぐらい被ってる
4.そそのかす
5.何かしっとりした話だな
6.（過去の話を聞かれて）昨日寝違えて首が後ろに回らないんだよね、と断る
7.好きな女の子には期待しない
→だから怒らない
8.援護射撃が全部当たってるんですけどー
9.わがままボディー
10.ささくれ
11.お日さま気持ちいい〜
12.クールビューティー
13.いつも100点だから気づかない
14.吹き荒れている
15.じんめり
16.えぐる、えぐらなきゃ
17.ことわらーぬ
18.こんな夜に…
19.来世でよろしくね！
20.自然体
21.法で裁きたいなー
22.現世で使える◯◯
23.前世で地球救った"
2020-01-06,"仕事始め。
穏やかな日でした。
体調悪くても何とかなるもんだなー
8℃ 足立区 東京都 日本"
2020-01-07,"ピッキングを仕切ってみたけど、計量に時間がかかるのが難点だなー
5℃ 足立区 東京都 日本"
2020-01-08,"社員総会用の手土産を買ってみた。
タルティンのブーケのお菓子が美味しかったようだ。
目的としては、奥さん子供に向けてのものだからそれでもいいかも。
ローストキャラメルマーケットのブラウニーも美味しかったようだけどね。

7℃ 足立区 東京都 日本"
2020-01-09,"有明会の新年会に参加。
会長によるくじ引き大会はだるかったなー
あの人が反社っぽかったし、くじ引きのやり方はクセがあったなー

葛西のキャバクラに日高さんに連れて行ってもらった。
いいお店だったけど、可愛くない子が多かったなー
日高さんは面白い人だ。"
2020-01-10,"村松さんがバク切れしてて、何だかなーって思った。
どうでもいい事が理由だったんだけど、田中さんが「謝った方がいい」ってゆう意見はよくわかんなかったなー

へいSiriみたいな言い方するなって使いたいフレーズ
7℃ 足立区 東京都 日本"
2020-01-11,"20mmアンダーをやった。
MIXが沢山出て、しかも処理速度が半端なかった。流しっぱなしにするとメチャクチャ早いんだなー
8℃ 足立区 東京都 日本"
2020-01-12,"穏やかな日でしたねー
のんびりした日でした
8℃ 足立区 東京都 日本"
2020-01-14,"運輸課のミーティングに参加。
林さんの御礼と謝罪を強要するのはどうかと思うけど、村松さんの言い方もどうかと思う。
9℃ 足立区 東京都 日本"
2020-01-15,"埼玉県の産廃協会に出席。
国会議員とかいっぱいいてすごかったなー

その後、ダイキチとマティオにいった。
みさきさんは可愛い
みきさんは面白い"
2020-01-16,"建石さんのお父さんが亡くなったらしく、建石さんがいない仕事は、小島さんへの負荷が多くて大変そうだなー
6℃ 足立区 東京都 日本"
2020-01-17,"会議で逆に逆にが多くて、元がわからない
8℃ かすみがうら市 茨城県 日本"
2020-01-18,"今日はエディーシーを動かした。
誕生日の前祝いでもんじゃを家でやったけど、家のもんじゃが一番美味しい。
4℃ 足立区 東京都 日本"
2020-01-19,"誕生日でした。
特に何もなかったけど、マティオのみさきさんからLINEをいただいた
8℃ 足立区 東京都 日本"
2020-01-20,"ビジネスメールで、必ずドッキリマークをつけてくるの何だろう？クセなのかなー
10℃ 三郷市 埼玉県 日本"
2020-01-21,"千葉部会の新年会に参加。
サーブしてくれる女性の顔が近くてドキドキするよね

一人で凛さんのとこに行った。
面白かったような面白くなかったような。
7℃ 千葉市美浜区 千葉県 日本"
2020-01-22,"恵子さんの手術とのことで、お休みをいただいた。
のんびりした1日でした。
6℃ 足立区 東京都 日本"
2020-01-23,"最高裁判所の開札に行った。
結果一番高くてビックリ。落札業者は半値以下だった。

パソコンを買いに行ったら、Windows7の影響で全然売ってなかったなー
7℃ 足立区 東京都 日本"
2020-01-24,"ソレイユ新年会。
最後の方、まったく記憶がない…
12℃ 足立区 東京都 日本"
2020-01-25,"二日酔いで、使い物にならなかったなー"
2020-01-26,"のんびりした1日で穏やかでした
6℃ 足立区 東京都 日本"
2020-01-27,"金曜日に恵比寿でキャバクラに行ったみたいなんだけど、全然記憶なくて、女の子の顔を覚えてない…
情けないですねー
4℃ 足立区 東京都 日本"
2020-01-28,"運転手の7連勤後の休みって別にもう機能してないからあってもなくてもいいんじゃないかなー
8℃ 足立区 東京都 日本"
2020-01-29,"よくわかんないけど疲れるなー
13℃ 足立区 東京都 日本"
2020-01-30,"7時に退社してやりました！
12℃ 足立区 東京都 日本"
2020-01-31,"東武ホテルレバント東京に社員総会の打ち合わせに行った。
ホテルのフロントの人たちが全員マスクしてた。
新型肺炎の影響かなー
8℃ 足立区 東京都 日本"
2020-02-01,"隣のお客さんが「仕事できるのかもしれないけど、仕事できるアピールがすごいと、それもひっくるめて仕事できないって評価になる」って話てて、なるほどなって思った。"
2020-02-02,"薔薇のない花屋を一気見した。
竹内結子がメチャ可愛くて、内容も素晴らしかった。
竹内結子が好きなんだなー"
2020-02-05,"剥離機が壊れた…
5℃ 足立区 東京都 日本"
2020-02-06,"剥離機が直ったらしい。

日中産業に行ってきた。
ザ中華系！！って感じのヤードでしたね。

ブザービートを見た。酷い内容だけど、北川景子の可愛さだけで成り立ったドラマだと思った。

最後の恋を見た。
中居の演技はイマイチだけど、常盤貴子は素敵でした。
最後、もっと盛り上げて欲しかったなー
4℃ 足立区 東京都 日本"
2020-02-07,"健康診断だった。
腹囲などは特に変わらず、悪かった数値も下がったようだ。
ただ、コレステロールが高めなので食生活と運動をするようにとのことでした。
5℃ 足立区 東京都 日本"
2020-02-11,"建国記念の日

4時ぐらいに帰ってきて、ほとんど寝てたなー。眠かったなー。"
2020-02-12,"荒井さんへの風当たりが強すぎて、だんだんかわいそうになってくる。
仕事してるんだから、いいんじゃないかなーって思ったり。
12℃ 足立区 東京都 日本"
2020-02-13,"火事から一年。
しっかり訓示を述べられたと思う。
16℃ 足立区 東京都 日本"
2020-02-14,"荒井さんは今の状況をわかってるのかなー

事務の皆さんからチョコレートをもらった。いつもみんなの事を考えててってゆうメッセージがお世辞でも嬉しかったなぁー
10℃ 足立区 東京都 日本"
2020-02-16,"恵子さんの誕生日でみんなが集まった。
やはり山口家は仲が良いねー

イルカポーネの近くでカーセックス始まりますよって瞬間を見た。あんなに自然に助手席のリクライニングを倒せるものかね。プロの仕事だね。
10℃ 足立区 東京都 日本"
2020-02-17,"マルイのレジの人の挨拶が特徴的でマネしたくなるー

税理士の人が素で「ひゃー」って言ってた。こっちが驚いた！

浅草のいつも行ってる喫茶店にナイツの土屋さんがいました！

エルソールで佐々木さんがマティオのみさきさんの話をしだして、焦ったけどフォローに失敗。佐々木さんの暴走モードは怖いけど面白いね。
13℃ 足立区 東京都 日本"
2020-02-18,"酒井さんに鯛焼きとクレープを食べさせました。こうやって人と仲良くなっていくのかなー


7℃ 足立区 東京都 日本"
2020-02-19,"特に何もしない1日だった。
長谷川さんと、福元さんに呼び出しを受けて、まぁ建設的な意見でしたね。
10℃ 足立区 東京都 日本"
2020-02-20,"ジャケットを腕で着る人、メイクが韓国風。
11℃ 足立区 東京都 日本"
2020-02-21,"土浦から社員総会の開催の是非を問う話があったらしい。
土浦ってそうゆうとこあるよねー
10℃ 足立区 東京都 日本"
2020-02-22,"タクシーに乗ってて、自分は道わかんないのに、タクシーの運転手が道わかんないのが何だかなーって思う。
ナビればよくない？"
2020-02-23,"天皇誕生日

ギロチンダストのふるいをやった。
あのレベルでいいなら、全然いけちゃうね。
15℃ 足立区 東京都 日本"
2020-02-24,"振替休日

毎回毎回よくそんなに蓮に怒るよね。

体が睡眠を欲している。
ずっと眠い…
14℃ 足立区 東京都 日本"
2020-02-25,"鼻が詰まり過ぎて、味がわからないやつになりました。
恒例行事ですね。"
2020-02-26,"経産省向けの資料を作った時の集中力と言ったら、本当に時間が一瞬で過ぎたね。
8℃ 足立区 東京都 日本"
2020-02-27,"◯◯ちらかすってフレーズを使いたい

今日、小型家電を中国系ヤードに売りに行ったけど、ヤバそうだったからもう行かない。
5℃ 足立区 東京都 日本"
2020-02-28,"自分は織田信長に似てるって言っちゃう人、イタくない？
9℃ 足立区 東京都 日本"
2020-03-01,"PCB含有コンデンサーの交換工事の立ち会いでした。

見えないところが、汚れていると店舗全体が汚れてくる
15℃ 足立区 東京都 日本"
2020-03-03,"心配なら行動すればいい
14℃ 足立区 東京都 日本"
2020-03-04,"地下鉄のWi-Fi使える人いない説
10℃ 台東区 東京都 日本"
2020-03-07,"いつもの南越谷のお店に行った。
ゆうきさんは安定だけど、最後、しのの隣に座ってた子はヤンチャな香りがするヤバそうな女の子だったなー"
2020-03-08,"蓮とずっと一緒にいた
怪談バーに行きたい
9℃ 足立区 東京都 日本"
2020-03-09,"5時に会社を出た。
蓮のため。
自分のため。
16℃ 足立区 東京都 日本"
2020-03-10,"自分に気をつかえない人間は他人にも気を遣えない（外見、内面含む）
14℃ 三郷市 埼玉県 日本"
2020-03-11,"豊田さんと長話をした。長かったなー
14℃ 足立区 東京都 日本"
2020-03-12,"仕事でベッドのマットレスが来たよー
なかなかの手強さでスプリング不足になるのが予想されますね。

性癖じゃない。こだわりだ。

オチがわかってるのに楽しめる作品。
それがAVだ。

相手の弱みにつけ込んでくる広告。いいんだか悪いんだかわからない。発達障害関係とか。
12℃ 三郷市 埼玉県 日本"
2020-03-14,"右肩が異常に痛くてソフトタッチの接骨院に行った。ソフトタッチ過ぎて、効いてるのか効いてないのかわからない。
確かにその時は良くなったんだけど、少したったらまた痛くなってきた。
2日ぐらい様子を見よう。
4℃ 足立区 東京都 日本"
2020-03-15,"特に何もなかった。
平和だ。
蓮が調子いいからだなー"
2020-03-16,"最近起きれなくなったなー

工場のトタンが外れて道路に飛び出た。
車とか通ってなくてよかった。

今日のスカイツリー：黄色
4℃ 足立区 東京都 日本"
2020-03-17,"今日のスカイツリー：コバルトグリーン

佐々木さんと21:00から飲んだ。
いつものキャバクラで、あやなさんが隣に着いたんだけど、二日酔いトークが冴え渡ってたなー"
2020-03-18,"今日のスカイツリー：むらさき
13℃ 三郷市 埼玉県 日本"
2020-03-19,"今日のスカイツリー：黄色
フィットボクシング：1日目30分
結構キツイね。
18℃ 足立区 東京都 日本"
2020-03-20,"春分の日
19℃ 三郷市 埼玉県 日本"
2020-03-21,"今日のスカイツリー：紫ときどき白

佐々木さんご畠山さんにブチ切れしたー！
結構怒ってたねー

たまたま見えちゃった電車の中の30代後半の男のLINEで、誰に送ってるか知らないけど、送るLINE全部の語尾に❤️付けてて引いたー。

飲み屋で口説こうとしてる男がいて面白い
18℃ 足立区 東京都 日本"
2020-03-21,"今日のスカイツリー：紫ときどき白

佐々木さんが畠山さんにブチ切れしたー！
結構怒ってたねー

たまたま見えちゃった電車の中の30代後半の男のLINEで、誰に送ってるか知らないけど、送るLINE全部の語尾に❤️付けてて引いたー。

飲み屋で口説こうとしてる男がいて面白い
18℃ 足立区 東京都 日本"
2020-03-22,"佐々木さんと朝の6時まで飲んんでたら、ギロチンのドロ上げに参加できずにいて、猛反省しましたよね。"
2020-03-23,"ほとんど仕事しないで、さぼったなー
11℃ 足立区 東京都 日本"
2020-03-25,"社長のコロナへの対応がスゴイ！
もうね、仕事が回らなくなるよね。
14℃ 三郷市 埼玉県 日本"
2020-03-28,"豊田さん、金田さん、佐々木さんと飲んだ。なかなか充実した会議でした。
その後、篠ちゃん呼んで飲みに行った。

豊田さんは、自分の話が好き。頑張ってると認められたい。自分が気に入らないと、レッテルを貼りがち。

金田さんは、冷静。俯瞰。カッとなりやすい。余計なことは言わない。"
2020-03-30,"志村けんが死んじゃったね。
コロナが直接的な原因でもないと思うけど、何となくスターが亡くなったのを聞くと、残念な気持ちになります。
9℃ 三郷市 埼玉県 日本"
2020-03-31,"駐車券を取って、口にくわえるのは禁止にします。ファーストサマーウイカ"
2020-04-01,"川口の入札に行ったから早く帰れたー"
2020-04-07,"緊急事態宣言が出ましたね。

今日のスカイツリーは白でした。
13℃ 足立区 東京都 日本"
2020-04-08,"スカイツリーが暗かった。
自粛ムードなのかな。

鼻詰まりがひどい。コロナかと思ってしまう。
17℃ 足立区 東京都 日本"
2020-04-10,"すげー熱が出たけど薬飲んで寝たら下がった…謎ですね。"
2020-04-11,"まだ味がわからない。
辛抱強く行くしかないね
11℃ 足立区 東京都 日本"
2020-04-12,"蓮が熱を出した。
すぐ下がったけど、コロナかなー
12℃ 足立区 東京都 日本"
2020-04-14,"今日からテレワーク。
やる事がない。
16℃ 足立区 東京都 日本"
2020-04-15,"少し匂いが戻ってきた。本当に1週間ぐらいで戻ってきたなー

りんかはオナラをすごいするなー
18℃ 足立区 東京都 日本"
2020-04-16,"普段着でつなぎを着る女子にちょっと引いてしまう。

Web会議で、みんな一斉に喋ってアワアワしちゃう感じ、何だか恥ずかしい…
15℃ 足立区 東京都 日本"
2020-04-17,"布マスクを配布する政策で、批判ばっかりだけど、感染を予防するために一生懸命作ってくれた人がいる事も忘れちゃいけない。←なるほど。その視点が足りなかった。

ドラクエⅪを始めた。
昔、DS版をやった記憶がえるけど途中でやめちゃったんだよなー
次はファイヤーエンブレムかペルソナやろうかな。
15℃ 足立区 東京都 日本"
2020-04-18,"【サッポロ：フォーナイン クリアレモン】
味：★★☆☆☆ やや薄め、スッキリ
レモン：★★☆☆☆ あまり感じず
アルコール：★★★☆☆あまり感じず
総合：★★☆☆☆
レモンサワーとしては味が薄めでレモンサワーって感じではないけど、スッキリ感はありました。

【コカコーラ：檸檬堂】
味：★★★☆☆甘め
レモン：★★★☆☆ほんのりレモン
アルコール：★★☆☆☆あまり感じず
総合：★★★☆☆
甘めでスッキリ。飲みやすいしアルコールをあまり感じない。よく言う女性にはいいかも。
15℃ 足立区 東京都 日本"
2020-04-19,"ミスチル LIVE2017 熊本
3局目の「名もなき歌」の1番のサビから「聞かせて」と観客に歌わせるの、ミスチルあるあるだよね。

【サントリー こだわり酒場 レモンサワー】
味：★★★★☆後味スッキリ
アルコール：★★★☆☆あまり感じず
レモン：★★★☆☆ほのかに感じる
総合：★★★★☆バランスが良い

19℃ 足立区 東京都 日本"
2020-04-20,"カップラーメンの中本を自分アレンジで食べるんだけど、絶対にお腹と肛門が痛くなるので、今後中本は禁止します。

あざとくて何が悪いの？って番組が面白い。完全に好きになっちゃうよね。
飲み会とかで「ハイボールだよね？」って聞いてくるような、私、あなたのこと知ってます！アピールとかいいよね？
異性同士だからいいけど、同性だったら気がつく人だなーって思います。

オンライン飲み会って楽しいんだけど、話す人に注目が集まるよね。緊張感があります。
思い付きで喋るタイプだからあんま向かないのかなー

【宝酒造 極上レモンサワー】
味：★★★★☆スッキリと濃厚
レモン：★★★★☆レモンを感じる
アルコール：★★★☆☆ほどほど
総合：★★★★☆全体的に好きな味でした
10℃ 足立区 東京都 日本"
2020-04-21,"あざとい女子ではなく、あざとい男子も気になる。

同じ話を何度もしたくないんだけど、したかどうかを忘れてしまう…
恐らく色んな人にしてるから同じ話をしちゃうんだなーってのが最近の悩みです。

【キリン 特製レモンサワー】
味：★★★★☆爽やか
レモン：★★★★☆レモンを感じる
アルコール：★★★★☆お酒感を感じられる
総合：★★★★★美味しいね
19℃ 足立区 東京都 日本"
2020-04-22,"【サントリー こだわり酒場】
味：★★★☆☆さっぱり
レモン：★★★★☆レモンを感じる
アルコール：★★★☆☆9%だけどそこまで感じない
総合：★★★☆☆そこそこだね

【宝焼酎 瀬戸内レモン】
味：★★★★☆すごいさっぱり
レモン：★★★☆☆ほんのりレモン
アルコール：★★★☆☆あまり感じない
総合：★★★★☆爽やか美味しい
13℃ 足立区 東京都 日本"
2020-04-23,"ジョーカーを見た。色んなメッセージが込められてるんだろうけど、暗い話だと思う。だけど、チャップリンが出てる事もあって喜劇だねーってゆう感想を言ってしまって、自分だけ独特な感想言っちゃうのに気付いて恥ずかしくなる。

【キリン　本搾りレモン】
味：★★★☆☆さっぱりさが凄い
レモン：★★★☆☆もはやグレープフルーツ
アルコール：★★★☆☆特に感じず
総合：★★★☆☆さっぱりですっぱいぐらい
11℃ 足立区 東京都 日本"
2020-04-25,"【コカコーラ 檸檬堂 鬼レモン】
味：★★★★☆甘みがある
レモン：★★★☆☆そこまで感じない
アルコール：★★★☆☆9%だけどそこまで感じない
総合：★★★☆☆甘めのレモンサワー

【サントリー こだわり酒場】
味：★★★☆☆さっぱり系
レモン：★★★☆☆あまり感じない
アルコール：★★★☆☆9%の割には感じない
総合：★★★☆☆普通ですね
17℃ 足立区 東京都 日本"
2020-04-27,"小島さんが熱が出て自宅待機にさせました。

積み込みのワガママに佐々木さんがキレてたねー
11℃ 足立区 東京都 日本"
2020-04-29,"昭和の日

自分はそうは思わない

心の中で可哀想だなってだて思うこと
19℃ 足立区 東京都 日本"
2020-05-01,"ハチ公にマスクがNGになった。
話題で蜜になったから。

使いたいフレーズ
ピタゴラスイッチ
25℃ 戸田市 埼玉県 日本"
2020-05-02,"カップラーメンの中本を自分アレンジで食べるんだけど、絶対にお腹と肛門が痛くなるので、今後中本は禁止します。

あざとくて何が悪いの？って番組が面白い。完全に好きになっちゃうよね。
飲み会とかで「ハイボールだよね？」って聞いてくるような、私、あなたのこと知ってます！アピールとかいいよね？
異性同士だからいいけど、同性だったら気がつく人だなーって思います。

オンライン飲み会って楽しいんだけど、話す人に注目が集まるよね。緊張感があります。
思い付きで喋るタイプだからあんま向かないのかなー"
2020-05-03,"憲法記念日

B'zのライブYouTubeを見た。
カッコ良かったねー
欲しくなりました。
21℃ 足立区 東京都 日本"
2020-05-04,"みどりの日

リモート合コン…
色々疑問かわありますが、楽しそうですね。
20℃ 足立区 東京都 日本"
2020-05-05,"こどもの日

読んだ本：THE TEAM 5つの法則
学んだ事：この本に書いてあった法則をこの機会に自分に落とし込んでみたいと思う
27℃ 足立区 東京都 日本"
2020-05-06,"振替休日

使いたいフレーズ
◯◯さん　→ ◯◯さんライズ
17℃ 足立区 東京都 日本"
2020-05-07,"読んだ本：経済は地理から学べ
学んだ点：地理からわかることってたくさんおるんだなって思った。歴史などが絡んでとても面白かった。
自然環境が人類を最適にするってな感じの表現がよかったね。
17℃ 足立区 東京都 日本"
2020-05-09,"周りの空気が悪くなるのをわかってて、不機嫌を撒き散らすのは周りに甘えてる証拠。それがいいか悪いかは別として。
19℃ 足立区 東京都 日本"
2020-05-10,"ライオンのグータッチを見ると、泣けてくる
21℃ 足立区 東京都 日本"
2020-05-11,"その言葉は、誰かの背中を押せてますか？

人の批判をして、心の平常心を保つ人が多い
26℃ 足立区 東京都 日本"
2020-05-12,"略すのはあんま好きじゃないのに、株主総会を「株総」って言ってしまって、恥ずかしい…

今日は何か生み出したかな…
現場の手伝いをしただけで、何か生産性が高い事をやっただろうか…
もっと他に出来ることがあるんじゃないかな…
22℃ 足立区 東京都 日本"
2020-05-14,"ホテルの朝のビュッフェでおかゆだけとかで済ませる人カッコいい。自分なら食べたい物を食べたいだけ取っちゃう。
26℃ 足立区 東京都 日本"
2020-05-21,"スッピンをインスタにあげる芸能人を始めとした女性。どう思われたいのか…
で、一方ではスッピンを褒めれば、化粧してる自分を否定された的なことを言うの、何なの？
15℃ 足立区 東京都 日本"
2020-05-25,"緊急事態宣言が解除されましたね。
これから忙しくなりそうだなー
23℃ 足立区 東京都 日本"
2020-05-26,"店員さんと同じ速度で歩いちゃう時、しかも横並び…
お互い意識するけど意識してるのを悟られたくない感、ハンパないよね。
25℃ 三郷市 埼玉県 日本"
2020-05-27,"佐々木さんと二階で仕事する生活、快適だわー
どんどん物を揃えてもっと快適にしたい
24℃ 足立区 東京都 日本"
2020-05-29,"人は相手の事をほとんど理解できていない
22℃ 三郷市 埼玉県 日本"
2020-05-31,"腸活を始めてみようと思う。とりあえず話、ヨーグルトを朝夜食べてみようと思います。
23℃ 足立区 東京都 日本"
2020-06-02,"サプライズデートでレストランを教えてくれないのは迷惑とのこと。
25℃ 足立区 東京都 日本"
2020-06-07,"ソウルを感じるか感じないか
22℃ 足立区 東京都 日本"
2020-06-08,"考え方が古いんだけど、モノマネ番組で全然似てないお笑い枠みたいなのにちょっと引いちゃう
24℃ 足立区 東京都 日本"
2020-06-12,"東京アラートが解除され、ステップ3に移行した。19日には全面解除となるらしい。
いよいよですね。
これはこれでいい生活でしたなー

あいのり桃の記事…
27℃ 足立区 東京都 日本"
2020-06-15,"豊田さんはやりたい放題だなー
荒井さんのラジオに文句言ってたくせに自分が勝手に音楽流すとか…
27℃ 足立区 東京都 日本"
2020-06-16,"豊田さんが今度は山崎さんに噛み付いてた…
好きですねー
26℃ 足立区 東京都 日本"
2020-06-17,"感染力の強い男性がコンビニで「僕、さわると移るので…」って言ったら、「僕SARSなので…」って聞き間違えらて誤認逮捕…。
聞き間違いと思いやりが裏目に出た結果の事件で、何かかわいそうだなって思います。
29℃ 三郷市 埼玉県 日本"
2020-06-19,"メールで「小生」って使う人、何かウケる
19℃ 三郷市 埼玉県 日本"
2020-06-20,"自販機でお金を飲み込まれたって話を聞いて、「自販機も夏だから喉が乾いてるんですね」って頭に浮かんだんだけど、この発言は悪い方のおじさんの発言だなって思って飲み込んだ。
悪い方のおじさんにならないように気をつけなくちゃ。

ジョンソン&ジョンソンが美白化粧品の販売を辞めたらしい。
黒人差別の影響らしい。
20℃ 三郷市 埼玉県 日本"
2020-06-21,"4℃ってブランド、「フォーディグリース」って読む友達がいて、それが正解かどうか未だにわからない…"
2020-06-23,"ブリジストン2日目。
体が慣れてきた
22℃ 中央区 東京都 日本"
2020-06-26,"ハライチ岩井の喫茶店での話

ごとうてるきの政権演説がかなりやっちゃってて面白い
27℃ 足立区 東京都 日本"
2020-06-30,"本日でブリヂストンが終了。
今日が3番目に辛かったなー"
2020-07-04,"女性との距離。
意識すればするほど距離は微妙になる。
べったりではない。
by妖怪ウォッチ
27℃ 足立区 東京都 日本"
2020-07-06,"元ZOZOTOWNの社長である、前澤友作さんがTwitterで「100万円配ります」ってやってた。
それに対して「すごいお金ある人なんだなー」って単純に思っただけだけど、テレビとかネットの解説で「広告宣伝費としては安い」みたいな事を言ってて「なるほどなー」って思った。
それが、いつしか初めから自分が思いついたような意識になってて、怖いなって思った。
気をつけなきゃなと思った。"
2020-07-08,"薄い味が楽しめる大人になりたい

お風呂があまり好きじゃないです
一瞬でお風呂入った時のサッパリ感がもらえる機械みたいのないかなー
26℃ 足立区 東京都 日本"
2020-07-11,"ITのAmazonと喫茶店のアマゾンの話。
記事を読んで、何となく笑みが溢れるような話だったんだけど、ヤフコメの一番上が「Amazonがカスタマーサービスの電話番号をしっかり表記してないからだ」って意見で、7,000件以上の「いいね！」があった。
何かみんな余裕が無いなーって思った。
30℃ 三郷市 埼玉県 日本"
2020-07-12,"バーベキューが好きなんじゃなくて、バーベキューをしてもらうのが好き。
30℃ 足立区 東京都 日本"
2020-07-15,"東出の浮気に対して、浮気相手の姉が「悔しい」と言った事に対して、アナウンサーが「悔しいのは杏さんだ」と発言したらしい。
比較するとこじゃないと思うんだけどなー
悔しいと思った事を言うのは悪くないと思うんだよなー
比較論にされると焦点がブレる気がする
21℃ 三郷市 埼玉県 日本"
2020-07-16,"みさきさんと飲みに行った。
GINZA sixのイタリアンとマティオとバーに行った。
ななみさんの誕生日祝いをやった。"
2020-07-17,"2日酔いで軽く気持ち悪かったなー
20℃ 足立区 東京都 日本"
2020-07-18,"この前、みさきさんに香水聞いたら「ドルチェアンドガッバーナ」って答えてて、その時はへーって思っただけだけど、よく考えたら「香水」って歌があって、その歌詞にドルチェアンドガッバーナって歌詞があるから、そのことだったと思うと気づけなくて恥ずかしい。
22℃ 足立区 東京都 日本"
2020-07-19,"穏やかな一日でした。
27℃ 足立区 東京都 日本"
2020-07-20,"福元さんと休業補償について話した。
結構噛み付いてくるかと思ったら、腰が低くてよかった。
先入観はいけないですね。
26℃ 足立区 東京都 日本"
2020-07-21,"みさきさん、ななみさんと食事からのマティオでした。
みさきさんが酔って暴れてたなー
寝ちゃってどこかへ連れ去られてたのに、電話もらって2時過ぎから飲んだら、普通になっててビックリした。
化物がいた。"
2020-07-22,"二日酔いで眠さマックスで、何もできなかった。"
2020-07-23,"海の日

プレス場の泥上げをやった。そこまで暑くなかったけど、着替えが絶対に必要。
臭いが酷くて作業着がダメになります。
24℃ 足立区 東京都 日本"
2020-07-24,"スポーツの日

本来なら今日が東京五輪の開会式でした。
来年はできるかなー
27℃ 足立区 東京都 日本"
2020-07-25,"事務所のコロナ対策のためにビニールを貼った。コレで常務も勘弁してくれないかなー

一時的な豪雨で事務所前が池になってたね。台貫も水没してポンプが全然機能しなくて時間がかかったなー"
2020-07-26,"地域の草刈りだと思って行ったら、誰もいなくてアレでした。

穏やかな１日でした。

蓮は夏期講習頑張るなー
27℃ 足立区 東京都 日本"
2020-07-27,"新会社の設立の件でミスったなー
ちゃんと確認しなかった自分のミスです。
酔い潰れるしかない！
30℃ 足立区 東京都 日本"
2020-07-28,"小島さんにガッツリ怒られる夢を見たんだけど、現実なのか夢なのか…

八重洲センタービルでエアコン等の取り外し作業。屋上が一番キツかったなー
26℃ 足立区 東京都 日本"
2020-07-29,"コマニーの仕分作業を行った。
最後の最後で数字が合わなくて焦ったけど、すぐ見つかってよかった。
汗がすごくて着替えました。
24℃ 三郷市 埼玉県 日本"
2020-07-30,"自分のことを「〇〇できる人なのでー」って言う人、何か気に入らない。

豊田さんへの細かい不満が多いねー
25℃ 足立区 東京都 日本"
2020-07-31,"山上さんからお手紙をもらった。
ベッドのマットレスは早めに連絡が欲しいとのこと。
その気持ちに気づかずにLINEでいじってしまった。申し訳ないな！
27℃ 三郷市 埼玉県 日本"
2020-08-02,"穏やかな一日。何もない日々がどれだけ尊いものか。
31℃ 足立区 東京都 日本"
2020-08-03,"特に穏やかな日だったんですけど、とにかく仕事した気がするー
30℃ 足立区 東京都 日本"
2020-08-04,"他人の意見で、自分の本当の心の声を消してはいけない。自分の直感を信じる勇気を持ちなさい。スティーブ・ジョブズ

世の中で自分が必要とされたいって思ったら、まず笑え。アントニオ猪木

みさきさんがまた荒ぶってたー
面白かったなー
27℃ 足立区 東京都 日本"
2020-08-05,"メチャクチャ忙しかったなー
事務作業が目白押しだったー
31℃ 足立区 東京都 日本"
2020-08-06,"佐々木さんが1人でマティオに行った。
強い意志を持って、ちゃんと帰るんだよ？って言ったけど、捕まったらしい…
ウケる！！
29℃ 足立区 東京都 日本"
2020-08-10,"山の日"
2020-08-11,"豊田さんが今日と明日休むことで何か感じる人がいるか？とか言ってたけど、すごい自尊心だよね。
恐らくみんな何も思ってないし、思ってたとしても言わない事が多いと思う。"
2020-08-12,"穏やかだったー
31℃ 足立区 東京都 日本"
2020-08-13,"新宿でオリバーピープルのサングラスを買った。34,000円だったけど、なかなかカッコよくて気に入りました。
30℃ 足立区 東京都 日本"
2020-08-14,"ワンピースのパズル1000ピースをやった。
お酒飲みながらパズルやるって最高でした。"
2020-08-15,"朝5:30に起きて、パズルやった。
なんて穏やかな日だー
最高だー

バルサがCLでバイエルンに2-8で負けた。
もうバルサが強くなくて悲しい…
34℃ 足立区 東京都 日本"
2020-08-16,"独自の言葉を使ってるくせに、カッコ書きで説明するんだったら、普通に使えばいいのに。
ラポール＝信頼関係
なんだそれ！
33℃ 足立区 東京都 日本"
2020-08-19,"みさきさんの家まで送った。
大きなマンションだったなー
さすが銀座のママですね。"
2020-08-24,"みさきさんと25日行く約束したけど、あんま覚えてない"
2020-08-26,"毎日さざなみが立って大変だなー。
少しずつ何かを擦り減らして生きている気がする
30℃ 足立区 東京都 日本"
2020-08-28,"◾️林さんから
・村松さんの仕事に金田さんがついていった
・コンテナの屋根張り
金田さんと村松さんが車の車庫入れをやらずに残業していた

◾️山崎さんの件
運輸課への異動の打診
→それはそれでオッケーとのこと"
2020-08-29,"占いに行った
45歳ぐらいから次のピークが来るらしい"
2020-08-30,"逃走中ってゆう番組にいつも納得がいかない。カメラマンが1人に1人付いてるので、ハンターはカメラマンで気づくはずなのに、気づかないふりしてるのが意味わからない。しかも今日は子供が逃げるのに、大人のハンターはが追う意味がわからない。
そもそもルールとして子供と大人を同じ土俵に上げる意味がわからない。
この番組に関してはずっと意味がわからない。見たくない番組の一つ。
32℃ 足立区 東京都 日本"
2020-09-01,"今日は全体朝礼を行った。
これからの指針を発表した。

田中さんへの豊田さんの気持ちが強過ぎてウケる。相関図を作ってみたら面白いなと佐々木さんと笑ってた。
佐々木さんからの矢印だけミキティーに向いてたらウケるって話をした。
笑えるなー
27℃ 足立区 東京都 日本"
2020-09-02,"武田双雲の言葉

□毎日10個感謝できることを探してみる
□「で」じゃなくて「が」を使ってみる
□言葉をやさしく言い換えてみる
29℃ 足立区 東京都 日本"
2020-09-03,"◾️感謝できること
・佐々木さんが会議名を考えてくれた

伝統とは何か？
変わらなければ衰退していくだけ
→その年代にしか響かない
しかし伝統は大事にしていかなければならない。
32℃ 三郷市 埼玉県 日本"
2020-09-04,"◾️今日感謝すべきこと
・佐々木さんから、名前入りボールペンをもらった
・佐々木さんが取締役就任祝いをしてもらった
28℃ 千代田区 東京都 日本"
2020-09-06,"進撃の巨人を全巻買った。
確かに23巻から、ガラッと変わって面白い
30℃ 足立区 東京都 日本"
2020-09-07,"年賀状をたくさんもらえる人はどんな人？
→たくさん出している人
→色んなことに共通する考え方

佐々木さんのプリウスの助手席に見慣れないタバコがあったとのこと…
どうゆうこと？？
31℃ 三郷市 埼玉県 日本"
2020-09-08,"浅岡先生と話した。
後ろ向きなルール作りはダメで、ストーリーが必要だと思った。
29℃ 足立区 東京都 日本"
2020-09-13,"内村航平のプロフェッショナルを見た。
「うまくいかない原因を外に求めたら、それは衰え」
衰えさえも受け入れて、何をするか。

人を使える使えないで判断しない。
27℃ 足立区 東京都 日本"
2020-09-21,"敬老の日

泥上げ後に佐々木さんと一休に行った。
14:00〜50円でレモンサワーを飲みまくった。
酔ったなー"
2020-09-23,"◾️出来なかった理由
・寝てしまった
→お酒を飲んだのが原因？
　体力がない？
・忙しかった
→そんなに時間がなかった？"
2020-09-25,"◾️出来なかった理由
・iPhoneをいじってた
→何か生産的だったか？"
2020-09-26,"◾️ストレスを感じること
・人の悪口や愚痴を聞くこと
20℃ 足立区 東京都 日本"
2020-09-28,"◾️出来なかった理由
・仕事で20時に帰って来た
→日中やる時間はなかったのか？
22℃ 足立区 東京都 日本"
2020-09-29,"◾️出来なかった理由
・小島さんの件で、建石さんと遅くまで話したから
20℃ 足立区 東京都 日本"
2020-10-02,"りんかの誕生日
午後は帰りました。

営業車の窓ガラスが割れた。
修理費15万とか…
高いなー

◾️瞑想が出来なかった理由
・お酒を飲んで眠くなってしまった
→飲まなければいい
23℃ 足立区 東京都 日本"
2020-10-03,"池袋のBOOKOFF充実してたなー
24℃ 足立区 東京都 日本"
2020-10-04,"◾️意志力が最も強いのはいつか？
・朝：やるべきことを進められた
23℃ 足立区 東京都 日本"
2020-10-06,"池袋の鬼金棒に行った。
カレシビラーメンてものを食べた。
味は普通だったなー
もう一回行きたいとは思わないかなー"
2020-10-08,"穏やかな一日。

特別管理の収集運搬の許可ってどうなんだろう？
試しに取ってみる。
16℃ 足立区 東京都 日本"
2020-10-09,"◾️出来なかった理由
・あまりにも眠すぎた
・ゆっくりし過ぎた

蓮がまたアレルギーで、今度は救急車で運ばれたらしい。点滴打って安静にする必要があったようです。"
2020-10-11,"今日はできなかったことはなかったかなと思う。
休みってあっとゆうまに終わって行くなー
22℃ 足立区 東京都 日本"
2020-10-13,"今日は決めたことを何一つできなかった。
帰ってきたのが9時だったから？
→言い訳。業務中に少しでもやる時間はあった。
21℃ 足立区 東京都 日本"
2020-10-14,"みさきさんとあまくさ大王に行った。
天草大王って意味わからなかった。

で、元カノと友達となれるか談義。
今のところ3対2で勝ってる。
20℃ 中央区 東京都 日本"
2020-10-16,"ドキュメンタリー風のAVで女優が泣くシーンっている？って篠ちゃんに聞いたら、要りますって男らしい返事が返ってきて感銘を受けました。"
2020-10-17,"ガス切り講習の1日目
ほとんど電子で漫画読んでた。
勉強になったこともあったなー

あやこに「豊田さんみたいなんだよなー」って軽いノリで言ったら、泣きながら怒ってた。
そんなに嫌だったのか…。
まぁ、私が悪いですよね。"
2020-10-18,"ガス切り講習2日目
酒井さんと雑談レベルで話してた問題がしっかり試験に出て助かった。

◾️出来なかった理由
何かモヤモヤしていた。
恐らくお金の問題だと思う"
2020-10-19,"みずほ証券の方が口座開設のために来た。
とにかく小難しい話を10分ぐらいされて、「まとめますと」って言ったから、期待したら、ほぼ同じ話を同じ時間使って喋られた…
途中から面白くなって来ちゃった。

アルバイトの面接の電話で、子供が障害者で、微熱とか出るとお迎えに行かなくちゃいけなくて、こうゆう時代だから在宅も限界があって、と延々と悲しい話を聞かされたけど、お断りした。
私は悪くないんだけど、何とも言えない気持ちになった。
17℃ 荒川区 東京都 日本"
2020-10-20,"電話で「なるほど」を連発されると、ちょっとイラついちゃうなー
自分も気をつけよう"
2020-10-21,"穏やかな1日。
穏やかって素晴らしい。
本質を見極めるって難しい。
18℃ 足立区 東京都 日本"
2020-10-22,"消化訓練とか実技とかで大きな声でちゃんと動き出来る人がすごくカッコいいと思う。自分はできないなー

神経質ではないけど、あるべきとこにあるべき物がないとちょっとイラっとする。

ゴリゴリの土方系の資格にカジヒデキみたいな渋谷系？代官山系？の2人が参加してた。ナヨナヨしてたなー。でもそんな感じが面白かったなー
20℃ 足立区 東京都 日本"
2020-10-23,"目の前で車が中央分離帯に突っ込んでパンクしてた…。
無事で良かったね。
そしてすげードキドキした。

尾崎さんがアフリカ系外国人にメチャ話しかけられてた。
尾崎さんマスクすると同じ外国人に見えるのかなー
18℃ 草加市 埼玉県 日本"
2020-10-24,"思い出して「あー！！」ってなる事
・20歳ぐらいの時に青学短大との合コン
・高校2年の時のポケベルにメッセージ
・中学時代の笠井美里との出来事

みさきさんと鶯谷園→日本酒バー
みたいなとこに行った。
17℃ 三郷市 埼玉県 日本"
2020-10-25,"中学行ったらアメフトやるってゆう夢を見た。
14℃ 足立区 東京都 日本"
2020-10-26,"実家に泥棒的な人がいて、窓の外からその人を見つけて「警察呼ばなきゃ」って声に出したんだけど、うまく発音できなくて苦しんでたら、実際はうなされてたってゆう夢を見た。"
2020-10-27,"Yahooニュースで、LINEの記事をよく見かけるけど、コレって自分がよくみてるからなんだよね。
LINEの使い方が気になる…
18℃ 足立区 東京都 日本"
2020-10-28,"タクシーに乗ったら、広告で人事系とかシステム系の広告がいっぱい流れてた。
わかってるなーって思った。
で、その間にBZのライブの広告があって、わかってるなーって思った。
20℃ 足立区 東京都 日本"
2020-10-29,"午後休もうと思ったら、3時までなんだかんだで仕事だった。
20℃ 足立区 東京都 日本"
2020-10-30,"小島さんに明日の研修の用紙をもらってお礼を言えた。
14℃ 足立区 東京都 日本"
2020-10-31,"アーク溶接1日目。
独り言が大きい人がいて、話しかけられてると思ったー
16℃ 八潮市 埼玉県 日本"
2020-11-01,"アーク溶接2日目
ほとんど寝てるか漫画読んでるかで、ちゃんと試験に受かるか心配です。

みさきさんの紹介？で恋愛免許証なるものをやった。
特徴がほとんどなくて、逆に恥ずかしい…

長文のLINEはやめようと思います。
重いしおじさんがすごいと思いました。
18℃ 足立区 東京都 日本"
2020-11-03,"文化の日

アーク溶接3日目
テストがあって結構難しかった。
佐々木さんがあまりできなかったって言ってて笑った。

ズコって体で表現するの古いよね
17℃ 足立区 東京都 日本"
2020-11-04,"青島食堂 秋葉原店に行ってみた。
生姜ベースのスープでよかった。
チャーシューも美味しかった。
けど、ちょっと味が濃かったかなと。

謎のメモが残ってて、謎だ…
5/25「てんこうがふじゃん」
意味がわからん。
19℃ 足立区 東京都 日本"
2020-11-06,"金田さんがホンダに突っ込んだ。
荒井さんに続き2回目。
結局の理由としては、車止めをしなかったことが原因。
どうしたもんだろう。
15℃ 足立区 東京都 日本"
2020-11-07,"体重が結構落ちていた。
昨日は金田さんの事故で精神的に考えることが多かったから？
前に蓮のことで絢子と揉めた時も、一気に体重が落ちた。
精神的なことって体重が落ちるんだなー。
何かに使えないかな。
14℃ 足立区 東京都 日本"
2020-11-08,"磯丸水産に、久しぶりに行った。
蟹の甲羅の味噌のやつ、相変わらず美味しかったなー。
20℃ 足立区 東京都 日本"
2020-11-09,"村松さんが今度は佐々木さんに吠えたらしい。
なんかもうウケるです。
残業時間のことで吠えてるのか？
田中さんの言い方で吠えてるのか？
13℃ 足立区 東京都 日本"
2020-11-10,"特に何もなかった。
穏やかな一日がどれだけ尊いかって事を実感する日。
14℃ 足立区 東京都 日本"
2020-11-11,"深夜の引取りに出た。
２トン車の遠出は初めてだったので、結構神経使ったー
佐々木さんが積み込みまでやってくれてありがたかった。
てゆーか、ただの運転手だった…
申し訳ない…

特にハプニングはなかったけど、
1.若い女性がかなり酔ってたんだけど、声をかけたら捕まる案件
2.佐々木さんにベッタリ付いていった
3.午前1:00に車のアラームが鳴って驚いた
10℃ 千代田区 東京都 日本"
2020-11-12,"村松さんがすごい勢いでやってきたけど、アメとムチで何とかなった。
ギリギリだったなー"
2020-11-13,"みさきさんとあなご専門店。
その後、ななみさんりあさんと酉の市に行って5:30ぐらいまで飲んだ。
そこにいた店員に絡み、12/1に飲みに行くことになった。
ホントに行くのかなー"
2020-11-14,"愛の不時着を見始めた。
面白い！！
夢中だね。"
2020-11-15,"愛の不時着2日目。
やっと半分見終わった。
これからどうなるのかワクワクです。
17℃ 足立区 東京都 日本"
2020-11-16,"愛の不時着見終わった。
ハッピーエンドで良かった。
ただ、韓国ドラマあるあるかもしれないけど、主演の女優さん泣き過ぎ。"
2020-11-18,"イデオンクラスが面白いなー"
2020-11-21,"「サイコだけど大丈夫」を見た。
主演の女優がすごいキレイで好きになった。キャラクターも魅力的で、すごい好きな作品になった。"
2020-11-22,"今日は銀座でホンダさんへの謝罪用手土産を買いに行きました。
朝、エッグスシングスに行った。コーヒーを2杯飲んだせいかわからないけど、お腹が痛くなって辛かった。
クリスマスツリーチャレンジで30枚ぐらい撮ったかなー

歌について、
「メロディーで恋をして、歌詞で愛に変わる」とのこと。
良い言葉だなー

好きな物の一つ「言葉」が好きだ
広告のコピーが好きだし、言い方で嫌いになったりもする。
日本語の特性が好きだし、煩わしかったりする
19℃ 足立区 東京都 日本"
2020-11-23,"勤労感謝の日

溶接とガス切りをやった。
溶接：スピードが早すぎる
ガス切り：ムダが多い
反省点ですね。"
2020-11-24,"オンラインクレーンゲームって不正ってニュース。
面白い発想だとは思うけど、確かに不正をやろうと思えば、どこまでもできそうだなー。
設定金額に行かないとアームを強くして、設定金額に行ったらアームが弱くなるって、なるほど！って思った。
12℃ 三郷市 埼玉県 日本"
2020-11-27,"佐々木さんの誕生日で
Daikichi
マティオ
シンギングバー
に行った。
シャンパンを6本開けたらしい"
2020-11-28,"佐々木さんが金曜日しれっと帰った後、路上で寝てて、警察のお世話になったらしい。
めっちゃウケる！！"
2020-12-01,"酉の市でりあさんがナンパした力くんと食事会だった。
良い子だったなー
で、結局マティオに最後までいて、韓国料理に行ったんだけど、もう恥ずかしいよ。"
2020-12-02,"ホントかウソかわからない話
糖尿病の尾崎さんがオシッコするとメッチャ泡立つ。
クリームソーダぐらい泡立つらしい。"
2020-12-03,"池袋でリップを落とした女性がいたので、拾ってあげて渡した。
こうゆう時代なので、出来るだけ触らないように渡したつもりなんだけど、女性の手と触れてドキっとした。
中学生並に緊張した。
8℃ 豊島区 東京都 日本"
2020-12-04,"イラついた話
長田広告が来て、イオンモールの広告だしませんか？と提案があった。
それ自体は全然魅力的なんだけど、
「イオンモールって年間何人ぐらいの来場者が来ると思いますか？」
まず、この質問がイラッとする。
マウンティングとられたー
次に、
「500万人ぐらいですかねー」
って答えたら、
「惜しい！5,000万人です」
って言われて、またイラッとした。
全然惜しくないし、やはりマウンティングとられた…"
2020-12-06,"オードリー若林のIPPONグランプリで滑った話。
それはそれで面白かったんだけど、その話の中で「自分に言い訳をする」って話があって、自分にも当てはまるなーって思った。
自分に言い訳する事を認めるのか、カッコ悪いと思うのか。考えよう。
11℃ 北区 東京都 日本"
2020-12-07,"チェンソーマンが来週で終わるらしい。

ISOの金城さんから退職の挨拶メールが来て、「厳しい方と思ったんですが、話しやすくて…」って言われたんだけど、厳しい方っている？？"
2020-12-08,"沖縄に引っ越す夢を見た。
周りのみんながすごく優しくて、あったかい夢だった。おそらく少し泣いてた。
こんなあったかい夢を見るのは初めてだった。

宮内といい感じになる夢も見た。

佐々木さんがみさきさんの事、呼び捨てにしてて、言ってよーってイジった。

近藤さんの狂気的な一面を見た。
×2らしい。
前妻に寝てる時にバットで殴られたらしい。殺される寸前だったらしい。
ゴキブリの殺し方とかエグかったなー

本社にMVの撮影で産廃の山の写真を撮らせて欲しいと電話がありました。
土曜日希望とのことだったので、断ったけど、一応誰ですか？と聞きました。
言いにくそうに「全然有名じゃないんです…」と言ってました。
今思えばこれから有名になるかもしれなかったなーって思った。

キーボードの操作でボケ続けたらあやこに殴られた
9℃ 足立区 東京都 日本"
2020-12-13,"前のヤードの照明工事に立ち会う。
午前は、進撃の巨人の漫画を読みまくり、午後は今際の国のアリスを見てた。
何もしてないけど、色々進んで良かったなー
9℃ 足立区 東京都 日本"
2020-12-14,"NIコラボの、森美里さんと話した。
三郷ジャンクションの話
栃木県の肌がキレイな話
ノリがいい方だなーって思った

みさきさんの誕生日ウィーク
菜々美さんとの軽い下ネタ話がたのしかったなー"
2020-12-18,"みさきさんの誕生日でマティオに行った。
コロナ禍でも結構お客さんがいて、流石だなと思った。
綺麗だったなー
緊張したなー

席についてくれた人と筋肉の話になって、胸を触らせたら乳首が立ってて恥ずかしかった。"
2020-12-24,"みさきさんと韓国料理を食べに行った。
その後結局1:00までマティオにいた…
みさきさんからお手紙貰いましたが、良いこと書いてあったけど、勘違いしちゃいけないなと思います。
初詣に行く約束をした。"
2020-12-27,"歩行者信号点滅の時に渡らないで止まる人。ちゃんとしてると思う。
12℃ 豊島区 東京都 日本"
2020-12-28,"コマニーで1日働いた。
かなりの量だったけど、何とか形になってよかった。
アレを篠ちゃん一人でやるとなると、終わらないだろうなー"
2020-12-29,"48グループのメンバーが卒業する時に、「これからは夢に向かって頑張ります」って言うけど、本当に夢に向かって努力してる人いるのかなー　左斜めに見てて自分が嫌になる

クリスペプラーってラジオでかなりイキってる感じがする

ふと思い出したんだけど、前に占いに行った時に「ここ2〜3年は耐える年だ」って言われたけど、よく考えたら前厄、本厄、後厄だから、そう言われたらそうだよねって思った。

久本雅美のモノマネをどっかで使いたい
「わかるわ〜6年目なの？わかるわ〜、次は7年目って感じやろ〜、わかるわ〜」ってやつ。

劇団ひとりが狂気的でマジウケる！！
10℃ 足立区 東京都 日本"
2020-12-30,"長池さんに急に呼び出せれて仕事だった。
なんて勝手な人だと思ったけど、次の仕事のためです。
11℃ 三郷市 埼玉県 日本"
2020-12-31,"池袋に本を買いに行って色々しようかなって、思ったけど人が多くて嫌になりました。

また義母と娘のぶるーすがやってた。やはり良い話なんだろうなー。
7℃ 足立区 東京都 日本"
2021-01-01,"元日


「食べるもの」が体を作るように、「発する言葉」が心を形作ります。
10℃ 荒川区 東京都 日本"
2021-01-02,"BTSがアジア系で初めて米国議会でスピーチを行った。
そのスピーチが「差別などを乗り越えて、あなたの声を本音を聞かせて欲しい」との内容で絶賛されたらしい。
絶対、スピーチライターがいるなとすぐ思ったのは悪い癖なのかな。、
7℃ 足立区 東京都 日本"
2021-01-03,"◼︎高校野球
1.慶応の6番が校歌が終わったら後、対戦相手にも礼をしてた。気持ちがいいね。多分サヨナラヒットを打った子

2.足が悪いマネージャーをおぶって試合開始と終了の集合挨拶に行っていた。
その試合負けてしまっての夜の熱闘甲子園。泣けた…"
2021-01-04,"ドラッカー7つの教訓
1.目標とビジョンを持って行動する
2.常にベストを尽くす。「神々が見ている」と考える
3.一時に一つのことに集中する
4.定期的に検証と反省を行い、計画を立てる
5.新しい仕事が要求するものを考える。
6.仕事で挙げるべき成果を書き留めておき、実際の結果をフィードバックする
7.「何をもって憶えられたいか」を考える。
7℃ 足立区 東京都 日本"
2021-01-05,"みさきさんと神田明神に行ってお祈りしてきた。
明日から仕事だー
7℃ 足立区 東京都 日本"
2021-01-06,"前厄話1
ETCカードが入ってると思って運転してたら、入ってなくてETCバーを突破した。
映画のようでした。

電車でバックナンバーを爆音で流してしまってすげー恥ずかしかった
隣の女性に「バックナンバーですか？私も好きなんです」って言われて、その人のことを好きになった。
5℃ 三郷市 埼玉県 日本"
2021-01-07,"◾️何でだろー
・水に同じ量の砂糖と塩を混ぜるとしょっぱい

・とうもろこしの粒は絶対偶数"
2021-01-08,"芸能人の素人奥さんがブログなりTwitterなりをやってるのがニュースになるのって何か違和感…
5℃ 足立区 東京都 日本"
2021-01-09,"・音楽チャンプの琴音ってゆう人が歌った、手嶌葵の歌がヤバかった

・IKKOが「いつまでもキレイでいたいって思うことが、その年代年代でキレイでいる秘訣です！」って言ってる横で「個人の見解です」ってゆう文字がまぁまぁ大きく写っててなんだかなぁって思った。

・スタバで「ちょうどいただきましたので、レシートのお返しです」って何かおかしくない？

・ユアウェルカムの話→文脈や会話の中でしか、本当の意味なんてわからない（ニュアンスの話）からの スタバの話

・フィギュア男子の4位だった中国人のジャンプが特徴的だった

・手を合わせていただきます
 →ケーキの前でもやると何か違和感

・お婆さんが腰曲がってる
→ゆりかご"
2021-01-10,"エクセシオールカフェで帰り際に「コーヒーの味全然しなかった！」って捨て台詞吐いて行った人何だろう…

高校時代に悟朗の日清のカップヌードルの肉だけを全部食べたら、メチャ怒られたのをふと思い出しました。
すげー怒ってたなー
7℃ 足立区 東京都 日本"
2021-01-11,"成人の日

◾️読めば心が熱くなる
人生というのは魂の修行の場ではないかと考えている。 

苦難は魂を純化、深化させるために与えられている試練であり、成功もその人間がどこまで謙虚でいられるかを試すものでしかない。 

稲盛和夫(京セラ創業者)
3℃ 足立区 東京都 日本"
2021-01-12,"占いの紙を無くした〜

浦島太郎の話の言いたいことって何だろう…
5℃ 足立区 東京都 日本"
2021-01-13,"◾️読めば心が熱くなる
上手くいくと自分が努力したからだとつい思ってしまう。しかしその割合って実は少ない。周りの人の支えや助けがあって初めて物事は上手くいく。
- 山中伸弥教授
6℃ 足立区 東京都 日本"
2021-01-14,"「髪切った？」って聞かれてうまい返しが思いつかない。
何が正解かわかりません。"
2021-01-16,"オナホやAVのケースだけが捨ててある。
中身だけ持って帰る心理を想像してみる

映画やドラマなど先にあらすじを知ってから内容を見るか？

関西弁が浸透してる中、関東人が関西弁使うのどう？
7℃ 三郷市 埼玉県 日本"
2021-01-17,"「太った」の甘い返し
→「大好きな君が増えて嬉しい」
6℃ 足立区 東京都 日本"
2021-01-18,"みさきさんと伊勢重→マティオ→カラオケバーに行った。
みさきさんが俺を潰す的なアレでしたけど、返り討ちに合って寝てたなー
寝顔が可愛かった。
ありがたい話です。"
2021-01-19,"午前中は使い物にならなかったなー

午後は休んだ。"
2021-01-20,"蓮の東海大学浦安中学校の受験日だった。
キレイな校舎だったけど、家から遠いな…
慣れるのかもしれないけどー
5℃ 足立区 東京都 日本"
2021-01-21,"蓮が東海大学浦安中学に受かって嬉しそうだったなー

正しい決断と間違った決断の違い、共通項は捨てられたかどうか。
8℃ 足立区 東京都 日本"
2021-01-22,"山崎さんのお子さんがコロナにかかったらしい。恐らく山崎さんもコロナでしょう。
13℃ 三郷市 埼玉県 日本"
2021-01-25,"「ハッと気づいて」って普通に言ったけど、「ハッと気付いて、寒い日におしっこした後ブルっとするぐらい体中に衝撃が走った」って言った方が、面白かっただろなー。後悔…"
2021-01-26,"新大久保駅で韓国人が線路に落ちた人を助けて死んじゃった事故から20年経つそうだ。
あの映画の事を思い出す。
まったくの情報0で行った映画での衝撃具合。あの感覚をまた味わいたいなー
5℃ 三郷市 埼玉県 日本"
2021-01-27,"◾️使いたいフレーズ
NGかギリギリNG
15℃ 三郷市 埼玉県 日本"
2021-01-28,"◾️使いたいフレーズ
謝謝　→ シェイ&シェイ
6℃ 三郷市 埼玉県 日本"
2021-01-29,"「肌色」とゆう色鉛筆が無くなるらしい。時代だね。
4℃ 足立区 東京都 日本"
2021-02-01,"日大一高の一日目終了。
落ちたけど、本人ケロっとしててウケる。

城西大は受かってた。
なかなかやりますねー
10℃ 足立区 東京都 日本"
2021-02-02,"日大一高の二日目
今日も落ちたけど、あと2回チャンスがあるみたいです。
9℃ 足立区 東京都 日本"
2021-02-05,"結局、日大一高は全滅でした。
蓮なりに思うとこはあると思うけど、次のステージで頑張るしかないね。
9℃ 足立区 東京都 日本"
2021-02-09,"尾崎さんの奥さんが闇金でお金を借りたらしく、会社にずっと電話がなってビックリした。"
2021-02-12,"マティオが今日で終わりとのこでした。
みんなどうなるんでしょうね。"
2021-02-20,"ラジオで自分を含めて誰かの誕生日を言うと、パーソナリティーが言ってくれる企画があって、自分のことを「お誕生日」って言う人キモくない？
しかも43歳の男。
12℃ 戸田市 埼玉県 日本"
2021-03-01,"坂本冬美35周年記念公演に行った。
泉ピン子が抜群のトーク力で盛り上げてたなー
常務が盗撮してて、何だかなーって思った。

その後みさきさんと軽く飲んだ。
新店舗の件、77の件、なかなか深い悩みでした。"
2021-03-08,"この人と仲良くなれそうだなって話
「つまらない人」の話でこちらから振ったら、自分の話もしてくれた。
電話番号を聞いて、最後の2桁を当てさせようとする会話"
2021-03-09,"明治安田生命の営業の話
・使いかけ？のパンケーキの粉
・タバコの匂いがひどい
・結局何だったのか…"
2021-03-11,"みさきさんと飲んだ
カニ道楽→ルージュではなく、臨時のお店
その後ななみさんと合流したんだけど、全然記憶ないです…"
2021-03-12,"二日酔いが酷すぎて何もできず…
疲れがピークの時に強めのお酒を飲んだからだなー"
2021-03-13,"オープンを解体した。
山上さんだとメチャクチャ早く解体するな。流石だと思った。"
2021-04-06,"蓮の入学式。

髪の毛を少し切った。
洗車した。
アサガミ宇都木支店長と打ち合わせ。"
2021-04-07,"血尿で病院に来た。
やはり結石でした。
しかも前は左だけだったのに、右にもできてた。
聞いてるだけで何か痛い気がしてきましたよね。
15℃ 足立区 東京都 日本"
2021-04-09,"佐々木さんとみさきさんとななみさんと朝4時まで飲んだ。"
2021-04-10,"二日酔いで会社を急遽休んだよねー
11℃ 足立区 東京都 日本"
2021-04-11,"犬を見に、千葉県の銚子の方に行った。
可愛いかったなー
17℃ 足立区 東京都 日本"
2021-04-12,"ななみさんの元カレの誕生日を紛らわす会の開催で22時ぐらいから朝の5時まで遊んだ。
あの2人体力お化けだった。

マカロニえんぴつのライブ映像を見て、カッコよかったなー"
2021-04-13,"朝の5時まで飲んでたらそりゃ辛いわなー
18℃ 三郷市 埼玉県 日本"
2021-04-14,"何かななみさんの元カレが亡くなったらしいってみさきさんから聞いたけど、何とも言えない気持ちになります。
11℃ 足立区 東京都 日本"
2021-04-15,"玉置さんの聞き返してくる顔、ムカついたなー"
2021-04-16,"先輩、上司とかの間違いをどれくらいのトーンで直せるか？"
2021-04-17,"◾️読めば心が熱くなる
失敗する経営者の条件
調子の良い時に自惚れず、調子の悪い時にへこたれない。
たとえ1ヶ月でも赤字を出さない

後藤昌幸
滋賀ダイハツ販売グループオーナー"
2021-04-18,"今日から家に犬が来た。
ポメラニアンで、パッチと名付けた。
カワイイねー

◾️読めば心が熱くなる
営業マンの鉄則十五箇条
1.教養を身につけ、人間性を養え
2.旬を逃すな
3.絶えず、相手の幸せを考えよ
4.自分の心をコントロールできるようになれ
5.服装、身なりは清潔に
6.自分が経営者で社長と思え
7.親しき仲にも礼儀あり
8.態度は低く、心は高く
9.客を育てよ
10.商品を学び、自信をもて
11.目標と計画をしっかり立てよ
12.逆境に負けるな
13.男は度胸、女は愛嬌でゆけ
14.テクニック（聞き上手）を研究せよ
15.人に負ける事が当たり前になるな

林薫
ハヤシ人材教育研究所長
15℃ 足立区 東京都 日本"
2021-04-19,"事業に失敗するこつ十二箇条

1.旧来の方法が一番良いと信じていること
2.餅は餅屋だとうぬぼれていること
3.暇がないと言って本を読まぬ事
4.どうにかなると考えていること
5.稼ぐに追いつく貧乏なしとむやみやたらと骨を折ること
6.よいものは黙っていても売れると安心していること
7.高い給料は出せぬといって人をやすくつかうこと
8.支払いは延ばす方が徳だとなるべく支払わぬ工夫をすること
9.機械は高いといって人を使うこと
10.お客はわがまま過ぎると考えること
11.商売人は人情が禁物だと考えること
12.そんなことはできないと改善せぬこと

菅原勇継
玉子屋社長"
2021-04-20,"月島もんじゃもへじに行った。
美味しかったなー
みさきさんが途中から寝てたなー
疲れてるんだろうなー

商いは飽きてはいけない

一生懸命やっていれば仕事が仕事を教えてくれる

千葉ウメ
鎌倉鉢の木創業者"
2021-04-21,"エネルギーは出し切れ

徹底して一人で考える。
自分なりにある結論に達するまではどうしてらいいかと人には一切相談しない。
事業は継続しなければならない。
それには勝ち続けなければいけない。

飯田亮
セコム会長"
2021-04-22,"マカロニえんぴつのライブのチケットが当たってしまったー
驚きです。

君はそれ、自分で確かめたんか？

自分で現場を歩き、自分で確かめて結論を出す。
会社として正しい判断をして欲しい。
自分が提言することは会社にとって正しい、と自信を持って言えるかどうか。そうでなければ本当の意味で仕事をしているとは言えないでしょう。

佐久間昇二
WOWOW相談役
14℃ 足立区 東京都 日本"
2021-04-23,"豊田さんと金田さんには困ったもんだなー
林さんを通して話をして欲しいんだよなー
クレーンを横森さん以外にも必要だと思う。
金子さんに任せようと思う。

黒田官兵衛や西郷隆盛に影響を与えた書物

政治は人民の支持があって初めて成り立つもの

土文夫
JF Eホールディングス特別顧問
15℃ 足立区 東京都 日本"
2021-04-24,"パッチがだんだん躾けられてきているー

信用を使ってはならぬ

信用は世間から貰った切符

黒田正之助
コクヨ会長
17℃ 足立区 東京都 日本"
2021-04-25,"人物の条件

気概を旺盛にする
エネルギー旺盛にする
理想を持った元気

安岡正篤
東洋思想家"
2021-04-26,"◾️読めば心が熱くなる
段取り力を鍛える

「これやっておけよ」と言われた仕事を、倍のスピードで終わらせる

笠原将弘
日本料理「賛否両論」店主"
2021-04-27,"◾️読めば心が熱くなる
1日に最低10回は「日本一」と口にする

あたたはコーチしている対象の人の話を聴いていますか？
指導者が常日頃どのような態度でこどもたちと接し、どのような言葉を発しているか。それによってチームの成長、勝負の別れ目が決まる

西谷浩一
大阪桐蔭高校野球部監督"
2021-04-28,"マニュアルの先にあるものを読む

その場の状況を見て、今これが必要だと感じたらスッと動く。要はどれだけ気が効くかってこと。

陳健一
四川飯店オーナーシェフ"
2021-04-29,"昭和の日

◾️読めば心が熱くなる
褒める人間は敵だと思え

桂歌丸
落語芸術協会会長"
2021-04-30,"◾️読めば心が熱くなる
始めあらざるなし、克く終わりある鮮し

何事も初めはともかくやっていくが、それを終わりまで全うする人は少ない。すなわち、終わりまで全うすることの大切さ。

伊興田學
論語普及会学監"
2021-05-01,"ママ友の集まりで、ハイタッチではなくてグータッチしてて笑えた。

愛想悪いトンカツ屋に行ったけど、味は美味しかった。量もエグかったなー
ただカウンター席が満席で、常連ばっかりなんだろうなー
常連が付くお店は大丈夫な気がする。

◾️読めば心が熱くなるこ
日本には唯一の地下資源がある

日本の地下資源＝勤勉
忘れてはいけない

簗瀬次郎
ヤナセ会長
18℃ 足立区 東京都 日本"
2021-05-02,"みさきさんって池田エライザにちょっと似てるかも。

ギロチンダストをふるった。
準備が完全ならば、30tぐらいは一日でできちゃうなー

◾️読めば心が熱くなる
悪い会社幹部の三タイプ

名ばかり重役
事業手腕がまるでない人
会社を利用して私利私欲のために動く人

結局のところ道徳に欠けることから起きる弊害。

渋沢栄一
実業家
16℃ 足立区 東京都 日本"
2021-05-03,"憲法記念日

天気予報で「◯◯年ぶり」って表現が気になる。誰に向けて言ってるんでしょうか。

フランスの哲学者、ジャン=ポール・サルトルはこう言った。「人生はBとDのあいだのCである」。人の一生は、「Birth(誕生)」から「Death(死)」のあいだにする「Choice(選択)」で決まる

白いものを黒と言われた意味を考える

牧野眞一
ムッシュマキノオーナーシェフ

15℃ 足立区 東京都 日本"
2021-05-04,"みどりの日

ひと手間加えるだけで驚きの味に！って場合のひと手間がすごいめんどかったりするから、それは一手間ではなくて工程のひとつなんだと思う。

◾️読めば心が熱くなる
ブランドを築くために大切なこと

ブランドというのは、小石を一つひとつ積み上げていく作業
例えば、封筒のデザイン、社員の言動、名刺などすべてにブランドが宿っていく

水野学
クリエイティブディレクター
22℃ 足立区 東京都 日本"
2021-05-05,"こどもの日

逃走中 子供の日スペシャル
毎回この番組見て思うのが、ハンターは逃亡者に付いてるカメラマンを見つければ、絶対見つけられると思うんだけど…
あと子供に対して大人のハンターだったら、見つかったら絶対に逃げきれないよね。
この番組嫌いだわー

成功する人は脳に何をインプットしているか

運を感じる能力「運感力」というものがある。運があると思っている人間は、根拠のない自信を持っている。
根拠があれば自信なんて誰でも持てる
18℃ 足立区 東京都 日本"
2021-05-06,"みさきさんとしゃぶしゃぶに行ったんだけど、店員さんが微妙でした。
ロマンチックの話と高輪ゲートウェイの話と奢る奢られの話ですか盛り上がった。
銀座、メチャ人少なくて驚きでした。

オカムラさんと打ち合わせ。
石膏ボート780t/年の仕事取りに行きたいなー

人を叱るコツ

現行犯で叱る
古いことはもちださない
しつこく叱らない

よくなるまで本気でぶつかり、良くなるまで、あの手この手で引き上げようとする。叱るとはその子の可能性を信じるということ。

井村雅代
アーティスティクスイミング日本代表ヘッドコーチ"
2021-05-07,"地主の豊田さんからお通夜と告別式の誘いがきた。このコロナ禍の中、わざわぞ誘うなんてなんか裏がありそうで嫌ですねー

会社は修行の道場

染谷和巳
アイウィル主宰"
2021-05-08,"トラックに大分慣れてきた。
ミスしないようにしないと。

国際情勢を見る四つの要諦
早く見つけること
じっくり行動する
粘り強く交渉
潔く譲歩する
→タイミングを読む
そのためには「情報力（インテリジェンス）」が必要

中西輝政
京都大学名誉教授
21℃ 足立区 東京都 日本"
2021-05-09,"幸運を招来する方法
食を節すること
感謝の心をもつ

中矢伸一
日本弥栄の会代表"
2021-05-10,"◾️読めば心が熱くなる
コツはただ、コツコツコツコツやることだ
隣人へのいたわりや優しさのない人間がつくる芸術は、すべて嘘と言ってもいい
人間の姿勢は一つでいい
どんな人にもへつらわず、細やかな心遣いを示す

笹戸千津子
彫刻家"
2021-05-11,"あいのり「桃」誰だよ！
Yahooニュースによく出てくるけど…

◾️読めば心が熱くなる
「まね、慣れ、己」
サービスとは、プロとして訓練された社員が給料をいただいて、お客様のために正確にお役に立って、お客様から感激と満足感を引き出すこと
最初はとにかく丸暗記
自分の体験が伴って納得できると、言葉が生きてきて、最後には自分オリジナルの言葉になる

小田禎彦
加賀屋会長
19℃ 三郷市 埼玉県 日本"
2021-05-12,"◾️読めば心が熱くなる
「夢が人生をつくる」
人生に夢があるのではなく、夢が人生をつくるのだ
漫然と生きてるだけでは人生に意義は生まれない。
最初に実現したいと強く思う夢や目標を抱くからこそ、それを絶えず追い求め努力していくからこそ、人生は作られていく

川端克宣
アース製薬社長"
2021-05-13,"◾️読めば心が熱くなる
「民族滅亡の三原則」
一、理想（夢）を失った民族
一、すべての価値をもので捉え、心の価値を見失った民族
一、自国の歴史を忘れた民族


中条高徳
アサヒビール名誉顧問"
2021-05-14,"今この歳（40歳）になって、今更そんなことで怒ったり突っ込んだりするのがダサいかなーって思うようになった。

◾️読めば心が熱くなる
「腹中書あれば負けず」
個人にせよ、国家にせよ、心配の中にあっえこそはじめて生き抜くことができ、安楽にふければ必ず死を招く

青木ひろ憲
AOKIホールディングス会長
28℃ 三郷市 埼玉県 日本"
2021-05-14,"今この歳（40歳）になって、今更そんなことで怒ったり突っ込んだりするのがダサいかなーって思うようになった。

◾️読めば心が熱くなる
「腹中書あれば負けず」
個人にせよ、国家にせよ、心配の中にあってこそはじめて生き抜くことができ、安楽にふければ必ず死を招く

青木ひろ憲
AOKIホールディングス会長
28℃ 三郷市 埼玉県 日本"
2021-05-15,"漫画とかアニメのキャラクター人気投票で、キャラクターではなく、例えば「愛染のメガネ」とか送る人。
で、同じような考え方をしてる人が3人とかいて逆に恥ずかしいんじゃないかなって思うんだよね。

◾️読めば心が熱くなる
「時間のものさし」
時間を計るものさしは無数にある。そのものさしを使って物事を考えることが大切。

林雄二郎
日本フィランソロピー協会顧問
トヨタ財団元専務理事"
2021-05-16,"久しぶりに料理をした。
・たくあんチャーハン
・チヂミ
・ポテトサラダ

たくあんチャーハンはたくあんをもう少し入れてもよかったなー
チヂミは姿が酷かった。

◾️読めば心が熱くなる
「試す人になろう」
オプティミズムを根底に、実践の中で何がGOODかという試行錯誤を無限に続ける。真理はあると信じて行動することで未来は開けて来ると思う。

野中郁次郎
一橋大学名誉教授"
2021-05-17,"やる気が出ないー
帰っちゃおー

◾️読めば心が熱くなる
「どういう会社が奇跡を起こすのか」
常識ではない。世の中を幸せにしようときう正しい目的があって、わくわく、楽しく、一生懸命やっていれば奇跡は起こる。
そして株価が三倍、十倍となってくると、どんどん情報が入ってくる。必要なものが集まってくる。

竹田和平
24℃ 足立区 東京都 日本"
2021-05-18,"◾️読めば心が熱くなる
「知恵を富に換えるのが仕事」
結局、成功するために何が必要かと考えてみると、自分が夢中になれることを仕事をするか、与えられた仕事に夢中になるかしかない。
いくら知恵をつけても、それをお金に換えられなければ仕事ではない。
能力とは、目標を達成するために「情熱を持続させる力」

林野宏
クレディセゾン"
2021-05-19,"◾️読めば心が熱くなる
「人間の脳波を止めてしまう言葉」
夢というのは自分で大好きなことをやってみたいという思い。だったらやってみればいい。それだけの話。
過去のノウハウばかりではなく、時に自分自身すら否定してしまって「コレでいいのか」と本気で動き出す時に、ゼロから一が生まれる。

植松努
植松電気代表取締役"
2021-05-20,"◾️読めば心が熱くなる
「天ぷらが揚がる百七十度のエネルギー・熱意を出せ」
飛行機が離陸する時のガソリンの量と千キロ飛ぶガソリンの量は同じ。
戦うとはどうゆうことか。
それは、全てを振り捨てて、その目標のために、いかに合理的な手を打つかということ。

森下篤史
テンポスバスターズ社長"
2021-05-21,"折れることができない人は、自分に自信がない人。オードリー若林

みさきさんとななみさんと銀座のゲイバーに行った。1人キツめのゲイがいて、怖かったなー。

◾️読めば心が熱くなる
「百里への道の半分は、五十里ではなく九十九里」
九十九里の努力の下地があったからこそ成功する

小田豊四郎
六花亭製菓代表取締役
25℃ 足立区 東京都 日本"
2021-05-22,"◾️読めば心が熱くなる
「病気もようこそと考える」
同じ病気をしても、それをチャンスの受け止めれば、失うことを通し、病むことを、通して学ばせていただくことがたくさんある。平素から、三つ失ったら、そのことを通して五つ気づくくらいの心構えておれば、すべて喜びとなる。"
2021-05-22,"◾️読めば心が熱くなる
「病気もようこそと考える」
同じ病気をしても、それをチャンスの受け止めれば、失うことを通し、病むことを通して学ばせていただくことがたくさんある。平素から、三つ失ったら、そのことを通して五つ気づくくらいの心構えておれば、すべて喜びとなる。"
2021-05-23,"マカロニえんぴつのツアーに連れてもらった。
溶けない
シュガーレス
カッコよかったねー

◾️読めば心が熱くなる
「嫉妬しているうちは福は回ってこない」
自分だけ勝てばいいというのであれば一流にはなれない。人間、嫉妬しているうちは本当の福は回ってこない。たとえライバルだとしても、人の喜びをよかったねと心から喜んでわあげて、私も頑張るわと発奮剤にできる人じゃないと伸びない

小出義雄
佐倉アスリート倶楽部社長"
2021-05-24,"◾️読めば心が熱くなる
「人を恨む行為は、人生をつまらなくする」
人生は有限。
人を恨むという行為は、その限られた人生を実につまらないものにしてしまうと考える。恨んで、恨んで、自分の時間、すなわち自分の命を削っていくような人生を、私は送りたいとは思わない。

河野義行
松本サリン事件被害者"
2021-05-25,"◾️読めば心が熱くなる
「人生はあなたに絶望していない」
人間誰しも苦悩を持っている。しかし、あなたが人生に絶望しても、人生はあなたに絶望していない。あなたを待っている誰かや何かがある限り、あなたは生き延びることができるし、自己実現できる。

永田勝太郎
公益財団法人国際全人医療研究所理事長"
2021-05-26,"◾️読めば心が熱くなる
「人の痛みがわかる本当のチャンピオンになれ」
我々は何か起こるとすぐに人を批判する。だけど、人を批判しても何の解決にならない。それに対して自分はどうあるべきか、自分は何ができるのか、すべてを自分に置き換えて考えていかないも、何も解決できない。

山下泰裕
東海大学教授"
2021-05-27,"◾️読めば心が熱くなる
「仕事は自分で探し出すもの」
仕事は上司から与えられるものではなく自分で探すもの

桜井正光
リコー会長"
2021-05-28,"◾️読めば心が熱くなる
「いつも不安の中に身を置く」
いつも不安の中に身を置いて、昨日をぶち壊していく

堀文子
日本画家"
2021-05-29,"◾️読めば心が熱くなる
「人生は三を切る」
人生は踏み切る、割り切る、思い切るの三切る。踏み切ったらまずは割り切って一生懸命やってみる。それでもダメなら思い切ればいいじゃない。君は踏み切ったばかりでもう思い切ろうとしているが、それはまだ早いりもうしばらく割り切って続けるべき

津田晃
野村證券元専務"
2021-05-30,"◾️読めば心が熱くなる
「ナンバー1とナンバー2の違い」
百の決断をしても百間違えないつもりで私はやっている。絶対間違えないぞと。そのまさためにいろいろ情報も必要ですが、それが全部揃うまで待っていては気を逸してしまう。不完全な情報から本質を見極めなければならないから確かに難しい。
間違えるのが人間だと言っているようでは経営者は務まらない。

古森重隆
富士フィルムホールディングス会長兼CEO"
2021-05-31,"みさきさんと宮ちゃんに行った。
りあさんも来た。りあさんもルージュに来るらしく、また友達が増えたなー

何か馬が付いてるお酒飲んで、美味しかった気はするけど強いお酒でした。
で、安定の4時まで遊ぶってね。

◾️読めば心が熱くなる
「物事を成就させる秘訣」
大事なことは目的をはっきりさせること。
みんな目的に対して忠誠をお互いに誓う。
その次なその人達を常にうましめない、退屈させないこと。次から次へと具体的な仕事、共同でやる仕事を与えること。
同時にみんなに感謝すること。
結局、働きたい、考えたい、喜ばれたいという欲求が人間にはある。これを生かしてやれば、意欲というのはますます、強くなっていく。

西堀栄三郎
理学博士"
2021-05-31,"みさきさんと宮ちゃんに行った。
りあさんも来た。りあさんもルージュに来るらしく、また友達が増えたなー

何か馬が付いてるお酒飲んで、美味しかった気はするけど強いお酒でした。
で、安定の4時まで遊ぶってね。

◾️読めば心が熱くなる
「物事を成就させる秘訣」
大事なことは目的をはっきりさせること。
みんな目的に対して忠誠をお互いに誓う。
その次は、その人達を常にうましめない、退屈させないこと。次から次へと具体的な仕事、共同でやる仕事を与えること。
同時にみんなに感謝すること。
結局、働きたい、考えたい、喜ばれたいという欲求が人間にはある。これを生かしてやれば、意欲というのはますます、強くなっていく。

西堀栄三郎
理学博士"
2021-06-01,"エコとか安全って言われると何も言えなくなる風潮なんだろう。

◾️読めば心が熱くなる
人間のプロになれ
人は皆、生まれた時から、人間のプロになると言う使命を担っているのではないかと考える。人間であれば心があるのだから、挨拶もするし、相手への思い遣りも当然持つ。何も特別な事は必要なく、当たり前のことを当たり前にできるようになれば、その人は人間として立派なプロだ。
病気や年齢の壁に立ち向かいわ自らに挑み続けるのともその条件の一つ

杉原輝雄
プロゴルファー"
2021-06-02,"大阪なおみの問題
鬱って公表した瞬間、手のひら返したように擁護する人たち。

◾️読めば心が熱くなる
運は自分がこしらえるもの
人から見て運が悪そうだとしても、あぁ、私は運がいいなあ、何で運がいいんだろうと思っていると運が良くなる

宇野千代
作家
23℃ 足立区 東京都 日本"
2021-06-03,"090で始まる携帯番号の人おじさんってゆうyahooニュースの題名だけを見た。
てゆーか見た目でわかるよね？？

◾️読めば心が熱くなる
宇宙と私たちは一体である
私という自我がなければ、この世に苦しみはないということを強烈に感じた

柳澤桂子
生命科学者
23℃ 足立区 東京都 日本"
2021-06-04,"◾️読めば心が熱くなる
マザー・テレサはなぜキレなかったのか
人に話した「自分の心との葛藤」と「自分と対話するゆとり」が必要
「煩わしいもの」や「イライラするもの」「面倒くさいもの」が、必ずそんざいする。そうゆう時にグッと我慢をして、「これらを我慢するから、どうかあの人の病気が治りますように」と他人を思いやったり、「仕方がないようね」と許す「ゆとり」を自分の中につくる。キレそうになる自分をおさえるための、自分との小さな闘いが必要

渡辺和子
ノートルダム清心学園理事長"
2021-06-05,"◾️読めば心が熱くなる
働くとは人にサービスすること
問題を一つずう経済性と文化性に分けて、そのバランスを保つようにしていくと、皆がそこそこ好むものが浮き上がってくる。
働くとは即ち人にサービスをすることだと思う。人のことを考えられる能力が高いということであり、幸福になれる条件ではないかと

木戸岡鋭治
工業デザイナー"
2021-06-05,"◾️読めば心が熱くなる
働くとは人にサービスすること
問題を一つずつ経済性と文化性に分けて、そのバランスを保つようにしていくと、皆がそこそこ好むものが浮き上がってくる。
働くとは即ち人にサービスをすることだと思う。人のことを考えられる能力が高いということであり、幸福になれる条件ではないかと

木戸岡鋭治
工業デザイナー"
2021-06-06,"◾️読めば心が熱くなる
腹を括れば、自分がなくなる
「腹を括れ」といつも言っている。
腹を括れば自分がなくなる。そうすれば逆に自分が自由になる。自分にせいげんをかけているのは自分でしかない。

水野彌一
京都大学アメリカンフットボール部前監督"
2021-06-07,"◾️読めば心が熱くなる
耐え抜くところから信用はついてくる
「神様は僕を一回りも二回りも大きくなれよということでいまこの試練を与えてくれているた」
耐えて耐えて耐え抜くところこら信用はついてくるのではないかと思う。社員に一番口やかましく言うのは「苦しみからしか人間としての成長はないんだ。楽をしようとしたらダメだ。神様は絶対にいいことは与えてくれない」ということ

比屋根毅
エーデルワイス社長"
2021-06-08,"◾️読めば心が熱くなる
やらされている百発より、やる気の一発
結局、人にやらされてすることは好まず。自らが求めて行動する、という意識が抜群に強かったのだろう

中村豪
愛知工業大学名電高等学校・豊田大谷高等学校硬式野球部元監督"
2021-06-09,"◾️読めば心が熱くなる
修練と勇気、あとはゴミ
どんな才能があっても、結局、元気がなきゃダメなんだということがわかる
「ある人が飛躍して才能を発揮する時には、皆が寝ている時にその人は寝ていなかった」

黒柳徹子
女優・ユニセフ親善大使"
2021-06-10,"みさきさんとヌガに行った。
その後ルージュでLINEのアイコンを見せたかったみさきさんと、LINEを見られたくない私との誤解から、軽く険悪な雰囲気になった時、ななみさんがバランサーで呼ばれて軽くウケましたね。
ルージュで、みさきさん、ななみさん、りあさん、めぐさんに囲まれて、マティオでした。

酔ったみさきさんを送ったけど、家の鍵がないとのことでアパホテル泊まったけど、理性を抑えきれなかったです。
最後まで行かなかったのが唯一の救いかなと。

◾️読めば心が熱くなる
「くれない族」では幸せになれない
他人が「〜をしてくれない」と嘆く前に、自分が人に何かしてあげられることはないかと考えるべき。
自己を丹精にするにはまず一生を懸けていいという目的を持ってなきゃいけない。その目的に向かって、どう言う人間に自分を仕上げたいのか。人間はもちろん脇道に逸れる時間も必要ですけれども、やっぱり自分を訓練していくと同時に、自分も他者のために、少し手助けする気持ちを持つことが大切です

曽根綾子
作家"
2021-06-11,"エアコンが全然涼しくならないから修理してもらう。
エアコンが効かないなんて地獄です。

◾️読めば心が熱くなる
現場力の高め方
経営者が現場に対してあるごとに「君たちが会社のエンジンなんだぞ」と働きかけ、モチベーションを高めること。
現場の仕事をよく見て、「この前のあの改善、よかったな」と褒めること。そして貢献した人物を正しく評価して登用していくこと。
良いお手本、良い事例を実際に見せることが最も効果的。
トヨタでは自分達の業務を改善するのが当たり前という企業風土が根付いている。
現場力は一朝一夕に高まるものではな、時間をかけて作っていく組織能力である。

遠藤功
シナ・コーポレーション代表取締役"
2021-06-12,"あちこちオードリーを見た。
ゲストがロンドンブーツの田村淳だった。
ずっとMCの仕事、骨組みを作る仕事。
本当は無茶苦茶やりたいのに…の葛藤。
でも見てる人は見てるよ（35%ぐらい？）って話だった。

果たして自分はどうかな。
やまたけで10年経って、イメージを具現化する仕事、骨組みを作る仕事ばかりしてるかな。
本当にやりたいことは何だろう？？
ふと考える。
そんな時、ななみさんはどうかなって思った。

◾️読めば心が熱くなる
内なる自分と信頼関係を築く
「小人閑居して不善を為し、至らざるところなし（つまらない人間は暇があるとよくないこを考え、何をしでかすか分からない）」
とにかく人は他人からの援助や協力を求めたがる。しかし、一番大切なのは自分からの信頼だ。

河原成美
力の源ホールディングス社長、ラーメン店「一風堂」創業者"
2021-06-13,"髪の毛を切った。
北千住のマルイの近くのところ。
ツーブロックを結構深めにやってもらったんだけど、コレはコレでありかなと。
あとはスタイリング次第ですかねー

三郷のアルミから煙が出て大騒ぎになった。

◾️読めば心が熱くなる
選手育成の鉄則
帝京高校で取り組んできたことは、選手たちに「夢」をもたせること。そしてそれを追うための「やる気」さらにそのやる気を持続させるために不可欠なのが「アイデア」
その三つを司るものの中に「基本」と言うものを置いた

古沼貞雄
サッカー指導者・帝京高等学校サッカー部元監督
25℃ 足立区 東京都 日本"
2021-06-14,"アルミのグロスから煙が出て大騒ぎになった。
社長の色々な発言に納得いかないけど、納得するしかないよね。

◾️読めば心が熱くなる
色眼鏡でものを見るな
なぜ売れているのか、どこが優れているのかを探るのがものを見る時の基本。
自分の目で見て悪く思えるものも、もう少し次元の高いところから見れば、実は大きな可能性があるかもしれない

酒巻久
キャノン電子会長
22℃ 足立区 東京都 日本"
2021-06-15,"テレビ千鳥の「ウィッス選手権」が面白かった。

◾️読めば心が熱くなる
雪絵ちゃんとの最後の約束
山元加津子
特別支援学校教諭
24℃ 足立区 東京都 日本"
2021-06-16,"アルミを冷やすため、ハシゴに登ってホース持ってたら勢いがすごくて落ちて死にそうになった。

◾️読めば心が熱くなる
あんたが変わらなければあかん
「変わらなければあかん」というのは、この心の闇の部分だ

脇谷みどり
作家
22℃ 足立区 東京都 日本"
2021-06-17,"みさきさんに朝から呼ばれて秋葉原へ。
そして、夜みさきさんと一緒だった。
「瀬戸際」「初めて」ってゆうフレーズが面白かった。

◾️読めば心が熱くなる
破草の公案
千玄室
茶道裏千家前家元"
2021-06-18,"佐々木さんと、アルミ屑について水素爆発するかもって情報を見てしまって夜通し監視することにした。
みさきさんが無敵で酔ってるらしいけど、今回は行けなかったなー

「真にうける」ってフレーズ使っていきたい。

◾️読めば心が熱くなる
立ち直ろうとしないのはあんたのせいや
大平光代
弁護士
24℃ 三郷市 埼玉県 日本"
2021-06-19,"ローソンにて、女性しかいない日でした。
しかも二人組。珍しい。
レジで待ってる事にイライラしてるおじいさん。怖いわー
あぁなりたくないわー

◾️読めば心が熱くなる
死は前よりしも来らず、かねてうしろに迫れり
自分もいつ死ぬか分からないのだから、どう死のうと、喜び上手に、隅から隅までフルに行きたい

清川妙
作家
22℃ 足立区 東京都 日本"
2021-06-20,"禁酒生活6日目。
体重が64.1kgになった！
この調子で63kgになりたいなー

準備、実行、後始末
物事を行うということは、すべて「準備、実行、後始末」である。
「準備、実行、後始末」というのはワンクール。ワンクールができるということは、簡単に言えば、しっかりしている、ちゃんとしているということではないか

桜井章一
雀鬼会会長
28℃ 足立区 東京都 日本"
2021-06-21,"私は虫であり、虫はわたしである
熊田千佳慕
生物画家"
2021-06-22,"正射必中
ビジネスの秘訣とは「当てる」ではなくて「当たる」とこにあると考えている。ビジネスにおける「的」はお客様のこと。お客様の　という的に「当てる」ことを狙わずに「当たる」というヒット現象を起こす

ジェローム・シュシャン
ゴディバジャパン社長"
2021-06-23,"稽古に泣いて土俵に笑う
何かのために頑張るというものを常に持っている人でないとダメだ

尾車浩一
尾車部屋親方"
2021-06-24,"◾️読めば心が熱くなる
「もう一回」の言葉の重み
一番、一番が勝負だよ、吸い物はそう簡単なものじゃない、料理の道は無限であるという精神を伝えてくださったのではないか

石原仁司
日本料理・未在店主"
2021-06-25,"小島さんが引き継ぎが終わり次第、辞めると言った。
8月までに後任を探さなければ。

言われて嬉しい言葉。
初めて言われる表現。

この世は愛の教習所
人生は様々な出来事が起きるけど、その全てが愛するためのトレーニングの場

鮫島純子
エッセイスト
24℃ 足立区 東京都 日本"
2021-06-26,"みさきさんに誘ってもらって、creepynutsとマカロニとかが出るライブに連れて行ってもらった。
creepy nutsのライブを見た時の興奮を何て言葉にしてらいいんだろう。
すごい楽しかったなー
みさき氏に感謝です。

◾️読めば心が熱くなる
人生を切り開く「ダブルゴール」
目の前のゴールと未来のゴールを同時に考えて設定することで、彼ら自身の力で人生を切り開いていってほしい

岩出雅之
帝京大学ラグビー部監督"
2021-06-27,"本気でもがこう。

不可能を可能に変える経営哲学
変化は当然起こるから、あらゆる変化に対していかに対応するかを考えていくことが大事

鈴木敏文
セブン&アイ・ホールディングス名誉顧問"
2021-06-28,"天命追求型の生き方・目標達成型の生き方
秀吉は最初から天下取りなど考えず、いつも「いま、この」に全力投球する生き方を貫いたから、夢を超えることができた

白駒妃登美
ことほぎ代表取締役"
2021-06-29,"「まだまだ」と「よし」
堀澤祖門
三千院門跡門主"
2021-06-30,"太っている男性、ピンクのシャツ着がち

◾️読めば心が熱くなる
前提条件を覆せ
「最適や限界というのは前提条件を固定した時に決まる。君たちは前提条件を覆すために採用されているんだ。くだらん質問はするな」
ちゃんとアイデアは持っているけど、具体的にああしろ、こうしろとは敢えて言わない。ヒントだけ教えてくれる。そうやって考えることのできる人間を作ってくれた

林南八
元トヨタ自動車技監
23℃ 戸田市 埼玉県 日本"
2021-07-01,"ボーリングに行った。
久しぶりすぎて自分がどんなんだったか忘れてたけど、2ゲーム目は150出たから良かった。
重心と腕の振りが大事なんだなと思った。

みさきさんとアフターした時、急にコンビニで何かを買い出して、どうするのかなって思ったら、ホテルで飲み直しなんだね。
みさきさんと関係を持った。
カワイイ人ですね。

心のじょうぎ
石川紀行
草木谷を守る会代表"
2021-07-02,"◾️読めば心が熱くなる

大事なのは丸い土俵から何を学ぶか
誰もが夢だとか目標だとか言うけれどもそういうもこではない。毎日同じことの繰り返しだよ。コツコツ、一つのことを根気強く続けるか

納谷幸喜
相撲博物館館長・元横綱大鵬"
2021-07-03,"みんながいるところで、一人でネットの記事とかSNSとか見て、「何コレ。ウケる」みたいな事言って、「何？」待ちするのウザイよね。

自分の荷は自分で背負って
「悲しみを通して、初めて見さしてもらえる世界がある」

宇治田透玄
東井義雄記念館館長"
2021-07-04,"裏のヤードの鉄板張り替え作業。
佐々木さんと一緒。

◾️読めば心が熱くなる
一流になりたければ超一流に触れよ
高橋忠之
志摩観光ホテル元総料理長兼総支配人
21℃ 三郷市 埼玉県 日本"
2021-07-05,"梨泰院クラスのすげー好きな歌を歌ってる人がテレビ出てて、まぁしょうがないんだけどビジュアルがガッカリした。
もっとカッコいい人かと勝手に想像してた。

松本伊代のバックダンサーがおばさんでなんだかなーって思った。

麦は踏まれて強くなる
小さい頃や若い頃に苦労して、踏まれて踏まれて大きくなった人間が将来大物になるんだ。
普通のことを考え、普通のことをしていたら、普通のことしかできない

小嶺忠敏
長崎県立国見高等学校サッカー部総監督
26℃ 足立区 東京都 日本"
2021-07-06,"伸びる選手には「狡猾さ」がある
伸びる選手の共通点として、能力はもちろん大事ですが、やはり正しい努力ができるか、自分の強み、弱みをしっかり分析できるか。もう一つ挙げると、いい意味での狡賢さが必要。
チームを勝たせるのはなによりも指導者の情熱、本気度

田中澄憲
明治大学ラグビー部監督"
2021-07-07,"⬜︎使いたいフレーズ
・◯◯オブザイヤー
・お薬出しときますねー

◾️読めば心が熱くなる
仕事でもらったスランプは仕事で返す
スランプやストレスは何から起きてるかと言えば、結局は仕事から起きている。だから、そのすとは仕事でしか解消できない

松本明慶
大沸師"
2021-07-08,"みさきさん、ななみさん、りのさんとボーリングした。
俺、普通にできたなー

◾️読めば心が熱くなる
限界をつくっているのは自分自身
与えられたものに感謝しつつ、それぞれの仕事、それぞれの立場において、今一瞬を生き切る。全力を尽くすこと。これが間違いなく悟りに近づいている道であり、伝教大師の求めた一隅を照らすことに繋がる

宮本祖豊
十二年籠山行満行者・比叡山延暦寺円龍院住職"
2021-07-09,"◾️読めば心が熱くなる
尊敬する人を持たない人は成長しない
プロというのは、ただお金を稼ぐだけでなく、万人に愛される人間性を持っていないと本物ではないと思う。
尊敬する人を持たない人は成長しないし、プロにはなれない

橋本保雄
日本ホスピタリティ推進協会理事長・ホテルオークラ元副社長"
2021-07-10,"◾️読めば心が熱くなる
心・力・意を尽くす
しなければならない仕事からは逃げない。ベストを尽くすより他、方法がないと思って、それを貫いてきた。
その時その時、与えられた役割を精一杯果たしていくしかない

辰巳芳子
料理研究家"
2021-07-11,"停電工事
炎センサー工事

◾️読めば心が熱くなる
足下を掘れ、そこに泉あり
自分に与えられた仕事、自分に与えられた役割を、手をぬかずにやり尽くすことが人生では大切。
与えられた仕事をコツコツと地道にやり続けた先に、自分にしか到達できない泉がある。その豊かな泉を掘り当てるまでのプロセスが、「一念、道を拓く」ということ

宮本輝
作家
25℃ 三郷市 埼玉県 日本"
2021-07-12,"あちこちオードリー　星野源の回
物事を見る目線が優しい
枠に入れられたくない時期があった
腐るような流れでも他の方法を模索する

◾️読めば心が熱くなる
金がないから何もできないという人間は

「金がないから何も出来ないという人間は、金があっても何もできない」

大村智
北里大学特別栄誉教授
29℃ 足立区 東京都 日本"
2021-07-13,"経営的発想ができる人間が伸びる
どういう人間が伸びていくか、それは経営的発想で物事を考えられる人。大きく分けると、会社の中には仕事をする人と作業をする人しかいない。
自分の一つひとつの言動、極端に言うと会社の中で一歩動いたら、その一歩が社益に繋がっている。あるいは、付加価値を生み出している。それが仕事。
たとえ単純作業であっても、どうやったら効率を上げることができるか、不良品を少なくできるかということを絶えず考えていかなければならない

川田達男
セーレン会長兼CEO"
2021-07-14,"アサガミ久保田所長とお話。
来週のオリンピック期間とお盆もコマニーが多くの案件を受けてるとのこと。
廃棄も多く片付けを依頼された。

その中で「楽しくやろうぜ」と言っていただいた。いつもその言葉をいただく。
「楽しくやろうぜ」って今の私には言えないけど、その言葉に救われる。
そうゆう人になりたい。

素人発想、玄人実行
成功している人はだいたいしつこい人が多い。これは負けず嫌いということにも繋がる。
とらわれのない、素人のような視点で物事をかんご。しかし、それを、形にしていくにはプロとしての知識と熟練された技が必要。
本当の玄人性に疑問を持てるかどうか。もっと言うならば、時に自分が築き上げてきた実績を捨てる勇気があるか。

金井武雄
カーネギーメロン大学教授"
2021-07-15,"舘野さんの話。
豊田さんからの話と他の人からの目線が違い過ぎてウケた。
パートさんにウザ絡みするらしい。それを金子さんが直接舘野さんにそのまま言ったらしい。クラッシャー金子だな。

◾️読めば心が熱くなる
男は十年だ
「男は十年だ」
十年同じ場所で頑張っていると、見えるものは、見えてくるし、できることはできるようになる

北方謙三
作家
30℃ 足立区 東京都 日本"
2021-07-16,"daikichiであかねさんとりささんに相手してもらった。あっとゆうまに1.5h過ぎたなー。楽しかった。

その後、ななみさんの誕生日会でルージュに行った。終始楽しかったんだけど、さっちゃんさんから始まったシャンパン早飲み競争がエグかったなー。
久しぶりに酔った気がする。
その後みさきさんと秋葉原のホテルに行った。どうゆう流れでホテルに行ったのか覚えてない。けど、9時までいた。
ディズニーシーに行きたいって言ってたなー

一生一作
長谷川富三郎
版画家"
2021-07-17,"9時までホテルにいて寝てないから、午前中は本社でずっと寝てた。

◾️読めば心が熱くなる
能力を高める秘訣
まず大切なのはやってみること。生命は行動する者にのみその力を発揮する。
最も大切なことはいかに育てるか。才能はたるものではなく、創るもの。
優れた才能をつくるために最も大切なことは、何度でも繰り返してやる。
正しい方法による、より多くの訓練、これが能力の育つ原則

鈴木鎮一
才能教育研究会会長"
2021-07-18,"種田山頭火という生き方
大山澄太
俳人"
2021-07-19,"人生は美しいことだけ覚えてればいい
自分の人生が先にあって、人生観なり自分の気質なりにぴったり合う言葉を見つけた時に、嬉しくなってそれが力杖になる
美しいことだけ覚えていれば、人生捨てたものじゃない
上機嫌に怒るということは、つまり、あとに怒りの余燼、憎しみや恨みを残さないこと

佐藤愛子
作家"
2021-07-20,"コマニーで製品がB倉庫に満載で、本当に今日は何もしなかったなー

◾️読めば心が熱くなる
与えられた環境を最大限に生かす
良い選手になるためには、いかに早く自分の長所に気づき、それを伸ばす努力をするかが重要

稲尾和久
プロ野球解説者
28℃ 足立区 東京都 日本"
2021-07-21,"しのちゃんがアキバのマッサージ店に行って15,000円払って普通のマッサージって笑った。

良い人と歩けば祭り、悪い人と一緒は修行

小林ハル
人間国宝
33℃ 三郷市 埼玉県 日本"
2021-07-22,"海の日

みさきさんとサンシャインのガチャガチャの森とボンディー（カレー屋）に行った。
ボンディー美味しかったなー。
カレーランキング1位になりました。

私はピアノので、ピアノは私
夢を持つ、夢を追いかけるなんていうのは、夢と自分との間に距離があるでしょう。そうではなくて、自分と一つになっているものがある。そういうものがあると、運命が巡り巡って、神様は必ず配慮してくれる。

フジコ・ヘミング
ピアニスト"
2021-07-23,"スポーツの日

オリンピック開会式。
やはり無観客だと選手がかわいそうだよね。
でも盛り上がって欲しいなと思う。

社長が求めているものを求めているか
仕事が上達する人とそうでない人との差は「意識」

河田勝彦
オーボンヴェータンオーナーシェフ"
2021-07-24,"もんじゃ2回、焼肉、たこ焼き挟むやつ2個食べたら今まで体験したことのないお腹の膨れで、本当に苦しかった。
死ぬかと思った。

人生、すべて当たりくじ
大事なのは、どのような厳しい環境でも、そこに踏みとどまって頑張ること。
人事異動でも何でも世間の誰もが「はずれくじ」と思う出来事がある。でも、世間や周囲の人がどうあれ、自分だけは「このくじは当たりだ」と思うことが大事

塙昭彦
セブン&アイ・フードシステムズ社長、前イトーヨーカ堂中国総代表"
2021-07-25,"オリンピックのスケボー競技を見た。
堀米君が凄かったなー
どことなく中島さんに似ててウケる。

◾️読めば心が熱くなる
創業時を支えた二つの言葉
潰れる、潰れると思うから心が萎縮し、思い切った仕事ができない。明日潰れてもいいじゃないか。今日一日中、朝から晩まで体の続く限り働く。明日のことは考えない。今日一日に集中しよう。
日頃社員に不満を募らせていたけれども、その原因は社員にあるのではなく、すべては長である自分自身にある。自分自身が変わらない限り社員は変わらない。
よかれあしかれ、過去の因の積み重ねが今日の結果をつくっている。未来をよくしようと思えば、1分1秒も疎かに過ごせない。

鳥羽博道
ドトールコーヒー名誉会長
34℃ 足立区 東京都 日本"
2021-07-26,"舘野さんから「いつ社員にしてくれるのですか？」と直接話が来た。
本当の理由は言わないで、コマニーはしのちゃん以外ダメだって言われてるから余裕がないと説明した。
半分ホントで半分嘘。
舘野さん問題が一つ解決したけど、人を切るのってやっぱ少し心が痛みます。
甘えですけどね。

仕事は追いかけられるな、追いかけろ
「仕事は追いかけられるな、追いかけろ」といことで、要は、仕事は先に、先にしなさい。

森口邦彦
染色家・人間国宝
29℃ 三郷市 埼玉県 日本"
2021-07-27,"意味のある意思決定は必ずどこかで捨てることを伴う

コマニーが史上3番目にひどかったなー

シュタゲを篠ちゃんに熱弁されて見てみようと思います。

断ったらプロじゃない
断ること自体が自分には許せないと言うか、断ったらプロじゃないと思う。

新津春子
日本空港テクノ所属環境マイスター
22℃ 三郷市 埼玉県 日本"
2021-07-28,"ハイジャックされた電車から乗客を助けただすミッションを与えられた。
草彅剛が乗ってて、最優先で助けなきゃって思って、これから突入する時に目が覚めた。

◾️読めば心が熱くなる
トップアスリートの共通項
やるべきことがあったら、すぐにやる。気分が乗らなくても無理やりにでも始めてしまう。コレを繰り返すうちに徐々に脳の構造も変化し、新しいことにも積極的に挑戦する人間に自己変革できる。
テクニックとして有効なのは、何かを始める前にはルーティン、一定の動作を行うこと

荒牧勇
中京大学院スポーツ科学部教授
26℃ 川口市 埼玉県 日本"
2021-07-29,"みさきさんと雰囲気のある和食からのルージュ。
さちさんの挑発に乗ってはしゃいだ。
40万使ってビックリー
その後、記憶が定かじゃないけど錦糸町のラブホに行ったんだけど、エロかったなー

◾️読めば心が熱くなる
私と差し違えるつもりで来なさい
君の話には魂がこもってない。本当に認めてほしいなら、私と差し違えるつもりできなさい。その気迫がないものは去りなさい。

植木義晴
日本航空会長"
2021-07-30,"舘野さんの件で、一回人を切る作業したら何か精神的に楽になった。
また人を切ることができそう。
いいんだか悪いんだかはわからないけど。

運を無駄遣いする人、味方につける人
「心想事成」と言う言葉が好きでよく揮毫させていただく。心に想うことは成るという意味ですが、そのためには平素からどれだけ本気で勝負に打ち込んできたかということが大切。

谷川浩司
日本将棋連盟棋士九段
29℃ 三郷市 埼玉県 日本"
2021-07-31,"どこまで人を許せるか
塩見志満子
のらねこ学かん代表"
2021-08-01,"◾️読めば心が熱くなる
発想力を鍛えるためのポイント

発想力を鍛えるためのポイントを3つ
1.物事をうたがってかかること
2.勘を磨く
3.何事においても「できないと言わない、思わない」
発想力を語る上でなによりも大事なことが「人を喜ばせたい」というシンプルな気持ちを忘れないこと

山本康博
ビジネス・バリュー・クリエイションズ代表"
2021-08-02,"◾️読めば心が熱くなる
最も問題が解決しない考え方

人のせいにする事
「人のせいにして問題は解決しますか」

岸良裕司
ゴールドラット・コンサルティング日本代表"
2021-08-03,"◾️読めば心が熱くなる
「あおいくま」の教え
あせるな
おこるな
いばるな
くさるな
まけるな

滝川広志（コロッケ）
ものまねタレント・俳優"
2021-08-04,"◾️読めば心が熱くなる
幸福になる四つの因子
1.「やってみよう」自己実現と成長の因子
2.「ありがとう」繋がりと感謝の因子
3.「何とかなる」前向きと楽観の因子
4.「ありのままに」独立と自分らしさの因子

前野隆司
慶應義塾大学大学院教授"
2021-08-05,"ルージュに行ったけど、ちゃんとその日のうちに帰れた。
ちゃんとその日に帰りたい。

◾️読めば心が熱くなる
鏡の前で毎日言い続けていることば

松岡修造
スポーツキャスター"
2021-08-06,"◾️読めば心が熱くなる
自分の仕事に命をかけなさい

加藤彰彦
沖縄大学人文学部福祉文化学科教授"
2021-08-07,"みさきさんがオーバードーズしたくなるんだって。
また新しい言葉とマジで大丈夫かなって心配したし、昨日銀座まで迎えに行けば良かったなって後悔もした。
でも元気そうで本当に良かった。

◾️読めば心が熱くなる
前後祭断・瞬間燃焼

斎藤智也
聖光学院高等学校硬式野球部監督
29℃ 足立区 東京都 日本"
2021-08-08,"山の日

自動車保険のCMで、今ならケンタッキー4ピースプレゼントってあるけど、それ目当てで保険に加入する人いないよね。
ああゆうキャンペーン意味あるのかなー

◾️読めば心が熱くなる
苦を忘れるために夢中になる

坂東玉三郎
歌舞伎俳優
25℃ 足立区 東京都 日本"
2021-08-09,"振替休日

みさきさんとパチンコをした。
大工の源さんやったら、結構当たったなー。ビギナーズラックってやつだろうな。

◾️読めば心が熱くなる
清、負けたらあかん！

川辺清
五苑マルシングループ代表"
2021-08-10,"◾️読めば心が熱くなる
「人」という字を刻んだ息子

秋丸由美子
明月堂教育室長"
2021-08-11,"みさきさんから妊娠報告！！
ガビーん！
でもすごい冷静な自分がいて驚く。
何でかなー

◾️読めば心が熱くなる
あずさからのメッセージ

是松いづみ
福岡市立百また浜小学校特別支援学級教諭
28℃ 足立区 東京都 日本"
2021-08-12,"https://article.yahoo.co.jp/detail/c3fb868f874d1dcebab4055a9578bbcdbb619213

こうゆう、時期を見て「阿部兄弟」って言わせたいランキングなんなの？怒りさえ覚える。

◾️読めば心が熱くなる
上手な苦労と下手な苦労

素質を磨き上げるには、もう勉強しかありません

淡谷のり子
歌手
29℃ 川崎市多摩区 神奈川県 日本"
2021-08-13,"◾️読めば心が熱くなる
売れる商品と売れない商品の差

「君はこういう長所があるから、しっかりやれよ。こういう欠点もあるから、この点を気をつけよ」
結局、経営のコツというのは、いかに人間の能力を引き出すか、引き出し得るかということ

松野幸吉
日本ビクター会長"
2021-08-14,"みさきさんと、

食品サンプル
ボナフェスタ
勝浦海岸
東京タワー
錦糸町のラブホ

2回したら、流石に眠くなるよね。

◾️読めば心が熱くなる
一に国語、二に国語、三、四がなくて五に算数

藤原正彦
数学者"
2021-08-15,"スカイツリーへ食品サンプルを作りに行った。

クラムチャウダーぶっかけられて、身動きできないほど熱かった…。
なかなか動けないものだね。

◾️読めば心が熱くなる
ルバング島で孤独感がなかった理由

自分の頭で自分の体をコントロールする。健康でないと思考さえ狂って、消極的になってしまう

小野田寛郎
元陸軍少尉・財団法人小野田自然塾理事長
19℃ 足立区 東京都 日本"
2021-08-16,"◾️読めば心が熱くなる
クリエイターに必要な三要素

早乙女哲哉
天ぷら「みかわ是山居」主人"
2021-08-17,"みさきさんの妊娠に対して、軽い発言を繰り返して泣かせてしまった。
俺って、人の気持ちがわからないところがあって考えものだな。
発言には気をつけよう。

◾️読めば心が熱くなる
結果のコミュニケーション

やりきる文化

田村潤
100年プランニング代表・キリンビール元副社長
25℃ 足立区 東京都 日本"
2021-08-18,"なぜ男は清楚系を求めるのか？

◾️読めば心が熱くなる
頭の強い人弱い人

目の前の出来事を素直に受け止める、情熱を持ち続ける、それから常に明るい。この3つが運を掴む上で大事

片岡一則
ナノ医療イノベーションセンター　センター長"
2021-08-19,"会社の携帯のGoogleアカウントが同期されてるから、検索履歴がみんな見れる状態。
その中で、「ほうけい手術　痛い」ってのがあって悩んでるんだなーって思った。
面白そうだから、ごく一部の人だけで他の人には教えないでおこうと思う。

◾️読めば心が熱くなる
戦艦大和の上官がくれた命を

八杉康夫
戦艦大和語り部
28℃ 足立区 東京都 日本"
2021-08-20,"エルソール通信でなかなかの強者が現れて、ちょっと面白かった。

◾️読めば心が熱くなる
自分の仕事を天職だと考える

福地茂雄
アサヒビール社長"
2021-08-21,"◾️読めば心が熱くなる
鈴木大拙の風韻

岡村美穂子
大谷大学非常勤講師"
2021-08-22,"◾️読めば心が熱くなる
手術の極意は「独坐大雄峰」

佐野公俊
明徳会総合新川橋病院副院長：脳神経外科顧問"
2021-08-23,"◾️読めば心が熱くなる
小林秀雄から教わった歴史を知る意味

占部賢志
福岡県立太宰府高等学校教諭"
2021-08-24,"◾️読めば心が熱くなる
伸びる人と伸びない人の差

山田満知子
フィギュアスケーター"
2021-08-25,"◾️読めば心が熱くなる
ノーベル賞を取るための五箇条
1.いままでの行きがかりにとらわれない
2.教えはいくら受けてもいいご、大先生にのめりこまない
3.無用なガラクタ情報に惑わされない
4.創造力を発揮して自分の主張を貫くには闘うことを避けてはならない
5.子供のような飽くなき好奇心と初々しい感性を失ってはいけない"
2021-08-26,"◾️読めば心が熱くなる
「感動分岐点」を超えられるか

塚本こなみ
浜松市みどり振興財団理事長"
2021-08-27,"◾️読めば心が熱くなる
帰りがけの挨拶を見ておくように

高嶋栄
船井総合ホールディングス社長"
2021-08-28,"◾️読めば心が熱くなる
困難は解決策を連れてくる

川勝宣昭
DANTOTZ consulting代表"
2021-08-29,"才能って挑戦する能力
平等は、機会を与えることで、結果を保証するものではない

◾️読めば心が熱くなる
一生懸命やらなかったことを失敗という

高田明
ジャパネットたかた創業者
29℃ 足立区 東京都 日本"
2021-08-30,"◾️読めば心が熱くなる
自分の思う限界は限界ではない

山川宗玄
正眼寺住職"
2021-08-31,"ぱいかじ行ってからルージュに行った。
みさきさんは酒が飲めなくてアレだったけど、さちゃーんにまたやられた気がする。あんま記憶ない。
その後錦糸町のホテルに行ったけど、そこまでの記憶がやはりない。
気づいたらみさきさんを抱いていたところもある。
もったいない気もするなー

◾️読めば心が熱くなる
人が嫌がることを三百やる

奥田政之
「アル・ケッチャーノ」オーナーシェフ"
2021-09-01,"◾️読めば心が熱くなる
「三つ星」を取れる人と取れない人の差

一流のプロの条件は二つある。
一つは高品質な仕事をすること
もう一つはそれを継続して行うこと

米田肇　HAJIMEオーナーシェフ"
2021-09-02,"モデルナ製のワクチンを打った。
何か体調悪めです。
ゴールデンカムイが今全巻無料で公開してるけど、北海道の先に行く話はいらないと思った。
けど、それも含めて楽しい作品だなー

◾️読めば心が熱くなる
すべて私にお任せください

加藤健二
元キャピトル東急ホテル　エグゼブティブコンシェルジュ"
2021-09-03,"ワクチン接種2日目
とにかく腕が痛すぎる
熱も出できたし、やはり副反応が出たなー

◾️読めば心が熱くなる
偉い人間にならなくていい、立派な人間になれ

ガッツ石松
戻ったけどWBA世界ライト級チャンピオン
21℃ 足立区 東京都 日本"
2021-09-04,"iPad Airとpencil、Magic Keyboardを買いました。
電気シェーバーも買いました。

◾️読めば心が熱くなる
仕事に言い訳をしちゃいけないよ

三浦由紀江
日本レストランエンタプライズ大宮営業所長"
2021-09-05,"髪を切りました。

◾️読めば心が熱くなる
明日を案ずるより今日を最期と生きるのです

石川真理子
作家
24℃ 豊島区 東京都 日本"
2021-09-06,"新入社員ハイの話
小島さんにいい匂いするねって言ったら、中島さんから、それセクハラですよって言われた。

◾️読めば心が熱くなる
今日の決心がそなたの家の存亡にかかわる

二宮尊徳
農政家"
2021-09-07,"オードリーの若林が星野源のオールナイトニッポンに出てて、「普通」について話しててとても興味深かった。最後のポップウイルスのラップバージョンも良かったなー

◾️読めば心が熱くなる
本当に大事なことは二十年かかる

中村桂子
JT生命誌研究館館長"
2021-09-08,"ニューオータニでスーパーモンブランを1/4もらった。重くてビックリ！
コレを全部食べられる人っているのかなー

ルージュでななみさんと久しぶりに長めのお話しをした。
みさきさんと上野のホテルに行った。
綺麗だったなー

◾️読めば心が熱くなる
相手が自分を必要とする時は

人間誰しも生きていれば思い通りにならないこともあるだろう。しかし、その時に自分の希望ばかりに固執するのではなく、相手の必要と期待に応える。それを自らの果たすべき使命と捉えることも、自分の一つの実存と言えるだろう。

牛尾治朗
ウシオ電機会長"
2021-09-09,"ISOの3日目でした。
何か褒められたけど、ほとんどISO総研の関口さんとかのおかげでした。

みさきさんと朝話したけど、どうするつもりなんでしょうか。
体調悪げだけど、睡眠不足が原因なんだと思うけど。

◾️読めば心が熱くなる
人生の後半をどう生きるか

外山滋比古
お茶の水女子大学名誉教授"
2021-09-10,"◾️読めば心が熱くなる
戦死した二人の兄の教え

相田みつを
書家"
2021-09-11,"◾️読めば心が熱くなる
気を満ち溢れさせる四条件

一つめ、スピードのあるキビキビした動き
二つめ、明るく大きな声
三つめ、隙を見せない緊張感
四つめ、貪欲さ

唐地恒二
九州旅客鉄道会長"
2021-09-12,"星野源のエッセイを3冊買った。

オードリーのオールナイトニッポンに石川佳純さんがゲストで好きになった。

◾️読めば心が熱くなる
平生の心の持ち方により芸術の高低が出る

谷川徹三
哲学者
26℃ 足立区 東京都 日本"
2021-09-13,"◾️読めば心が熱くなる
塩瀬饅頭総本家の家訓

川島英子
塩瀬総本家三十四代当主・会長"
2021-09-14,"◾️読めば心が熱くなる
時は心のうちに　からだのうちに積もりゆくもの

山本富士子
女優"
2021-09-15,"宮崎に成田メタルの産廃の講習会できた。
夜ご飯を何か美味しい物でもと思ったけど、駅近に何もなかったのとめんどくさくなっちゃって結局ケンタッキーで済ませた。
やっぱ一人では何もかもめんどくさくなっちゃうなー

◾️読めば心が熱くなる
その職務に死ぬ覚悟がなければ本物になれぬ

野尻武敏
神戸大学名誉教授電話生活協同組合員コープ神戸理事長
25℃ 宮崎市 宮崎県 日本"
2021-09-16,"佳奈と福岡で飲んだ。
久しぶりに会ったけど、変わってないやつだ。
福岡暑かったなー

◾️読めば心が熱くなる
下積みがなけりゃ、偉くなれない

松久朋琳
大仏師"
2021-09-17,"本当は帰ってこないつもりだったけど、ほぼ正直に言って福岡から帰ってきた。
オードリーの春日事件を聞いてたからかなー

台風がちょうど九州に上陸する前に逃げ出せて良かった。

◾️読めば心が熱くなる
本物の人物を撮る心得

藤森武
写真家
25℃ 荒川区 東京都 日本"
2021-09-18,"昨日、みさきさん、さっちゃん、ななみさんと宮ちゃんからのルージュだったが、本当に酔ってしまって記憶ないなー。
結局アフターは無しで、車で寝ちゃったもんね。家に帰れば良かったのに。

◾️読めば心が熱くなる
悪いが良い、良いが悪い

日々考吉
名古屋製酪社長"
2021-09-19,"あちこちオードリーの話
ロンブー淳を救ったナイナイ矢部のアドバイス。
面白い番組になって注目されるのはボケの人たち。MCは視聴者には評価されない。でもちゃんと見てくれてる人はいる。そうゆう人達に向けてやってみれば？
仕事にも通じる話だな。

◾️読めば心が熱くなる
祈らない祈り　仕事は祈り

鷺珠江
河井寛次郎記念館学芸員"
2021-09-20,"敬老の日

すごいゆっくりできたなー

◾️読めば心が熱くなる
小売業がうまくいくかの指標はただ一つ

大久保常夫
成城石井社長"
2021-09-21,"やっと吉野石膏から契約書きた。
何だかなー。

◾️読めば心が熱くなる
真心尽くせ　人知らずとも

松原泰道
南無の会会長・龍源寺前住職"
2021-09-22,"「ありふれた職業で世界最強」のアニメを全部見た。
転生モノとしては転スラが一番面白いかなー。

◾️読めば心が熱くなる
宣長は何によって偉い人になったのか

吉田悦之
本居宣長記念館館長"
2021-09-23,"秋分の日

目白の有名なケーキ屋に行った。
10時開店で9:00の時点では誰もいなかったけど、9:30になったら8人ぐらい並んでた。

◾️読めば心が熱くなる
四耐四不

平岩外四
東京電力社長
31℃ 足立区 東京都 日本"
2021-09-24,"みさきさんとうららに行ってからのルージュ。
1時まで飲んだけど、全然酔わなかったなー。

◾️読めば心が熱くなる
覚悟を決めよう

井上康生
全日本柔道男子代表監督"
2021-09-25,"連続殺人犯に殺されかけた住職の話
ファーストサマーウイカ

◾️読めば心が熱くなる
運を強くするには人の道を守ること

運を強くするには人の道をちゃんと守ることが一番大切だと思います。要するに人として当たり前のことを当たり前にする。凡事徹底。

樋口武男
大和ハウス工業会長兼CEO
23℃ 三郷市 埼玉県 日本"
2021-09-26,"オカムラの仕事で秋葉原のUDXに行った。
一瞬で終わったなー。

体重が67kgになってて痩せるのと筋トレを始めよう思う。

◾️読めば心が熱くなる
不満に思うか、ありがたいと乗り越えるか

栗山英樹
北海道日本ハムファイターズ監督"
2021-09-27,"◾️読めば心が熱くなる
自己改革の六つのキーワード

大谷将夫
タカラ物流システム社長・タカラ長運社長"
2021-09-28,"老若男女に刺さるプレゼント
・高級スリッパ
・バターナッツ（野菜）

「モテるでしょ？」に対して適切な回答
・あなたこそ
→その質問をするということは、自分にまってく興味ないから、相手にまずは回答を求める

・言ってくれる方はいますけど、全員◯◯なタイプなんです。
例えば「全員靴が尖ってる人なんです」みたいな。

◾️読めば心が熱くなる
ピンチはチャンスだ、ありがとう

加治敬通
ハローディ社長
19℃ 三郷市 埼玉県 日本"
2021-09-29,"カラスのフンがついた…

アルコールテストをやったら強い判定された

◾️読めば心が熱くなる
今が「どん底」だと分かればそれ以上は落ちない

山下弘子
25℃ 三郷市 埼玉県 日本"
2021-09-30,"イカゲームで実在する携帯電話の話
→ラジオで下1桁だけ言わない遊びの結果、全部言わせた理由

iPhoneを買い換えた時の設定をやってもらってた時、iPhoneの持ち主の名前をパクセロイにしてたら、見られて恥ずかしかった

みさきさんに急に呼ばれてルージュへ。
大人しく終わったけど、その後のホテルで衝撃発言！
子供を産むとのこと。
まぁそんな気はしてたけどね。
大丈夫かねー

◾️読めば心が熱くなる
知識、見識、胆識

単なる知識ではいけない、それを見識、胆識にまで高めなければいけない。
胆識というのは、物事をなす場合に、抵抗、障害を乗り越えて、とにかくどうしても実行して、それを必ず達成する。それが胆識。

豊田良平
コスモ証券元副社長
27℃ 豊島区 東京都 日本"
2021-10-01,"ワクチン接種2日目
やはり腕が痛いのと、熱が出ましたね。
順調ですね。

◾️読めば心が熱くなる
勝負の神様は細部に宿る

岡田武史
日本サッカー協会理事・サッカー日本代表前監督
20℃ 足立区 東京都 日本"
2021-10-02,"キングオブコントで空気階段が優勝した。
1本目のネタが最高に笑ったなー

◾️読めば心が熱くなる
本当の商人の謙虚さ

矢野博文
大創産業創業者"
2021-10-03,"イカゲームを見始めた。
カイジみたいな話だなー
イカゲーム全部見終わった。そこまでの衝撃とかはない話だった。やはりカイジを知ってるからかもなー。

◾️読めば心が熱くなる
人生の五計

小島直記
作家
25℃ 足立区 東京都 日本"
2021-10-04,"蛙亭のボケの女性が「岩倉美里」って言うんですって。それまで「岩倉」しか知らなかったから、急に「美里」が来てビックリする。中学時代の彼女の名前と同じだなー。

◾️読めば心が熱くなる
落ちるからこそ、良い作家になれる

片岡球子
日本画家
25℃ 足立区 東京都 日本"
2021-10-05,"◾️読めば心が熱くなる
人間がかかる四つの病

人間はほっておくと心が病気になる。
症状には四つあって「自惚れ」「驕り」「マンネリ」「甘え」

高原慶一郎
ユニ・チャーム会長"
2021-10-06,"◾️読めば心が熱くなる
いかに忘れるか、何を忘れるかの修行

新井正明
住友生命保険元社長"
2021-10-07,"◾️読めば心が熱くなる
人間努力する限り、迷うものだ

何かを成し遂げようと思った時、迷うことなく目標に達することなど、決してありえない。高い目標を掲げれば掲げるほど、何かを成そうと願えば願うほど、人はあれこれ悩む

森本哲郎
評論家"
2021-10-08,"◾️読めば心が熱くなる
才能があるのに伸びない選手

金子正子
日本水泳連盟シンクロ委員長"
2021-10-09,"◾️読めば心が熱くなる
売れるキャッチコピーを生み出す秘訣

コンサルタントして1番重要なのは、いま抱えている痛みをどうやって和らげ、それを幸せの方向に転換していくか、なので、人の痛みを理解する力、ここに尽きると思う。

神田昌典
経営コンサルタント"
2021-10-10,"◾️読めば心が熱くなる
学ぶとは真似て自分を改造していくこと

観世滎夫
能楽師"
2021-10-11,"◾️読めば心が熱くなる
経営と仕事の違い

福永正三
京セラオプテック元社長"
2021-10-12,"◾️読めば心が熱くなる
貧乏にはニ通りある

島田洋七
漫才師"
2021-10-13,"◾️読めば心が熱くなる
ベドガーに学ぶセールスの極意

田中真澄
社会教育家"
2021-10-14,"畠山さんと飲みに行って、ルージュに行った。
りあさんに高圧的な態度を取るか期待したんだけど、ただの笑顔のおじさんだった。
何かつまらないなと思った。

◾️読めば心が熱くなる
かくて奇跡のりんごは実った

木村秋則
りんご農家"
2021-10-15,"◾️読めば心が熱くなる
トヨタの技術者が繰り返してきた言葉

海稲良光
OJTソリューションズ専務"
2021-10-16,"◾️読めば心が熱くなる
悲しみを通さないと見せていただけない世界がある

東井浴子
浄土真宗東光寺坊守"
2021-10-17,"◾️読めば心が熱くなる
免疫力をアップする三つのスイッチ

吉丸房江
健康道場・コスモポート主宰"
2021-10-18,"鴇田さんが限界ですと社長に伝えて、自分が成田の所長をやることになった。
11月ぐらいから始められれば。
佐々木さんと立て直したいと思っているけど、畠山さんをどう使うかかなと。

◾️読めば心が熱くなる
ライト兄弟が人類初の空中飛行をできた理由

原俊朗
航空ジャーナリスト
14℃ 足立区 東京都 日本"
2021-10-19,"AIでAVのモザイクを消して販売していた人が逮捕された事件があった。
その技術素晴らしいんだけど、もっと他に使い道があっただろうに…
でも面白い発想だよね。

松坂大輔が引退した。
青春でしたね。
あの準々決勝PLとの伝説の試合から、準決勝明徳義塾での8回からの登板時の球場の雰囲気、決勝の京都成章でのノーヒットノーラン。全てが怪物でした。

◾️読めば心が熱くなる
脳にベクトルを持つ
加藤俊徳
「脳の科学」代表取締役・医師・医学博士
13℃ 三郷市 埼玉県 日本"
2021-10-20,"株が面白い。
割安さと期待値と最後は直感的な。
でも直感だけだとダメなんだろうな。
冷静な判断が必要になりますね。

◾️読めば心が熱くなる
遂げずばやまじ

高田宏
作家
21℃ 三郷市 埼玉県 日本"
2021-10-21,"みさきさんとうなぎ「うな富士」に行ったけど、量が多すぎてお腹パンパンで苦しかったなー
ななみんとさっちゃんとエセ作家の話は盛り上がったなー。笑いました。

◾️読めば心が熱くなる
理屈ではなく、体で覚える

西岡常一
法隆寺・薬師寺宮大工棟梁"
2021-10-22,"◾️読めば心が熱くなる
繁栄の法則

物事を肯定的に捉えた上で、物心の繁栄のためにまず大切なのは「喜びを与えること」と「感謝すること」

北川八郎"
2021-10-23,"◾️読めば心が熱くなる
年中夢求

高い目標を持って日々トレーニングに全力で励む選手は、いつも変化をもとめている分、成長は早い。変化の先にしか進化はありませんので、変化を創り出す内側のエネルギー、「内発力」がないといけません。その大前提となるのが主体性です。やらされ感では何も行動は変わらない。よくなるのは返事だけ。

平岡和徳
熊本県宇城市教育長・熊本県立大津高等学校サッカー部総監督"
2021-10-24,"中村さんのところのエアコンを買ったんだけど、ビックカードが使えなくて驚いた。
恐らくiPhoneの支払いがまだだからだろうなー
長高屋に行って、安定のお腹を下して苦しい。

◾️読めば心が熱くなる
人生の問題は一つ一つ解決していく

佐々木将人
合気道本部師範
16℃ 足立区 東京都 日本"
2021-10-25,"◾️読めば心が熱くなる
この世のすべては借り物

古田貴之
千葉工業大学未来ロボット技術研究センター所長"
2021-10-26,"久しぶりに朝の満員電車に乗った。
ほとんど全員がスマホを見ていた。
タンクトップで新幹線に乗ってるおじさんがいた。元気だなー。

◾️読めば心が熱くなる
見えないものを追いかける仕事

天谷昭次
刀匠
17℃ 京都市 京都府 日本"
2021-10-27,"みさきさんとホテルに泊まったんだけど、何もしなかった。気を遣ってもらって申し訳なかった。

◾️読めば心が熱くなる
一隅を照らすとは、仕事に全力を注ぐこと

山田恵諦
比叡山天台座主"
2021-10-28,"◾️読めば心が熱くなる
花が咲いている　精一杯咲いている

横田南嶺
円覚寺派管長"
2021-10-29,"今日事務所2階のトイレが詰まって、結構大騒ぎになった。
何で詰まったのかなーって佐々木さんと話してて、俺が「排泄物以外流したのかなー」って言ったら、間髪入れず「覚醒剤とかですか？」って上手い事言われて、「なるほどねー」しか言葉が出ず、完全に負けた気分になった。

◾️読めば心が熱くなる
自分が社長ならどうするか

渡邊直人
王将フードサービス社長
20℃ 三郷市 埼玉県 日本"
2021-10-30,"本当に穏やかな一日でした。
ほぼ寝てるか投資の調査とかしてたなー

みさきさんと丸ビルでしゃぶしゃぶを食べた。冬の始まりって感じですね。

◾️読めば心が熱くなる
再建が必要となる会社に共通していること

長谷川和広
会社力研究所代表
18℃ 三郷市 埼玉県 日本"
2021-10-31,"泥上げに参加したけど、ダルくなってきちゃった。

◾️読めば心が熱くなる
合唱力を高めるポイント

渕上貴美子
杉並学院中学高等学校合唱部指揮者
13℃ 三郷市 埼玉県 日本"
2021-11-01,"◾️読めば心が熱くなる
自家発電能力
やるべき事が明確で、その目標に向かってこつこつこつ努力を続ける人は、偉業を成し遂げることができる。大切なのは、いまの自分の実力に合わせた目標を設定して、絶えず新鮮なモチベーションを作り出すことがてきる。

覚張利彦
SMIジャパン公認エージェンシー　リバティー北海道代表"
2021-11-02,"定型文の話
「コレ何の話してんすかー」
「楽屋でやって下さいよー」
「M1より緊張する」
とかの提携文で笑いが取れる。
でも、定型文に逃げるのはあまり好きじゃない

◾️読めば心が熱くなる
先読みでゴールを見極める
研究をするために大切なことは、自分が持っている知識、あるいは技術といったシーズ（種）と、世の中で必要とされているニーズ、この二つを線で結びつければいい。
先読みによってゴールを見極め、自分のやろうとしていることは、五年、十年先にはこうなっているはずだという信念を持つこと

吉野彰
旭化成名誉フェロー
21℃ 三郷市 埼玉県 日本"
2021-11-03,"文化の日

AKBの新曲「根も歯もrumor」を買った。
何かMV見てたら、自分毎日を全力で生きなきゃなって思った。
久しぶりに熱くなったなー

◾️読めば心が熱くなる
「できない」を「できる」に変えていくために

岩倉真紀子
京都明徳高等学校ダンス部顧問
18℃ 足立区 東京都 日本"
2021-11-04,"◾️読めば心が熱くなる
愛されるためになにが大事か
日頃の生活態度

藤重佳久
活水高等学校吹奏楽部音階監督"
2021-11-05,"◾️読めば心が熱くなる
仕事がない時こそ最大のチャンス

隅研吾
建築家"
2021-11-06,"◾️読めば心が熱くなる
不可能を可能にする気持ちでやれ

山田が篤行
順天堂大学医学部小児外科・小児泌尿生殖器外科主任教授"
2021-11-07,"◾️読めば心が熱くなる
高校生らしさだけは日本一になろう

佐藤久夫
明徳高等学校男子バスケットボール部ヘッドコーチ"
2021-11-08,"みさきさん、ななみさん、りあさんと酉の市に行った。
2年連続で行けてよかった。
屋台？で飲んだレモンサワーがくそ不味くてひいたー

◾️読めば心が熱くなる
心の中で二次災害を起こさない

鈴木秀子
文学博士"
2021-11-09,"◾️読めば心が熱くなる
誰にも譲れない信念があるかどうか

川口淳一郎
宇宙航空研究開発機構シニアフェロー"
2021-11-10,"◾️読めば心が熱くなる
会社は悪くなってからでは遅い

会社が悪くなっても、皆で頑張れば何とかなると考える人もいるかも分からんけれども、もうその時は遅い
だから、一人ひとりが常に危機感を持って仕事をしようと言う

木下宗昭
佐川印刷会長"
2021-11-11,"軽く頭痛くて会社休んだ。

◾️読めば心が熱くなる
ドラッカーの説く、なすべき貢献の中身

「なすべきこと」を「できること」に変えていくことが自己開発
「なすべき貢献は何であるか？」
第一、状況がなにを求めているか
第二、自己の強み、仕事の仕方、価値観からして、いかにして最大の貢献をなしうるか
第三、世の中を変えるためにはいかなる成果を具体的に上げるべきか

佐藤等
ドラッカー学会理事
16℃ 足立区 東京都 日本"
2021-11-12,"◾️読めば心が熱くなる
医者としてのすべてのプライドを懸けろ

上山博康
旭川赤十字病院第一脳神経外科部長・脳卒中センター長"
2021-11-13,"◾️読めば心が熱くなる
脳みそがちぎれるほど考えろ

攻めていくということは、かなり難しい局面でも、それをクリエーティブに打開していかなければならない。そのためには、脳みそがちぎれるほど考えろ、と。ちぎれるほど考えてもなかなかちぎれはせん。本当に心底、ちぎれるほど考えてみよ、そうするとおのずと新しいひらめきなり問題解決が出てくる。
ストレス解消は、問題ごとから逃げることによって解決してはならん。

孫正義
日本ソフトバンク社長"
2021-11-14,"8:30起床
犬の散歩
仕事（メール返信など）
日経新聞
魔法科高校の劣等生

11:30昼食

読書（ペッパーズゴースト）
昼寝（2h）
読書
移動
エッグスシングス

22:00就寝

◾️読めば心が熱くなる
倒産から立ち上がる人、立ち上がれない人
倒産から立ち上がる人、立ち上がれない人の違いとして、最初は何と言っても自分に経営者としての資質があったかどうか。それを見極めなくてはねらない。
2番目は自己改革
3番目としては、時代の流れが読めるかどうか
4番目は、儲けよりお役立ち意識
5番目は経営を天職と思えるかどうか

野口誠一
八起会会長
17℃ 足立区 東京都 日本"
2021-11-15,"◽️日本の論点2022
（論点1）
コロナ後の景気回復は？
日本の弱点をどう克服するか
ポイント①
感染拡大を食い止められるか
ポイント②
膨らませた金融をどのようにして普通の姿に戻していくか
ポイント③
アフターコロナの成長戦略

（論点2）
コロナ下の「金融緩和相場」から、コロナ後の「業績回復相場」へ
・外需主導の製造業は業績回復へ。非製造業の復権も近いか
・問われるカーボンゼロへの対応。収益を圧迫する重荷となるか
・東証再編がもたらす株式市場の変革。株価形成への影響も

（論点3）
緩和出口へ動くFRB、動けぬ日銀
・長引く物価低迷で、コロナ後も緩和策の出口は見えそうにない
・金融緩和政策は一段と長期化する可能性が高まっている
・環境対策に政策を動員。中長期で物価を安定させる効果にも期待

◾️読めば心が熱くなる
上達の三原則
良き師、良き友、長時間

九谷明夫
大阪府立淀川工科高等学校名誉教諭・吹奏楽部顧問
16℃ 足立区 東京都 日本"
2021-11-16,"玉置さんと面談
イラッとしてしまって感情的になってしまった。まだまだ未熟です。
でも、玉置さんはっきり言って何言ってるかわからない。

23:00過ぎからルージュへ佐々木さんと行った。

◾️読めば心が熱くなる
織田信長の驚くべき斬新性

堺屋太一
作家"
2021-11-17,"帰りの高速でデカめの流れ星を見た！
ちょっとテンション上がったー

◾️読めば心が熱くなる
上に立つ者の絶対条件は悪口は真に受けぬこと

悪口を真に受けると国家が危うくなる

谷沢永一
関西大学名誉教授
14℃ 足立区 東京都 日本"
2021-11-18,"◾️読めば心が熱くなる
「たまたま」ということはない

白鵬翔
第六十九代横綱"
2021-11-19,"ルージュに行ったら、社長がいたらしくて驚いた。もう行きづらくなったなー。

◾️読めば心が熱くなる
芭蕉俳諧の本質

尾形功
国文学者"
2021-11-20,"ほとんど寝た一日だった。
疲れてたんだなー
でも何もしない1日はもったいない気がした。

◾️読めば心が熱くなる
喜びが喜びを生んでいく

東城百合子
「あなたと健康」主幹
13℃ 足立区 東京都 日本"
2021-11-21,"（論点4）
正念場を迎えた企業統治改革
・より高い基準を盛り込んだ指針の改訂が、改革を形骸化させる？
・原因は東証の市場再編。基準を満たすためだけの数合わせに走るな
・社外取締役の粗製濫造が進めば、かえって経営の質を落とすことに

（論点5）
「少子化」と「多様な働き方」に社会保障は対応できるか
・予測よりも10年以上足早に進む少子化。出生数の低下が要因
・子育てを社外全体で担う「こども保険」で人口減少に歯止めを
・コロナ禍で顕在化、多様な働き方に対応した制度の再構築が急務

（論点6）
加速する脱炭素、対応迫られるエネルギー戦略
・温暖化ガス削減目標の引き上げが相次ぐが、実現のハードルは高い
・エネルギー基本計画は帳尻合わせの側面が否めず、実効性には疑問
・再生可能エネルギーを主電源に引き上げ、水素の利活用を推進できるか

◾️読めば心が熱くなる
医療者の使命

澤村豊
北海道大学病院脳神経外科医
15℃ 足立区 東京都 日本"
2021-11-22,"◾️読めば心が熱くなる
一流の人間は一流の生活をすべし

青木定雄
MKグループ・オーナー"
2021-11-23,"勤労感謝の日

ギロチンと照明工事の立ち合い

◾️読めば心が熱くなる
どの子も子供ほ星

東井義雄
教育者
14℃ 足立区 東京都 日本"
2021-11-24,"ギロチン直って良かった。
課長会議でまた豊田さんが吠えたなー
佐々木さんが良い事言ってたなー
1日に3件回ってもお客さんがセカセカしてて危ないって話だったら、それはそれの評価。
会社とお客さんの評価は違う。
佐々木さんに1.5時間で会議終わるかと思ったら2時間かかったって言ったら、2時間で終わって良かったですよと言われた。
確かに！！

りあさんの誕生日で畠山さんと急遽ルージュへ。

◾️読めば心が熱くなる
お菓子の神様に霊を捧げる

辻口博啓
パティシエ
12℃ 千代田区 東京都 日本"
2021-11-25,"◾️読めば心が熱くなる
断捨離思考法

断捨離とは本来は自分とモノの関係を見つめ直して選び抜くこと、モノの片付けを通じて自己を深く探求し、心の混沌を整理して人生を快適にするツール

やましたひでこ
クラター・コンサルタント"
2021-11-26,"佐々木さんの生誕祭で銀座の北海道料理屋とルージュへ。
みさきさんがケーキを用意してくれてた。
その後ぱいかじでやっぱり具志堅パンチにやられた。

◾️読めば心が熱くなる
虎屋に代々伝わる儀式と掟書

黒川光博
虎屋社長"
2021-11-27,"2日酔いで何も出来なかった。
佐々木さんは定時に来たらしい。
化け物ですね。

◾️読めば心が熱くなる
現場主義こそがすべて

山本明弘
広島市信用組合理事長"
2021-11-28,"特に何もしない一日でした。

◾️読めば心が熱くなる
長生きも芸のうち

平山郁夫
画家"
2021-11-29,"成田メタルで幹部会議。
何か行動を起こさなければこのまま死んでいくだけです。

◾️プロとして考えずして正しい答えが出る人

船井幸雄
船井総合研究所社長
11℃ 足立区 東京都 日本"
2021-11-30,"◾️世界を変える100の技術
・e-Fuel

◾️読めば心が熱くなる
成長会社のトップ三十数人の共通項

トップの共通項としては、自分を捨て切っている。自分を捨てるというのは、自分の立場とか、名誉とか地位とかね、そういうことにとらわれないで、企業経営のために、全能を傾けられること

井原隆一
日本光電工業副会長"
2021-12-01,"◾️読めば心が熱くなる
トンビでもタカの子育てを真似ればタカになる

親の一語一句が我が子の人間形成に大きな影響を与えるということをぜひ分かっていただきたい

池江美由紀
EQWELチャイルドアカデミー本八幡教室代表"
2021-12-02,"TVer見ながらやっつけ仕事したらメチャはかどったー
遺品整理士の提出が完了した。

◾️読めば心が熱くなる
一筋っちゃえぇもんやぞ

山田重太郎
漁師"
2021-12-03,"篠田洋輔とルージュに行った。
やはりあの子は面白いねー
全然私を上司と思わない感じ、最高でしたね。
みさきさんが本日でルージュ最終日でした。
また復活する日もあっとゆうまなんだろうな。

◾️読めば心が熱くなる
誕生日は、産んでくれた母に感謝する日

松崎運之助
夜間中学校教諭"
2021-12-04,"4時にボクデンから帰って、そのまま寝ずに会社へ。午前中はほとんど寝てたなー。
午後は荷下ろしを手伝った。
混廃は確かにめんどくさいけど、仕分けることで利益になるから、仕事と思えば何とも思わない。
4tアームロールが来たよ。

◾️読めば心が熱くなる
一流の男の背景には必ず母親からの影響がある

堀内政三
巣鴨学園理事長・学校長"
2021-12-05,"（論点7）
ワクチン敗戦の汚名は返上できるか
・未知の感染症は、ある日突然、経済や社会を揺るがす脅威となる
・従来の医療行政から切り離したワクチン行政の体制づくりが急務
・新たに策定したワクチン国家戦略を絵に描いた餅で終わらせるな

（論点8）
政治主導のゆがみが顕著に、再びねじれ国会の恐れも
・政治主導のゆがみが加速し、国民の行政への不信感が拡大
・菅総理は1年で退場。短命政権の時代が到来か
・衆参ねじれが起き「決められない政治」にぎゃく戻りする懸念も

（論点9）
VUCA時代に求められる企業経営の羅針盤
・新規事業開発か企業買収か。新たな事業機会の「探索」が不可欠
・多様性を尊重し、革新を起こす「組織文化」が持続的な成長を促す
・働き手の活力や仕事への熱意を高めよ。マネージャーがカギ

◾️読めば心が熱くなる
国語教育の神様・大村はまの指導術

苅谷夏子
大村はま記念国語教育の会事務局
11℃ 足立区 東京都 日本"
2021-12-06,"コフレドールが11月後半にしたツイートを謝罪。内容は藤田ニコルのニが漢数のニになってたとのこと。
色々ツッコミどころ満載でウケる！

◾️読めば心が熱くなる
因と縁の力を大事にする

中村元
東方学院院長"
2021-12-07,"みさきさんと八丁堀のカレーと東京駅の純喫茶に行った。
その後キッチン付きの部屋でずっと喋ってた。

◾️読めば心が熱くなる
大事な時に偶然でもいいから現場にいる

高橋幸宏
榊原記念病院副院長"
2021-12-08,"◽️エッセイのテーマ
「アイドルが好き」
「他人の正解に自分を置きに行くことを続けると、自分の正解がわからなくなる」
「オードリーが好き」

◾️読めば心が熱くなる
生かされている実感

大石邦子
エッセイスト
9℃ 足立区 東京都 日本"
2021-12-09,"上野さんがヤバいらしい。
教えてもらってるところで電話に出ちゃうってなかなかの常識知らずだなー

◾️読めば心が熱くなる
心の養生、食の養生、気の養生

帯津良一
帯津三敬病院名誉院長
9℃ 足立区 東京都 日本"
2021-12-10,"◾️エッセイ
価値観の話
鴇田さんが8：20頃に玉置さんに業務指示を出そうとしたら、「コーヒータイムなんで話しかけないで」と言われたらしい。
この話を聞いて、違う人に話した時に自分と同じように感じるかどうか。
こっちの感情ありきで行って、違う反応だった時に、勝手に相手も同じ感情だと思い込んで、勝手にガッカリして、ちょっと嫌いになるのって違う気がするよね。

◾️読めば心が熱くなる
若い時に流さなかった汗は老いて涙になる

三村仁司
アシックスグランドマイスター"
2021-12-11,"安易に笑いを取るフレーズ
「この話、何の話だよ！」
「誰だよ！」

神保町の東京商科・法科学院で搬出作業

◽️エッセイ
他社に向かって吐いた言葉がブーメランのように自分に突き刺さる
他人の目を気にする人は、心の中で他人をバカにしまくっているから、自分の行動に対しても恥ずかしくなる。

◾️読めば心が熱くなる
指揮者に求められるもの

小林研一郎
指揮者
5℃ 成田市 千葉県 日本"
2021-12-12,"毎日15分間自分のために何かする。
1.01×365日（乗）＝37.8%の成長につながる。

◾️世界を変える100の技術
・水素の大量輸送

・ベータボルタ電池（ダイヤモンド電池）
英アーケンライト
米NBD

・ペロブスカイト太陽電池
パナソニック
三菱マテリアル

・AI医療
カルディオインテリジェンス
Unite

・国産医療ロボット
メディカロイド←シスメックスと川崎重工業が共同出資

・Web問診

・BMI（ブラインマシーンインターフェイス）医療応用
米ニューラリンクス
JiMED

・治療用アプリ

・遠隔リハビリ
エクサウィザーズ

・可食ロボット

・視野に画像を重ねるスマートコンタクト
米モジュビジョン
メニコン

・mRNAワクチン
独ビオンテック
米ファイザー
アクセリード
米アークトゥルス
→アルカリス

・Muse細胞
三菱ケミカルHD傘下のインスティテュート

・画像を使う非侵襲ヘルスチェック
ZOZO
米ボディグラム
米オリジナル
ドリーム・ジーピー

・血液一滴でアレルギー検査
東レ

・転んだ時だけ柔らかくなる床
マジックシールズ

・光触媒

◾️読めば心が熱くなる
生命保険の営業に真に求められるもの

柴田知栄
第一生命保険特選営業主任
12℃ 三郷市 埼玉県 日本"
2021-12-13,"◾️読めば心が熱くなる
必ずやりとげる徹底心

どんな些細なことども、自分で決めたことは、途中で投げ出さずに、根気よく、粘り続ける。いったん自分が決したことはできるまでやり抜いていく気概を持たなければならない。

北尾吉孝
SBIホールディングス社長"
2021-12-14,"◾️読めば心が熱くなる
今がその時、その時がいま

外尾悦郎
サグラダ・ファミリア主任彫刻家"
2021-12-15,"4tアームロールを運転した。
助手席に荒井さんがのってくれてよかった。
荒井さんから上野さんの話を聞いた。
まぁ上野さんの仕事が出来なさすぎて無理だよね。

神保町のラムチョップのお店に行った。
美味しかったなー

◾️読めば心が熱くなる
自分の状態を測るリトマス試験紙

羽生善治
将棋棋士
10℃ 千代田区 東京都 日本"
2021-12-16,"◾️読めば心が熱くなる
命懸けで人の話を聴く

我々はともすると、誰かを何とかしようとして心をいたずらに傷つけてしまったり、分かってもらえない気持ちを増幅させてしまったり、患者さんのためにならないこもを多くやってしまうことがあります。そうではなく、患者さんの、弱いところ、傷ついているところ、辛い思いをいしているところに共に寄り添う存在になることこそが大事だと思います。その時、もし自我みたいなものが表に出てくると、患者さんたちの命に寄り添うことによって、人間の愛おしさ、尊さというものをすごく学んだと思っています。

皆藤章
臨床心理士"
2021-12-17,"◾️読めば心が熱くなる
自分がどう生きるかではなく、自分がどう生きたか

羽鳥兼市
IDOM名誉会長"
2021-12-18,"◾️読めば心が熱くなる
母性のスイッチが入る瞬間

内田美智子
助産師"
2021-12-19,"M-1の日
誰が優勝するんでしょうねー

一本目の結果ではオズワルドだったけど、2本目だとやはり錦鯉でしたね。

◾️使いたいフレーズ
500人にハグしてもらわないと立ち直れないレベル
自分に酔うどころか自分に二日酔いするタイプ
自分に酔い、いや自分に泥酔し、気分良く帰る

◾️世界を変える100の技術
・AIによる文字起こし
Rino Voice

・AI音声サービス
エールストン

・レトロフィットIoT

◾️論点10
・新しいルールが企業間競争の土俵を根底から変える
・技術的に甲乙つけがたくても、物語の発信力によって左右される
・倫理や人権を国際標準に取り込む動きも。ルール形成の場に乗り込め

◾️論点11
株価が語る、コロナ後「勝ち組企業」の条件
・お上頼みはダメ。知恵を絞って稼ごうとする力が企業成長の原動力
・変化を恐れていないか。破壊におびえるのではなく、壊す側になれ
・答えは株式市場にある。コロナ禍で浮かび上がった勝ち組企業の条件とは

◾️論点12
コロナ禍が見直しを迫る、正社員の雇用慣行
・リモートワークが日本の正社員の雇用慣行き見直しを迫る
・労働生産性が低い日本。ジョブ型の流れは止められない
・世界が注目をするリスキング。多様な人材が集う組織に

◾️読めば心が熱くなる
実力より評判だよ

鈴木茂晴
大和証券グループ本社社長
9℃ 三郷市 埼玉県 日本"
2021-12-20,"上野さんにギプロに3回走ってもらった。
運転は問題ない。後はお客さんに対しての態度とかだろうな。

◾️読めば心が熱くなる
倒産危機に聴こえてきた母の声

青谷洋治
坂東太郎社長"
2021-12-21,"また山上さんが22時にLINE投稿した。
豊田さんへの不満とゴミの担当でツラいみたいな話だった。
途中近藤さんにご飯行きましょうーって言ってて完全に酔ってるのと、何言ってるかわからないのとで、どこか憎めないんだよなって思った。

◾️読めば心が熱くなる
剣道家の真価が問われる時

一川一
剣道教士八段
14℃ 三郷市 埼玉県 日本"
2021-12-22,"ヤフコメに対して、大量に読んで、大量にいいねをしている人がいて、こんな方たちで成り立ってるんだなーって思いました。

久しぶりに双子を見た。
しかも外見（制服）も一緒でパーフェクトな双子だった。
思わず、ずっと見ちゃったよね。

みさきさんとスカイツリー → お台場に行った。
寒かったー

◾️読めば心が熱くなる
二十七歳までに決断する

西本智実
指揮者"
2021-12-23,"◾️読めば心が熱くなる
退路を断つ力

菊間千乃
弁護士"
2021-12-24,"◾️読めば心が熱くなる
出撃前夜の特攻隊員

神坂次郎
作家"
2021-12-25,"世界を変える100の技術
・培養肉
モサ・ミート
日清食品

・サーモンの陸上養殖
ソウルオブジャパン
伊藤忠
丸紅

・自己治癒コンクリート
會澤高圧コンクリート

・脱PPAP

◾️論点13
コロナ軽症でも周回遅れの3メガバンク、試される経営手腕
・業績は底堅いが、低迷する株価。横並びでない戦略が問われる
・時代の要請か。3メガバンクのトップはいずれも傍流出身
・競い合い、戦略を研ぎ澄ませ。金融再生には強い銀行が必要

◾️論点14
・テック系スタートアップ勃興、社会課題を追い風に
・ユニコーンは少ないが、国内でも起業家の層が厚みを増している
・山積みする「社会課題」が、新しい起業家の台頭を促す
・海外の投資家ともつながり、国内に閉じた構造を打ち破れ
日本のユニコーン
リーガルフォース
イライザ
シンスペクティブ
テンエックス
ザクー
ユニファ

◾️論点15
変わる消費、コロナ後に戻るもの、戻らないもの
・デジタルをどう活用するか
・唯一無二の世界観を持っている商品やサービスは強い
・業界内で進む二極化。変わる消費行動が明暗を分ける

◾️読めば心が熱くなる
てんぷらに革命を起こす

近藤文夫
てんぷら近藤
店主
7℃ 足立区 東京都 日本"
2021-12-26,"◾️論点16
台湾海峡で戦争になるか？
米、勢いづく共産党への敵対心
・中国共産党の統治問題にメス。ウイグル、香港問題が対立の正面に
・同盟や友好国を強める米国。目指すは共産党の弱体化か
・中国が「2027年まで」に台湾侵攻に踏み切る可能性は？

◾️論点17
半導体戦争が世界を引き裂く
・半導体をめぐる争いが激化。サプライチェーンは分断されつつある
・生産能力を抱き込もうとする米国。一方で中国は国産化を急ぐ
・日本は得意とする技術で再興を目指せ。台湾との連携がカギ

◾️論点18
「バイデンの米国」持続力は？
中間選挙に3つの試練
・米国再建と格差是正に向けた「3大プラン」、実現には議会の壁
・アフガニスタン駐留米軍の撤退で混乱、コロナ対応にも難題
・ジンクスでは野党有利。共和党ではトランプ氏になお強い影響力

◾️読めば心が熱くなる
葬儀の現場で気づかされたこと

青木新門
作家
6℃ 三郷市 埼玉県 日本"
2021-12-27,"◾️論点19
習近平氏が毛沢東になる日は来るのか
・どのようなかたちで続投するのか。権力闘争は2025年夏まで続く
・緊迫する台湾問題。バイデン政権誕生で米中関係は歴史的な転換点に
・2022年は日中国交正常化50年の節目だが、困難な日中関係続く

◾️論点20
中国の人口減少、米中GDP逆転後に再逆転も
・中国の人口増加の勢いが止まり、人口減少が迫っている
・少子化への危機感が薄く、出生率が低いままで推移する可能性も
・低出生率が続けば、中国がGDPで米国を追い越した後、再逆転も

◾️論点21
視界不良、日本の周辺国外交
・ポスト文政権でも続く、日韓の歴史問題をめぐる根深い対立
・米朝対話が進まない限り、日朝の直接協議への道筋は見えず
・前途多難なロシアとの平和条約交渉。北方領土交渉は暗礁に

◾️論点22
「英なきEU、メルケルなきEU」の新時代
・リベラル化する欧州。人権と環境に軸足を置く「価値観同盟」誕生か
・中国離れが進むドイツ。ウイグルめぐふ対中制裁でも牽引役を果たす
・日本は価値観をともにし、強権国家に毅然とした対応をとれるか

◾️読めば心が熱くなる
宇宙を貫く「ありがとう」の法則

現在ある言葉の中で、最高の影響力を持った言葉は「ありがとう」の5文字

小林正観
心学研究家"
2021-12-28,"東日暮里に引き取りに行った。
黒モーターがメチャ重くて焦った。
そもそも、「東日暮里」って住所があって驚いた。
何か「西日暮里」が定型文みたいだったから驚いたなー。ってゆう感覚的な話を佐々木さんとした。

◾️読めば心が熱くなる
負けて泣いているだけでは強くなれない

井山裕太
囲碁棋士
4℃ 足立区 東京都 日本"
2021-12-29,"コマニーに4回走った。
篠ちゃんが豊田さんに言った一言から始まったすごい巻き添え話が面白かったなー

◾️読めば心が熱くなる
自分の心の三畳間を持つ

童門冬二
作家
7℃ 足立区 東京都 日本"
2021-12-30,"みさきさんと、
・横浜中華街
・赤煉瓦倉庫
・みなとみらい
に行った。
赤煉瓦倉庫に、バカデカいモニターみたいのがあって迫力が凄かった。

◾️読めば心が熱くなる
枯野をかけめぐふ夢

境野勝悟
東洋思想家"
2021-12-31,"◾️刺さった、感動、心が動かされた言葉
1.ちゃんと絶望してる。ちゃんと絶望した結果、自分だけの席を見つけて座る事ができる

2.平等と公平は違う

3.男女はフィフティフィフティでないと、差別だと思ってしまう事は間違い。男女の比率を自由に変えられることが重要

4.未来に生き、欠けてるものを作れ

5.単に事実を押さえるだけでなく、そこで真因を考えてみる習慣をつける

6.小さくてもいいので市場を独占せよ。競争は負け犬がすることだ

7.何が嫌いかで自分を語るよりも、何が好きかで自分を語れよ

8.言葉に高低差をつける

9.プロとアマの違いは、常に成果を出せるかどうか

10.長い話は話し手のエゴ

11.多様性が求められている社会の中で、多様性を求めているくせに不寛容な事が多い。SNSでの言葉狩りみたいな。

12.ブランディング構築で大事なのが、小さい分野に絞って特別感を出すことーすぐやる人の読書術。p129

13.アウトプットしようとするからインプットがふえて学びが深まるーすぐやる人の読書術。p140

14.「わかった（理解した）」とは、知る前と知った後で行動や考えが変わること

15.居心地がよくなったら挑戦の時期

16.平凡から抜け出すためには、失敗するしかない（ボビーバレンタイン）

◾️読めば心が熱くなる
人生は正味三十年

森信三
哲学者"
2022-01-01,"元日
◾️365日の広告コピー
ふだんを変える。
それがいちばん
人生を変える
「本田技研工業」2010年


◾️ダ名言
・「なんとかなるさ」ではなく、なんとかならなくても恨まない。
これが「サボりの作法」
・言ってはいけないことは山ほどあるけど、思ってはいけないことはないですね。
でも言ったら終わりです。
・名言は言葉遊び。
読んだ瞬間気持ちがいいだけ、泡となって消えていく。
・頑張ってる人が、頑張っているように見えるのは、オレたち怠け者のおかげだ！
・「ケンカが強いのに優しい」がカッコいいなら、「弁が立つのに責めない」もあって欲しい
・批判が成長につながるという考え方は、された側がなんとかプラスにとらえたのであって、した側が言わないで欲しい。
・正義感の強い人は、何やかんや敵をつくって、普通の人より争いを生んでます。
・世の中は成功者の言葉で溢れている。
つまり全体の1%にも満たない言葉に価値を押し付けられている。
・人生は突然裏切られることがある。ヒステリックになる人には、その準備ができていない人です。
・どれだけ有能に語っても、それは何も語らない人より品がない行為。それを忘れないで欲しい。
・聞かれてするのがアドバイス。
聞かれてもないのにするのが独りよがり。
誰も聞いてないのにするのがもはや呪い。
・いい事をたくさん言う人より、余計な事を絶対に言わない人のほうが信用できますね。
・「そんかつもりじゃなかった」と言う人は繰り返しますよ。
この言葉は、その人の自然体ですからね。

◾️成功の教科書
東京オリンピック卓球からの感動と学び
8℃ 足立区 東京都 日本"
2022-01-02,"◾️365日の広告コピー
夢は、口に出すと強い。
「週刊少年ジャンプ/集英社」2014年

◾️成功の教科書
人生で最も怖い「まぁ、いいか病」
5℃ 足立区 東京都 日本"
2022-01-03,"◾️365日の広告コピー
「残りもの」
は嫌い。
「最後のひとつ」
は好き。
「そごう冬市/そごう・西武」ショッピングバッグ2007年

◾️成功の教科書
強い言葉が強い結果を生む
8℃ 足立区 東京都 日本"
2022-01-04,"◾️365日の広告コピー
絶対合格。
完食禁止。
年内結婚。
筆で書いた
目標は、
怠けにくい。
「守下書道会」ポスター2013年

◾️成功の教科書
勝者の言葉を使い、敗者の言葉を避けよう
3℃ 足立区 東京都 日本"
2022-01-05,"◾️365日の広告コピー
時の商人
その商人は時を売っていた。
「いらっしゃいませ。時はいかがでしょうか？1分から承ります」
ある男は商人から1時間買った。
1時間買った男は、
それを読書の時間に使った。
ある女は1週間買った。
1週間買った女は、
それを海外旅行に使った。
「10年欲しいのだがね」
ある老人は商人に聞いた。
「お客様、10年だと、少し値がはりますが」
「かまわん、10年ぶんよこせ」
10年買った老人は、
それを病気の妻に譲った。
「宝石時計　長野」ポスター2005年

「九条の大罪」の漫画の感想で、「リアルが鮮明に描かれている」みたいなのがありふれてるけど、そんなにみんなそうゆう世界に触れてるのかな。

アイドルのコンサートで演出の方法に気に入らない男が高級車で、フジテレビに突っ込んだが、自動ブレーキが作動して、しっかりエントランスを通過したってゆう話が面白かった。

◾️成功の教科書
成功するイメージを持ち続ける方法にとは？
→目標に向かってどんな小さいことでもいいので、行動し続けること
4℃ 足立区 東京都 日本"
2022-01-06,"雪が降った。
スタッドレスにしてないんだよなー

◾️365日の広告コピー
忙しいのは、やりたいことが
たくそんあるから。
「volvic+vitamin/キリンビバレッジ」ポスター2015年

◾️成功の教科書
目標が高ければ高いほど人は成長する
0℃ 三郷市 埼玉県 日本"
2022-01-07,"みさきさんと御殿場アウトレットに行った。
さわやかハンバーグを食べた。
イマイチだったけど、地元では大人気らしい。池袋のハーブ入りハンバーグの方が美味しかったなー。
でもそんな事は言わないのが大人です。

◾️成功の教科書
イキイキと働くために途方もない目標を立てる

◾️365日の広告コピー
大人はええぞ。
まずな、宿題がない。
うまいもんが食える。
な、ええやろ。
やりたいことができる。
好きな仕事が選べる。
じぶんでお金をかせげる。
好きな人を結婚できる。
ええやろ？
それからいちばんええのはな、
大人になってからでも
いくつになっても
なんぼでも
やりなおしがきくことや。
好きなこと、やったらええ。
楽しみやなぁ。"
2022-01-08,"◾️成功の教科書
汗をかくことで知恵が出る

■365日の広告コピー
ニコニコしてると
シアワセがあつまってくるそうです。"
2022-01-09,"◾️使いたいフレーズ
・時代とクリンチする

◾️成功の教科書
運がいい人とはいい習慣を身につけた人

■365日の広告コピー
成功するまでやめへんかったら
失敗せえへん。
【澤野工房】ポスター2012年
10℃ 足立区 東京都 日本"
2022-01-10,"成人の日

◾️使いたいフレーズ
「◯◯県」とか「◯◯市」出身って言われたら、「あぁ、◯◯ってセブンとかローソンとかあるとこだよねー」

■365日の広告コピー
近道ばかりしていると、
顔にでる。
【TOYOTA NEXT ONE/AUSTRALIA 2014/トヨタ自動車】ポスター2014年
8℃ 足立区 東京都 日本"
2022-01-11,"ゼルダの伝説
スカイウォードソード
を始めた。

■365日の広告コピー
人生でいちばん
応援してもらえるのは、
受験の時かもしれない。

受験生は、良い顔をしている。
君はまだ、きづいていないだろうけど。

バスの中、塾の帰り道。

背負ったことのない
大きな期待や、重圧や、不安と戦っている。

お守り、弁当、手編みのマフラー。

家族や、教師や、友達に背中を押されながら、
目標に向かって、歩いて行ける。

受験生は、幸せだと思う。
君はまだ、気づいていないだろうけど。
【稲田塾】新聞　2009年"
2022-01-12,"心が穏やかな日でした。
仕事に対するやる気があまりない日々です。

■365日の広告コピー
この国の出会いが減ったのは、
ゲレンデに行かなくなったから
じゃないですか。
【神立高原スキー場】ポスター
5℃ 足立区 東京都 日本"
2022-01-13,"カシューナッツを画像検索すると想像してたのと違って気持ち悪い

■365日の広告コピー
部活できたえた
しぶとさは、
解答用紙に出る。

受験生の君へ
夏まで、君は野球と両立した。
練習の後のからだは重い。
沈むように。まぶたも重い。
眠気と不安を苦いコーヒーで飲み込んで、
ひたすら過去問を解いた。空が明るくなっていた。
もうダメだと思ってから、
もう一歩前に出る奴だけが勝利をつかむ。
三年間休まずつづけた部活が教えてくれたこと。
僕らは信じてる。
受験に立ち向かった記憶は、
受験の先の人生で、君を励まして支える力になると。
最後は自分を信じて、さあ、ラストスパートだ。
【早稲田アカデミー】ポスター　2017年
3℃ 成田市 千葉県 日本"
2022-01-14,"◾️使いたいフレーズ
言葉に頼り過ぎると感性を失う

■365日の広告コピー
苦しいときが、
伸びるとき。

センター試験が終わりました。これからは二次試験。
不安やプレッシャーもあるけれど、
苦しいときが、伸びるとき。
スポーツの世界では、自分を限界まで追い込んだ時に、
筋力が発達したり、自己ベストが出たり、
信じられないプレーができたりするもの。
きっと勉強も同じ、
可能性を引き出すのは、まさに今です。
【東進ハイスクール】新聞　2017年
8℃ 足立区 東京都 日本"
2022-01-15,"ゼルダをやりまくってる。
楽しいなー

■365日の広告コピー
すべてのママは、
働くママだと思う。
【ハグママ】ポスター　2015年
9℃ 足立区 東京都 日本"
2022-01-16,"「犬」「猫」呼称問題。
→「ワンちゃん」が正解？
でも「ワンちゃん」って言いたくないんだよなー

才能とは、挑戦し続ける事ができる能力

■365日の広告コピー
辛い恋なら逃げちゃいなさい。
どこへ走っても未来だから。
【IZAKIYAようこ】ポスター　2015年
5℃ 足立区 東京都 日本"
2022-01-17,"■365日の広告コピー
地震は起きる。
それは「想定」ではない。
「前提」だ。
【三菱地所ホーム】ポスター　2015年"
2022-01-18,"■365日の広告コピー
お母さんが
お母さんで
よかった。
【イエ・ラブ・ゾク/NTTドコモ】雑誌・新聞　2014年"
2022-01-19,"■365日の広告コピー
あんたが産まれたことが
いちばんのニュースやった
日があるんよ。
【福井新聞社】新聞　2008年"
2022-01-20,"会社の若手から誕生日祝いで、タバコのカートンをもらった。
19日に中村さんに「何欲しいですか？」って聞かれて、「タバコのカートンかなー」って言ったのを覚えてくれてたんだなー。
ありがたい話です。

■365日の広告コピー
わが子と話せる時間は、
悲しいほど、少ない。
【カンロ飴/カンロ】雑誌・ポスター　2016年"
2022-01-21,"会話について
女：話すことが快感
男：伝わることが快感

鈴華がコロナの陽性反応とのこと。
あやこもコロナだろう。

■365日の広告コピー
人に会わなくても
生きていけるような便利な
世の中だから、
逆に人は、
人に会いたくなるんだね。
【イムズ】ポスター　2005年
7℃ 三郷市 埼玉県 日本"
2022-01-22,"豊田さんからのLINEで思わずブチギレてしまった。反省です。もっと冷静にいられれば。

■365日の広告コピー
主婦になると値段が気になる。
母親になると産地が気になる。
【フクロウの朝市/風来楼】ポスター　2011年
6℃ 足立区 東京都 日本"
2022-01-23,"■365日の広告コピー
経験を積んだ
職人ほど、
まだまだと言う。
【日進木工】ポスター　2016年"
2022-01-24,"蓉もコロナに感染した。
あやこも感染。

エグい色した血尿が出たー

■365日の広告コピー
別れた恋人からの、
メールは消せても
手紙はなぜか捨てられない。
【新生紙バルブ商事】ポスター・新聞　2006年
5℃ 足立区 東京都 日本"
2022-01-25,"結石が爆発して、救急車を呼んだ。
コロナ禍ですぐに病院が見つからず、体感で20分ぐらいは救急車の中にいた。
ずっと痛くて目が開けられなかった。
でも病院に着いて降りる時にお礼を言えた自分が少し良かったなと思う。
痛み止めが切れてからの地獄の痛さも辛いよね。痛み止めだと思ってた薬が痛み止めじゃなくて、プラシーボなのか痛みが治るんだよね。ビックリ。
薬飲んで酒飲んですぐに痛みが出た時は、自分を殺したくなったね。薬は肝臓で吸収されて体全体に効いていくのに、アルコール飲んで肝臓の働きを阻害したら、そりゃ薬効かないわなー。

■365日の広告コピー
女は、生きてるだけで、
ミスコンに強制参加させられている。
【SONOKO】ポスター　2015年"
2022-01-26,"博慈会に紹介状を持って行った。
看護師に「オシッコの色は？」と聞かれて思わず「ひどい色でした」と答えてしまった。
全然ピンとがズレた回答で、自分の気持ち優先な発言でした。恥ずかしいです。

すごく太った人は血管がわからなくて採血するの大変そうだった。

褒める時に「◯◯みたい」と比喩で表現するのは、その人や物にとって最大限の侮辱になる。

■365日の広告コピー
「勇気」って、
上司より早く
帰るときに
使うものだっけ。
【いしかわ子育て支援財団/石川県】カレンダー　2010年
4℃ 足立区 東京都 日本"
2022-01-27,"カロナール：6:00

■365日の広告コピー
失敗を
こわがる社会。
何度でも
挑戦できる社会。
私たちの国は、
今どちらだとう。
【東京海上日動火災保険】新聞　2015年
4℃ 足立区 東京都 日本"
2022-01-28,"腎結石の痛みが6時間ごとにくる。
石が落ちなければこの生活が1ヶ月も続くのかと思うと、医者にムカついてくる。

■365日の広告コピー
犬を飼った。
愛される子どもが、
愛することを知った。
【マイホームランド玉川上水】ポスター・パンフレット　2016年"
2022-01-29,"■365日の広告コピー
失敗するなら、
なるべく
早い方がいい。
つまり今、どんどん
挑戦するべきだ。
【三菱UFJニコス】ポスター　2016年"
2022-01-30,"■365日の広告コピー
メールを何往復もさせるより、
一杯飲んだ方が気持ちはつながる。
【サントリー】新聞　2008年"
2022-01-31,"別れ際に女性が「また誘ってください」って言うより、「今度は私から誘うね」って言った方が、男性的にはグサってくる。
とのTikTokの動画を見て、そう言えばみさきさんって電話した後とかの切り際に「また何かあってら連絡するね」って言うよね。
「連絡してね」じゃないところにモテるテクニックが使われてるよね。

■365日の広告コピー
男の浮気をなくすのは、
戦争をなくすより難しいの。
【IZAKAYAようこ】ポスター　2015年
9℃ 足立区 東京都 日本"
2022-02-01,"■365日の広告コピー
婚活より、
一人暮らししたほうが、
結婚に近づける気がする。
【ハウスメイト】雑誌　2010年"
2022-02-02,"淵澤さんがヤバいね。
スヌーピー、ムーミンはまだわかるけど、ホンダの女性へのプレゼント&手紙&金券を女子更衣室に勝手に入って、ロッカーの上に置くなんて考えられない。
採用を間違ったかなー

■365日の広告コピー
彼女を呼ぶならこっちの部屋かなーと、
彼女がいないのに考えたりした。
【アットホーム】雑誌　2011年"
2022-02-03,"今日から仕事に復帰。
濃厚接触者としてと腎臓結石とで長く休んだ。
痛みで心が廃れるのがよくわかった。
健康でいる、痛みがない体がいかに尊いことなのか実感した。

■365日の広告コピー
年齢を脱ぐ。
冒険を着る。
【そごう・西武】新聞・ポスター　2016年"
2022-02-04,"豊田さんと1時間ぐらい喋った。
山崎さんの森永事件、仕事への対応など疑問が多いけど、本人から話を聞かないととは思う。

■365日の広告コピー
春は何かと出会うたび、
新しい自分と出会える気がする。
【アトレ】ポスター"
2022-02-05,"北山さんについて佐々木さんが熱くなっていた。確かに毎日何やってんのかなとは思う。
いちいち仕事が遅いんだよなー

■365日の広告コピー
疲れた時は、この仕事に
就きたくて就きたくて
たまらなかった頃の
初心を思い出してみる。
【FIRE/キリンビバレッジ】2014年"
2022-02-06,"ドラレコの取付と照明工事の立ち会いで出勤。長く休んだから別にいいけど。

■365日の広告コピー
駅のそば屋の
換気扇は、
たぶん
ぜったい
私を狙っている。
【JR東日本のエキナカ/東日本旅客鉄道】2007年
4℃ 三郷市 埼玉県 日本"
2022-02-07,"熊本県産アサリ、産地偽装問題。
なんだか闇が深いよね。

■365日の広告コピー
去年より、恋がうまくいった。なんだかつまらない。
【ロフト】2008年"
2022-02-08,"絢子が公衆猥褻に遭ったらしい。
面白そう。

■365日の広告コピー
きになる、
はすぐに
すきになる。
【札幌APIA/JRタワー】2014年
8℃ 三郷市 埼玉県 日本"
2022-02-09,"■365日の広告コピー
服が自信をくれて、
自信が福をくれる。
【札幌APIA/JRタワー】2014年"
2022-02-10,"雪が降ってきたー
また積もりそう

■365日の広告コピー
結婚しなくても
生きていける。
そんなあなたは
結婚しても
生きていける。
【O-net】2011年
1℃ 足立区 東京都 日本"
2022-02-11,"■365日の広告コピー
日本人に
もっと毒を。
【宝島社】2008年"
2022-02-12,"■365日の広告コピー
ゲームでしか、
冒険を知らない
大人になるなよ。
【栗島観光協会】2010年"
2022-02-13,"大怪獣の後始末を見た。
酷評されてたよりも全然面白かった。
土屋太鳳がカワイイ映画でした。

■365日の広告コピー
「いい会社に入りたい」人じゃなくて、
「いい会社をつくりたい」人がほしい。
【ドリームマッチプロジェクト/経済産業省　日本商工会議所】2010年
5℃ 足立区 東京都 日本"
2022-02-14,"■365日の広告コピー
今日ドキドキ
しない人は、
来月もドキドキ
しない人です。
【ガーナ/ロッテ】2011年"
2022-02-15,"■365日の広告コピー
人生が、
ラブストーリーで
ありますように。
【明治】2007年"
2022-02-16,"■365日の広告コピー
伸び悩んでいる日々も
髪は毎日伸びている。
ワタシという生き物は、
案外しぶとい。
【WArp Hair Craft】2012年"
2022-02-17,"みさきさんと蟹食べに行った。
カニ道楽って美味しいですね。
久しぶりに会ったら、すごい痩せてたなー。
子供に全部栄養が行っちゃうのかな。

■365日の広告コピー
「わからない」とわかるのは、
勉強が進んだ証拠です。
【日本教育大学院大学】2015年"
2022-02-18,"「三体」を読んだ。
雨トークでSF小説で最高傑作と言ってた。
確かに壮大で重厚で圧倒的な内容だった。
これちゃんとキレイに完結するのかなー。
続編を早く読みたい。

■365日の広告コピー
走って　走って
そろそろ歩こうか
いや　もっと速く走ろう
【イムズ】2008年"
2022-02-19,"◾️「美女と野獣」の野獣になる方法
①「執着の分散理論」
「一途曲線」

■365日の広告コピー
勉強のいちばんの成果は、
もっと勉強したくなることです。
【日本教育大学院大学】2015年"
2022-02-20,"「美女と野獣」の野獣になる方法
恋愛五大陸理論
②「うわっつらkindness理論」

■365日の広告コピー
20代の投票率、約35％。
60代の投票率、約75％。
あなたが政治家なら、
その世代に向けて
政策を練るだろう。
【読売新聞社】2013年
9℃ 足立区 東京都 日本"
2022-02-21,"今日からアルバイトとして入社する予定だった比嘉さんが引き継ぎが上手くいかないとのことで、24日から出社するとの連絡があった。
それはそれで問題なく24日から来てくれればいいんだけど、その前に電話があってしかもFaceTimeで連絡がきた。
間違って押してしまったならいいんだけど、あえてだったたらなかなかヤバめの人だなと思った。

■365日の広告コピー
本当にこわいのは
暴力ではなく
それを恐れて
無口になることだ。
【毎日新聞社】2008年
4℃ 足立区 東京都 日本"
2022-02-22,"西尾維新の「戯言シリーズ」をまた読み始めた。あの頃夢中になって読んでたけど、ほとんど忘れてたなー。
今読むと、ただの厨二病の主人公な感じもするし。

■365日の広告コピー
ペット不可。私にとっては、家族不可。
【ハウスメイト】2010年"
2022-02-23,"天皇誕生日

4t平と4tアームロールを運転した。
それぞれクセがあるけど、アームロールは新しいからなのか運転しやすかった。

■365日の広告コピー
名前は、親が子供に送る、
はじめての手紙
なのかもしれない。
【パイロットコーポレーション】2012年"
2022-02-24,"プラスチックの買取で群馬の業者が来た。
今、ビニールだけプレスしたもので40円/kgだって。すごいいい値段で売れるんだなー。
プラパレ（再生パレ以外）を破砕して、10tぐらいだったら、それもかなり高く売れるらしい。
何かプラでできないかなー。

■365日の広告コピー
手紙を書くのにかかった時間は、
その人を想っている時間です。
【日本郵政グループ】2009年"
2022-02-25,"「美女と野獣」の野獣になる方法
③BTO理論（ブサイク・ティーチャー・オノ）
④「アキレス腱落とし理論」
⑤「大変じゃない？理論」

■365日の広告コピー
不幸があるって、
けっこう
幸福だったりして。
【ベルジャンビアプラス/中井レストラン企画】2007年
6℃ 足立区 東京都 日本"
2022-02-26,"杉並区のオカムラ引取りに行った。
10時開始で45分待ったけど、まぁそんなもんかなと。

■365日の広告コピー
ケーキは
3時に食べるのが、
実はいちばん
太りにくい。
【アトレ】2017年"
2022-02-27,"むさしの森珈琲に行った。
パンケーキがフワフワ過ぎて、食べた気しなかったなー。
休みが1日だけって辛いな。

■365日の広告コピー
お菓子をもらうと、
母はうれしそうに
ダイエットを中止する。
【黒門小路/めいてつ・エムザ】
7℃ 足立区 東京都 日本"
2022-02-28,"確定申告を電子でやった。
慣れれば簡単だった。
証明書の添付とかいらないの便利だなー"
2022-03-01,"山本商店さんからの集塵機からインクの粉？が噴射されて、ヤード全体が赤くなってしまった。
急遽、木幡興業さんを呼んで21時から0時30分まで清掃作業に立ち会った。
なかなかの重労働でしたね。

みゆきさんが亡くなった。
本当にお世話になって、本当によくしてくれた。子供たちが今過ごせてるのもみゆきさんのおかげ。
心から感謝の気持ちです。

■365日の広告コピー
美人よりも、
美しい人になってください。
【山形デスティネーションキャンペーン】2015年"
2022-03-02,"今日はプレス場から炎が上がった。
ガソリンが入ったままのバイクが搬入してきて、それを掴んだから発火したらしい。
こうゆうの続くよね。
おちおち外出できない。

■365日の広告コピー
ガールの欲求に、
ゴールはないのだ。
【札幌APIA/JRタワー】2014年
15℃ 三郷市 埼玉県 日本"
2022-03-03,"前の歌詞が後ろの歌詞を食っちゃう歌、どうやって歌う？
前捨ては？
後ろ捨ては？
面白かった。
・桜坂
・最後の雨
・ゲレンデが溶けるほど恋したい

■365日の広告コピー
女子
ではなくて、
女の子
【earth music&ecology/ストライプインターナショナル】2011年
8℃ 足立区 東京都 日本"
2022-03-04,"daikichiに行った。
いおりさんという初めての方がいた。
あかね氏、りさ氏ともに安定の楽しさだった。
3月はりささんの誕生日らしい。

■365日の広告コピー
20代向けの雑誌に
のってる服は
20代向けの金額とは
思えない。
【パーラー・パトリオットM】2008年"
2022-03-05,"■365日の広告コピー
願いがないと、
嬉しいことも、
悔しいことも
なくなる。
【阿含宗】2011年"
2022-03-06,"みゆきさんのお通夜だった。

■365日の広告コピー
別腹などない、
ということを私の下腹が
教えてくれました。
【ネイチャーメイド/大塚製薬】2008年"
2022-03-07,"みゆきさんの告別式だった。
火葬ってもっと時間がかかるかも思ったけど、40分ぐらいで焼けちゃうものなんですね。
もらったお弁当がおいしかった。
玉乃屋。いくらぐらいするんだろう。3,000円ぐらいしそうだよね。

■365日の広告コピー
今のうちから
つまらない男になれよ。
あ、毛穴の話ですが。
【GATSBY/マンダム】2013年"
2022-03-08,"■365日の広告コピー
家庭には
入ったけど
社会から
出たわけじゃ
ないんです、私。
【ユーキャン】2014年"
2022-03-09,"■365日の広告コピー
そういえば。
親友も恩人も、
昔は他人だった。
【ぐるなび】2015年"
2022-03-10,"■365日の広告コピー
学校で学ぶことより、
一人暮らしで学ぶことのほうが、
多いかもしれないね。
【ハウスメイト】2010年"
2022-03-11,"みさきさんとカーテンに買いに行った。
確かにオシャレでしたね。
その後、茗荷谷にある熟成肉のお店に行った。どれも美味しかった。とくにマッシュポテトが初めての体験だった。
でも熟成肉って高いんだね。

■365日の広告コピー
「がんばれ」の次は
「遊びに来たよ」のひと言が、
東北の力になると思いました。
【大人の休日倶楽部/東日本旅客鉄道】2014年"
2022-03-12,"ジャストの吉田さんが仕事の件でかなり怒ってたなー。NECの仕事だとめんどくさいね。
ただ、信用が第一だって話はその通りだとは思う。

無免許で大型に乗ってしまった。
ホントにヒヤヒヤして心臓に悪い。
早く免許取りに行かなくちゃ。

■365日の広告コピー
あなたの思う
福島は
どんな福島ですか？
【福島県】2016年
16℃ 渋谷区 東京都 日本"
2022-03-13,"新横浜に引き取りに行った。
ボードが大量で疲れた。

■365日の広告コピー
あなたの思い出す私の顔が、
いつも笑顔だといいな。
【カンロ飴/カンロ】2016年
19℃ 三郷市 埼玉県 日本"
2022-03-14,"ホワイトデーだった。
絢子に事務所の皆さんへのお返し用に、ピエールマルコニーニを買ってきてもらった。小島さんはビックリしてた。

■365日の広告コピー
「モノより心」と
言う人に限って、
モノに弱かったりする。
【黒門小路/めいてつ・エムザ】2014年"
2022-03-15,"サンマイティーさんから値上げの要請がきた。しょうがないよね。

■365日の広告コピー
歩きやすい靴がいい。
人生はほとんどが遠回りだから。
【婦人靴　タミーフジヤ】2014年"
2022-03-16,"ミツビシオートリースの成田さんが担当を外れるらしい。
早口過ぎて何言ってるか分からないことが多かったんだよなー

■365日の広告コピー
「ずっと友達だよ」と
言うかわりに、
みんなで旅にでた。
【青春18きっぷ/JRグループ】2014年"
2022-03-17,"健康診断に行った。
結石が8.4ミリって言われてたのに、今日10.2ミリって言われた。
心なしか血尿が濃くなった気がする。
手術しなきゃなー

■365日の広告コピー
引越しが少しさびしいのは、
しあわせだった証拠です。
【ハウスメイト】2009年"
2022-03-18,"今日は寒かったなー
ホンダ和光の4輪に行ってしまって焦った。本当は2輪に行かなきゃ行けなかったのに。

■365日の広告コピー
人を好きになる。
人を嫌いになる。
胸が痛むのは
どっちだろう？
【KTC中央高等学院】2010年"
2022-03-19,"6573で土浦に断熱材を運んで、2225でコマニーの長鉄と甲山を運んで、6573で紙付きを運んだ。結構な距離を走ったなー。
帰りが22時過ぎてて、仕事したなーって感じがした。

■365日の広告コピー
「失敗したらダメ」
「失敗しても大丈夫」
人はどちらの方が
がんばれるのだろう。
【東京海上日動火災保険】2015年"
2022-03-20,"午前中だけ仕事でした。
コマニーの長鉄を運んだ。
2225を運転したけど、PTOを入れっぱなしで運転すると甲高いモーター音が鳴るんだね。勉強になりました。
ちなみに走行中にPTOのスイッチを押したりしたら危ないらしい。

■365日の広告コピー
肌は、私が見るより、
誰かが見る時間の方が長い。
【NOV/常盤薬品工業】2014年"
2022-03-21,"春分の日

久しぶりにずっと寝てたなー
本も読めて良かった。
ずっと寝る用の服で過ごして、ダラダラした一日でした。
明日からまた頑張ろうと思います。

■365日の広告コピー
人生は、
冬ではなく、
春で終わりたい。
【ヒルデモア】2004年
11℃ 足立区 東京都 日本"
2022-03-22,"今日は寒かったなー
雪が降った。

■365日の広告コピー
別れが人を強くするなら、
一生弱くていいと思った、
【西日本典礼】2012年
3℃ 足立区 東京都 日本"
2022-03-23,"■365日の広告コピー
学術上、クマンバチは飛べない。
それを知らないから飛べるんだって。
【23区/オンワード】2008年"
2022-03-24,"■365日の広告コピー
あんなに嫌いだったピアノを
今は嫌なことがあると
弾いている。
【あんどうピアノ教室】2011年"
2022-03-25,"◾️使いたいフレーズ
◯◯◯◯エピソード0

■365日の広告コピー
人が、明かりにほっとするのは、
そこに、人がいるのを感じるから。
【東京電業協会】2013年
14℃ 足立区 東京都 日本"
2022-03-26,"■365日の広告コピー
君が行く道は、僕が行かない道。
僕が渡る川は、君が渡らない川。
【earth music&ecology/ストライプインターナショナル】2014年"
2022-03-27,"運転中花粉スプレーをメガネの上からかけてしまい、何も見えなくなった。
衰えを感じましたね。

■365日の広告コピー
見事なサクラであればあるほど、
長い冬の時間、
耐えてきたことを思うのでした。
【そうだ京都、行こう。/東海旅客鉄道】
17℃ 足立区 東京都 日本"
2022-03-28,"■365日の広告コピー
東京には、
好きになった人がいる。
新潟には、
好きだった人がいる。
【吉乃川】2011年"
2022-03-29,"みさきさんに子供が産まれたそうです。
母子共に健康でよかった。

■365日の広告コピー
東京の街が、
どこか似合わないきみが、好き。
【吉乃川】2015年"
2022-03-30,"■365日の広告コピー
新しいことを始める人は、
何歳だって新人だ。
【東京海上日動火災保険】2017年"
2022-03-31,"■365日の広告コピー
小五の息子のスローボール
【へーベルハウスの二世帯住宅/旭化成ホームズ】2017年"
2022-04-01,"佐々木さんと南越谷に飲みに行った。
佐々木さんはもう女の子と俺がいなくても喋れるようになったようで良かった。

■365日の広告コピー
キレイな人の
「私、何もしていません」は、
たいていウソです。
【ティップネス】"
2022-04-02,"■365日の広告コピー
４月
わたしの
第一印象が
生まれる
【PAPA'S & MAMA'S】2012年"
2022-04-03,"鉄ヤードの壁の補修工事立会いと新しい駐車場の鉄板張りを行った。

■365日の広告コピー
人は、走り
つづけられない。
【孫の力16号/木楽社】2014年"
2022-04-04,"今日から成田空港でのステップ車解体の立会い。すげー寒かった。雨も降ってたし。

■365日の広告コピー
「いい会社に入る」の
「いい」って、
誰が決めた
「いい」なんだろ。
【マイナビ】2013年"
2022-04-05,"みさきさんが退院したらしい。
すごい痩せたって言ってたけど、無事で良かったね。

■365日の広告コピー
たくさん失敗した
若者ほど、
愛される大人に
なれるらしい。
【東京海上日動火災保険】2017年"
2022-04-06,"腎臓結石の手術の申込みをしてきた。
5/11〜15までです。

■365日の広告コピー
入学式。
どこかに、
一生の友達が
座っている。
【立教大学】2014年
20℃ 足立区 東京都 日本"
2022-04-07,"■365日の広告コピー

早期発見の
一番の敵は、
「忙しい」
だったりする。
（あいつが心配だ）
【Dr.LOUPE】2015年"
2022-04-08,"名前はりんと君（凛音くん）

■365日の広告コピー
元気な新人って、周囲の人まで
初心に返してくれるからフシギです。
【青山商事】2007年"
2022-04-09,"■365日の広告コピー
自分が成長したら、
会社も成長してた。
【ドリームマッチプロジェクト/経済産業省　日本商工会会議所】2010年"
2022-04-10,"壁の補修工事の立会い。
明和商事さんは仕事が遅いなー

■365日の広告コピー
女子力が
あるとかないとか
言うけれど、
女の子は力ですか。
【earth music & ecology/ストライプインターナショナル】2011年"
2022-04-11,"大寺さん（運転手、54歳）の面接。
現在の仕事を辞める理由が「やったらやっただけ嫌な顔をされる。」とのこと。
真面目な方だなと思った。
あまり喋らない感じでしたけど、それはそれで。
採用してみようと思います。

■365日の広告コピー
ちゃんと育てたら、ちゃんと育つ。
おっちゃんは安心しています。
【福井新聞社】2009年"
2022-04-12,"■365日の広告コピー
自分がちっぽけに思えたら、
その旅は、きっと正しい。
【H.I.S】2014年"
2022-04-13,"ホクロを除去した。
麻酔が痛かったけど、他はあっとゆうまに処理が終わった。肉が焼ける匂いがしたけど、その他は特に問題なかったなー
テープをずっと貼ってなきゃいけないのがだるいけど、それはそれでって感じです。
他にも取り除いて欲しいホクロがまだあります。美容整形にハマる人の気持ちがわかった。

■365日の広告コピー
「変わったね」
も嬉しいけど、
「そのままでいいよ」
とも言ってほしい。
【神戸山手女子中学校・高等学校】"
2022-04-14,"■365日の広告コピー
昔は安い酒で
夢のことばかり話してた。

最近は高い酒で
金のことばかり話してる。
【カラオケスナックさくら】"
2022-04-15,"■365日の広告コピー
先生は、
天才の
第一発見者。
【日本教育大学院大学】2015年"
2022-04-16,"佐々木さんと篠ちゃんと飲みに行った。
いつものキャバクラでメチャクチャ飲んだなー。
あの店で結構お金使ったけど、安いは安いんだよなー。銀座なら40万コースでした。

■365日の広告コピー
人生も映画も、
巻き戻せないからおもしろい。
【川越スカラ座】2009年"
2022-04-17,"プレス場のポンプ修理て立会い作業。
二日酔いで気持ちが悪かったし、とにかく眠かったなー。
みさきさんの電話で起きたし、元気そうで良かった。

■365日の広告コピー
人は、調書ばかりを
好きにならない。
【桜花賞/JRA】2011年"
2022-04-18,"美顔器を買った。
ピーラーも買った。
楽しみだなー
化粧水とか拘るのかなー

■365日の広告コピー
はみ出さないと、
生み出せない。
【近畿大学農学部】2016年
13℃ 足立区 東京都 日本"
2022-04-19,"血尿がひどい色だったから休んだ。
池袋PARCOのもつ鍋を食べた。
美味しかった。

■365日の広告コピー
伝統を壊そうと
する人がいるから、
伝統は続く。
【日進木工】2016年"
2022-04-20,"病院に行った。
結局内視鏡はチンコから入れるらしい。
何かやだなー
入院は個室にしてもらおうと思う。

今日から営業車をステップワゴンに切り替えた。大きいねー

■365日の広告コピー
電波が届かないところにも、手紙は届く。
【日本郵政グループ】2008年"
2022-04-21,"コマニーのアルミをやっつけた。
コンテナ満載にして1tぐらいだった。
アルミって軽いよねー

■365日の広告コピー
育児休業の制度があるのは、
あたりまえかもしれないけれど、
あたりまえに利用される会社は
めずらしいと思う。
【日本郵政グループ】2009年"
2022-04-22,"社長、常務、前田さん、佐々木さん、畠山さんと前田さんの歓迎会をやった。
うっしっしでやったけど、美味しかったなー。
そのあとルージュに行ったけど、あんま記憶ない。
そのあと佐々木さんと南越谷で5時まで飲んだ。やりすぎたなー

■365日の広告コピー
実は、環境問題の
加害者は私たちで、
被害者は私たちの子孫かもしれない。
【地球緑化センター】2011年"
2022-04-23,"二日酔いで13時過ぎまで寝てた。

■365日の広告コピー
花より美しいのは、
花を贈る気持ちです。
【花次郎】2007年"
2022-04-24,"休むつもりだったけど、コマニーやったりしたよね。
AirPodsが無くなった。
悲しいね。

■365日の広告コピー
花は、強いね。
自ら枯れたりしないもん。
【かのうや】2008年
16℃ 足立区 東京都 日本"
2022-04-25,"佐々木さんってよく見てるなって話。
出会った頃はブラックコーヒーをくれて、一時期レモンティーにハマってた時はレモンティーを用意してくれて、今はちゃんとジャスミンティーをくれる。

那須まで3時間かけて行ったけど、話にあった不法投棄はまったくなく、ゴミ袋3つだけ回収して帰った。

■365日の広告コピー
服のセンスよりも、
香りのセンスがいいと、
好感度はあがる。
【AXE/ユニリーバ】2017年
20℃ 足立区 東京都 日本"
2022-04-26,"みさきさんと黒船屋からのルージュ、アフターで蕎麦屋に行った。
どれも美味しかったなー。

■365日の広告コピー
「新人ですか？」
ではなく
「本当に新人ですか？」
と言われる
くらいじゃないと。
【三菱UFJニコス】2016年"
2022-04-27,"■365日の広告コピー
会えない時間は、
会っている時間より、
人を想っている。
【JT】2016年"
2022-04-28,"JAL羽田のプレートコンテナ格納庫を案内してもらった。滑走路が目の前で迫力がありましたね。

■365日の広告コピー
行きたい場所に行くより、
行きたくない場所にあえて行くほうが
おもしろい旅になったりする。
【H.I.S】2014年"
2022-04-29,"昭和の日

肌の経過観察に池袋に行く。
ジョイポリスに行く。

■365日の広告コピー
父さんは
せっかくだからと
駅弁を買って、
せっかくだからと
発車するまで我慢する。
【JR東日本のエキナカ/東日本旅客鉄道】2007年
15℃ 足立区 東京都 日本"
2022-04-30,"特に何もない一日だったけど、佐々木さんがこの前ルージュに行った時、体験入店の子を場内指名して、マナー的にどうなのか？と聞かれた。みさきママに確認したら、まったく気にする事はないとの回答だった。
確かに気にする事ではないなとは思った。

■365日の広告コピー
ヒトは、
本を読まねば
サルである。
【宝島社】2012年"
2022-05-01,"車の後ろを軽く清掃
いらない本を売る
事務所2階の匂い対策グッズ購入
洋服の整理
化粧品、靴下、パンツ収納箱購入
などの断捨離の一日だった。
キレイになると気持ちがいいですね。

■365日の広告コピー
会社人間　なんて人間、
いるわけが　ないじゃないですか。
【居酒屋ほっこり】
12℃ 足立区 東京都 日本"
2022-05-02,"ふるさと納税したのに、確定申告したら追徴15万の請求が来た。
マジで意味なしだ。
住民税が15万以上控除されてるならオッケーだけど。要確認ですね。

篠ちゃんと佐々木さんと急遽、新橋で飲んだ。その後ルージュに行った。その後、みさきさんとめぐ氏とバーに行った。
佐々木さんが大爆発して楽しかったなー

■365日の広告コピー
ひとりでいると、
ふたりのときより、
あなたを想う。
【P-mate】2010年
11℃ 三郷市 埼玉県 日本"
2022-05-03,"憲法記念日

前日の酔いと雨のため仕事をしようと思ったけどやめた。

■365日の広告コピー
憲法改正。
ドイツ59回、日本0回。
戦後から同じ時間が
過ぎている。
【読売新聞社】2013年"
2022-05-04,"みどりの日

佐々木さんと現在の駐車場の鉄板剥がしをやった。
フォークがハマって取り出すのに一苦労だった。

■365日の広告コピー
その
とりあえずコピー、や
とりあえずプリント、は
とりあえず森林破壊、
と同じだ。
【アートファクトリー】2007年"
2022-05-05,"こどもの日

佐々木さんと新しい駐車場の鉄板貼りをやった。フォークがハマったりして爆笑だった。

■365日の広告コピー
大きくなったら、
小さなことに、
気が付く人になってね。
【かながわ子ども環境サミット2010/日立製作所　横浜支社】2010年"
2022-05-06,"山上さんが「体調悪い」とのことで休んだ。それに対して豊田さんがすごい怒ってた。
昔、酔って社長に絡んだことで、常務が怒って「クビにしろ！」的なことを言われたけど、庇ってあげたのに…みたいな事を言ってた。
気持ちはわかるが、昔のことを言い過ぎじゃない？

■365日の広告コピー
初夏に私は「秋のガイドブック」を開きます。
紅葉の名所は、すなわち
新緑の名所ですから。
【そうだ京都、行こう。/東海旅客鉄道】"
2022-05-07,"佐々木さんから「天丼食べたい」と「キャビア食べたい」とのLINEがあったので、本日は天丼を食べた。
私はカツ丼を食べた。

■365日の広告コピー
目を閉じてから見える色がある。
音色です。
【清野百景】2012年
21℃ 三郷市 埼玉県 日本"
2022-05-08,"久しぶりに佳奈とLINEしたのと、結婚報告があったからか、夢で佳奈とあかりちゃんが出てきた。
内容は、あかりちゃんは本当は大塚愛で、これからライブするって話でした。
で、あかりちゃんと佳奈と俺でカフェでライブ前にサラダ食べてるって夢でした。
で、歌詞は俺たちとの出来事とか盛り込んでるんでしょーってイジってた。
何か楽しい夢だったなー

よみうりランドに行った。
入場券だけ買って、ラーメン食べて車で本読んだりしてた。それはそれで充実してたなー

■365日の広告コピー
理不尽を知って、
私、
もっと強くなれ。
【earth music＆ecology／ストライプインターナショナル】2015年
20℃ 足立区 東京都 日本"
2022-05-09,"みさきさんとカーテン買いに行って、ニトリ行って、フランフラン行って、上野のもへじでもんじゃ食べた。
月島のもへじの方が美味しかった気がするなー

■365日の広告コピー
結婚しようって
言われて、
なによりも先に、
浮かんだのは、
故郷の母と父だった。
【吉乃川】2014年"
2022-05-10,"入院前の仕事でした。
荒井さんが上野さんに大きな声を出していて少し驚いた。
今井さんからなかなかの宿題が来て、ちょっと焦ったなー

■365日の広告コピー
ひとりで、
抱えれば悩み。
話せば笑い話。
【SUN STUDIO OKAYAMA（マタニティ・ヨガ）】2015年"
2022-05-11,"入院初日。
いかに快適に過ごせるかなー

今日の入院昼食
・白米
・白菜がシナっとなったやつ
・ブロッコリーとにんじんがシナっとなったやつ
・焼き鮭にマヨネーズ
・ほうれん草がシナっとなったやつ

今日の夕食
・白米
・薄いワカメの味噌汁？
・薄いプルコギ？
・エビしゅうまい
・ナスのおひたし？
・りんご
・グレープゼリー

クイズ①
「彼女と毎日電話してるんだ！」
「彼女◯◯◯だね。」
「彼氏が毎日電話してくるんだよね」
「彼氏◯◯◯だね」
同じひらがな3文字が入る

クイズ②
朝十時ごろ、部屋に入るとあらされている。どの部屋も毎日。片付けても結果は同じ。ま、やったのは◯なんだけどね。
漢字1字が入る

■365日の広告コピー
わたしは、体が、
ゆるキャラだ。
【ルネサンス青砥店】2011年
18℃ 足立区 東京都 日本"
2022-05-12,"手術日。麻酔のおかげで何も感じずに終わった。
下半身麻酔って本当に何も感じなかったけど、事故とかで下半身麻痺とかになるとこんな感じなのかなと思った。結局元に戻ったけど想像したら怖かった。
浣腸とかチンコに管入れられたりと、もう恥ずかしさとかないよね。
とにかく早くチンコの管を抜いて欲しい。

■365日の広告コピー
母は、憎たらしいぐらいが
ちょうどいい
【イエ・ラブ・ソング/NTTドコモ】2014年
20℃ 足立区 東京都 日本"
2022-05-13,"入院３日目
とにかくチンコに刺さってる管が痛い。
勃起してくると更に痛くて眠れない。
でもコンビニに行けて嬉しかった。
こんなに嬉しいことってあるんだね。

■365日の広告コピー
幸せなのは、
笑う母を見る
わたしの方です。
【母の日/東武百貨店】2012年
20℃ 足立区 東京都 日本"
2022-05-14,"入院4日目
チンコの管を抜いた。
何とも言えない感覚で気持ち悪いし痛いし、もうやりたくないと思いました。
食欲がない。

■365日の広告コピー
花を好きなのは
母親似。
母を好きなのは
父親似。
【母の日/イトーヨーカドー】2014年
21℃ 足立区 東京都 日本"
2022-05-15,"退院日。
あっとゆうまと言えばあっとゆうまでした。
とにかくもう入院はいいなと思います。
今日、何しよう。ワクワクです。
とりあえずシャワー浴びたい。

■365日の広告コピー
やりたいことが
見つからなかったら人生負け、
なんと大うそやで。
【福井新聞社】2009年
17℃ 足立区 東京都 日本"
2022-05-16,"職場に復帰。
体力が落ちすぎてて、すぐに息が上がってしまった。
ゆっくり戻すしかないですね。

■365日の広告コピー
本を読むと
旅に出たくなる。
旅に出ると
本を読みたくなる。
【ナツイチ/集英社】2010年
15℃ 足立区 東京都 日本"
2022-05-17,"おしっこがすぐ出るー
手術の影響かな。
顔色が悪いと３人ぐらいから言われた。
恐らくおしっこに血が混じってるから貧血気味なのかなと思う。

■365日の広告コピー
似合わないと決めつける前に、試着してみたら。
【博多デイトス】2010年

17℃ 八潮市 埼玉県 日本"
2022-05-18,"かき揚げ食べたら気持ち悪くなった。
やはりかき揚げは封印しようと思う。
全然量が食べられなくなった。

修了検定だったけど、思ったより筋力が落ちてて、クラッチの左足がプルプル震えた。
軽く怖かった。

ダンス日本一を決める日テレの番組で「人類の叫び」「コロナ収束への祈り」みたいなテーマを言われたら、それがわかんないのか？みたいに試されるのと、そんな壮大なテーマ出されたら点数入れるしかないよね。

■365日の広告コピー
大好きな人といるときに限って
大嫌いな自分が出てきてしまう。
【P-mate】2010年
24℃ さいたま市中央区 埼玉県 日本"
2022-05-19,"排気ランプがいきなり付いて立ち往生した。
レッカーでタクミさんに入れてもらった。

浜屋の帰り、バーストした。
渋滞を起こして気まずかった。

パソコンのマウスの電池が切れた。

建石さんから細沼さんの件で相談があった。

今日はとことんツイてないなー
家でオシッコしたらいつも以上に血が混ざってた気がするなー

■365日の広告コピー
「今日、
深夜バスで来ました。」
と面接で言われると、
とりあえずのこしたくなる。
【高速バス/西日本ジェイアールバス】2015年
26℃ 三郷市 埼玉県 日本"
2022-05-20,"椅子の歩留まりを調べようと思ったんだけど、重量を測るのを忘れてやる気を無くした。

■365日の広告コピー
プロ野球選手の初ホームランは、
きっとバッティングセンターで生まれている。
【竹の塚バッティングセンター】2009年
22℃ 足立区 東京都 日本"
2022-05-21,"池袋の美容外科に行った。
また7月に行ってホクロ取りたい。

■365日の広告コピー
じんせいは、
小学校で
学んだことの
復習だよ。
【西日本新聞社】2015年"
2022-05-22,"何しない穏やかな日でした。

■365日の広告コピー
やらない理由を
探すのがうまくなると、
成長は止まる。
【GRIP/リクルートキャリア】2014年"
2022-05-23,"朝起きられなくなくなったなー

■365日の広告コピー
手紙なら、不器用さも、武器になる。
【日本郵政グループ】2008年"
2022-05-24,"レクサスのLXに乗った。
大きくて特に左が見えずらい。
トラックと全然違った。
けど、カッコいいですね。
ボタンがいっぱいあって何が何だかよくわからなかった。

■365日の広告コピー
便箋を選ぶ。
下書きをする。
清書をする。
住所を書く。
切手を貼る。
ポストに入れる。
手間がかかることを
知っているから、
手紙は、もらうとうれしい。
【梅園会】2014年"
2022-05-25,"どこまで続くかわからないけど、TikTokや YouTubeを見る時間を減らそうと思う。
無駄ではないけど、だったら本を読んだり自分を磨いたり、子供と話したりしたいと思う。

世の中は思い通りにならないことがほとんど。だから自分の気の持ちようなのだと思う。

■365日の広告コピー
主婦にも、
定年をください。
【あさみなみ文化サークル】2009年
21℃ 足立区 東京都 日本"
2022-05-26,"埼京会の後に飲みに行った。
佐々木さんと篠ちゃんと行った。
ダイキチですげー喋ったなー
その後ルージュに行った。
何かすげー酔ったなー。

■365日の広告コピー
ビジネス英語と
普通の英語は、
カニとカニカマくらい違う。
【ベルリッツ・ジャパン】2012年"
2022-05-27,"環境展の後、佐々木さんと飲みに行った。
二日酔いで頭痛かったし、気持ち悪かったし、眠かった。
2人とも疲れてたよね。
みさきさんの私服が可愛かった。

■365日の広告コピー
蚊が血を吸い始める気温15°
5月は、とっくに危険です。
【ママキラー】2015年"
2022-05-28,"病院でステントを取る手術をした。
チンチンから抜いたんだけど、やっぱ痛くて気持ち悪かった。
もう懲り懲りです。

■365日の広告コピー
日用品なんて
自動的にそこにあった。
実家暮らしの時は。
【三井住友銀行】2011年"
2022-05-29,"江戸川クリーン作戦に参加
ゴミは全然なかった。

ヤードの壁のライン引をやった。
真っ直ぐって難しいね。

■365日の広告コピー
着ることは生きること
【長沼静きもの学校】2006年"
2022-05-30,"内田洋行向けの資料作ってたら、ハマってしまった。
オカムラさんの資料は見事でしたねー

■365日の広告コピー
人生で 血圧だけは いまピーク
【胡麻麦茶/サントリー】2007年"
2022-05-31,"野暮な話

ティラノサウルスの全力疾走、人間の歩く速度以下
日本で1番有名なコンドーム会社の娘、できちゃった結婚
セコムの社長の自宅の壁の上、トゲトゲがいっぱい

■365日の広告コピー
「吸ってもいい？」と
聞かれて、「ダメ」と
言える人は少ない。
【キャンバス内禁煙キャンペーン/立命館大学】2011年
17℃ 足立区 東京都 日本"
2022-06-01,"謎の熱が37.5まで出た

■365日の広告コピー
結婚しなくても幸せになれるこの時代に、
私は、あなたと結婚したいのです。
【ゼクシィ/リクルートホールディングス】2017年"
2022-06-02,"埼玉県の監査だった。
細かい人でめんどくさかったなー。

■365日の広告コピー
親になってみたら、
「親バカでいいや」
と思ってしまいました。
【グリコ幼児のみもの/グリコ乳業】2005年"
2022-06-03,"篠ちゃんと黒船屋に行った。みさきさんも来たなー。
その後3人でルージュへ。
篠ちゃんが気に入った子が見つかるといいな。
ななみんとみさきさんと3人でカラオケに行った。完奏チャレンジやって、なかなか盛り上がった。

■365日の広告コピー
はじめて
彼の名字を名乗ったのは、
式場の予約だった。
【アルカランシエルグループ】"
2022-06-04,"鈴華を塾に送りに行った。
それぐらいしかしなかったなー

■365日の広告コピー
いちばん痛くないのが、予防です。
【ひがしだ歯科クリニック】2015年"
2022-06-05,"林さんとワークオールの仕事へ行った。
荷台でネットかけようとしてたら、林さんの4t車が突っ込んできて危なかった。
やはり6938で呪われているのだと思う。

■365日の広告コピー
女は、
人生後半
きれいな方が
トクだと思う。
【C1000/ハウスウェルネスフーズ】2009年"
2022-06-06,"社長とリーテック鈴木さんとA-LINEの東さんとウチダテクノに提案営業した。
大企業は建築業の許可が必要とのこと。
取れるように行政書士を探してみようと思う。

■365日の広告コピー
おいしいと言うかわりに、
あの人はおかわりをしてくれた。
【ヤマサ鮮度の一滴/ヤマサ醤油】2011年"
2022-06-07,"みさきさんとペルー料理に行って、そのままルージュへ。
焼酎もシャンパンも飲まなかったから、7万ぐらいで済んだ。
お安い店なんだなと思った。

■365日の広告コピー
薄着の
季節は
下心まで
見えやすい。
【天神コア】2009年"
2022-06-08,"コロナの陽性判定が下ったー
言われた瞬間、力が抜けて思わず椅子に座っちゃったよね。

■365日の広告コピー
あなたを
脱がせるために、
夏が来る。
【アミュプラザ鹿児島】2009年
20℃ 足立区 東京都 日本"
2022-06-09,"映画を5本見た
・スラムドッグミリオネア
・ワイルドスピード
・ワイルドスピード2
・ワイルドスピードMAX
・蜜蜂と遠雷

■365日の広告コピー
うれしくて泣く大人を、
こどもは、
式ではじめて見る。
【ゼクシィ/リクルートマーケティングパートナーズ】"
2022-06-10,"映画と本を見た
・ワイルドスピードMEGA MAX
・奥様は取扱い注意
・新解釈　三国志

・氷菓
・愚者のエンドロール

■365日の広告コピー
Happy Birth Time
【宝石時計　長野】2005年"
2022-06-11,"朝5時に目が覚めたら佐々木さんから豊田さんに関する長めのLINEが入ってた。
佐々木さんの逆鱗に触れた事を言ったみたいだね。

・TENET
・バブル
・ワイルドスピード Euro mission

・クドリャフカの順番

■365日の広告コピー
人は、人の傘になれる。
【愛媛県】2010年
25℃ 足立区 東京都 日本"
2022-06-12,"「言いかえ図鑑」を読んだ。
あんま言ってる言葉はなかったけど、ふと豊田さんを思い出してしまった。
みんなこの本で勉強すればいいのになー。

■365日の広告コピー
人は、
同じ相手に二度、恋をする。
出会ったときと別れたあと。
【ベルモニー葬祭】2014年
24℃ 足立区 東京都 日本"
2022-06-13,"ワイルドスピード スカイミッション

■365日の広告コピー
今日も、
電話をかける。
手をつなぐように。
【イエ・ラブ・ゾク/NTTドコモ】2017年
26℃ 足立区 東京都 日本"
2022-06-14,"「待つこと」について
テーマパークで乗り物を待つ時に誰と一緒に待つか。誰でもいいがテーマパークの場合、一緒に待ってくれる人は多い気がする。
なぜか？
絶叫系が好きな場合には、同じ目的を持っているから。しかも、その同じ目的を共有できる人は世の中に見つけやすいと思う。
一方、パンダを見るのに4時間待つらしい。ここで、一人で待つなら特に思うことはないけど、誰かと一緒に待つ場合、4時間も待ってパンダを見たいという目的を共有するできる人って、身近ですぐ見つかるかなと思う。

■365日の広告コピー
私より、
私たちで、
生きよう。
【earth music&ecology/ストライプインターナショナル】

18℃ 足立区 東京都 日本"
2022-06-15,"ぐらんぶる
グランドイリュージョン2

ぐらんぶるに出てた乃木坂46の与田ちゃんが可愛かったなー。

「うちら」って言う人が苦手。
各々の人生を何だと思ってるんだと思う。

■365日の広告コピー
私は雑草。
心ある雑草。
【earth musiv&ecology/ストライプインターナショナル】
18℃ 足立区 東京都 日本"
2022-06-16,"久しぶりにコマニーに行ったら石膏ボードが1台分ぐらいしかなくなってた。
あんだけあったのに減ったなー

■365日の広告コピー
子どもが親の次に、
いっしょに過ごす大人は、
先生です。
【日本教育大学院大学】2016年"
2022-06-17,"鉄リの全国大会で青森に来た。
ダイワロイネットに泊まったけど、安定の良さだった。
バスとトイレが別ってのがいいよね。

■365日の広告コピー
「父が照れる」を、私がもらう
【東武百貨店】2011年"
2022-06-18,"鉄リの全国大会の本番だった。懇親会がバーベキュースタイルだったんだけど、煙がこもっちゃって大変だったし、すごい密だった。このスタイル、失敗に近い感じだったと思う。その場で会った、名古屋の方とずっと一緒にいた。
リバーの渡辺さんと上田さんと常務の4人でキャバクラに行った。可愛くない人ばっかりだったけど、途中から来た「ひとみさん」って人はキレイだったなー。ジムとか食事制限してとかしてて、ストイックな人だった。

■365日の広告コピー
ご飯で立ち直れる
くらいの
失恋でした。
【JA全農ふくれん】2008年"
2022-06-19,"◾️使いたいフレーズ
チンチンはみ出ちゃってる
→イキっちゃって時とか、これからボケるぞーっていうとき。

■365日の広告コピー
ヘッドスライディングの
ない人生なんて。
【マスターズ甲子園実行委員会】2015年
27℃ 戸田市 埼玉県 日本"
2022-06-20,"◾️こうやって考える
・化合物を求める
・未知のものを見つけ出す
・おどろく心を維持する
・真正面から闘わない
・無意識を使いこなす
・偶然に任せる
・失敗からセレンディピティを得る
・問いに縛られない思考を身につける
・場所を選ぶ
・メモの習慣を身につける
・頭の中から探そうとしない
・まずは自分でみる
・思いつきを大事にする
・編集視点で考える
・精神の加工を経させる

■365日の広告コピー
先輩の背中を見て
学ぶ。
そんなヒマが
あったらすぐに
訊け。
【大谷製鉄】2017年"
2022-06-21,"■365日の広告コピー
夏は、
すぐ来て、
すぐ終わる。
【夏期講習/東進ハイスクール】2012年"
2022-06-22,"■365日の広告コピー
さ、洗い流そ。
【牛乳石鹸共進社】2014年"
2022-06-23,"■365日の広告コピー
宗教はいろいろあっても、
祈っていることはきっと同じなんだと思う。
【阿含宗】2010年"
2022-06-24,"■365日の広告コピー
「オトナになれ」という
いくつかの夏を経て、
「コドモに帰れ」という
夏が待っている。
【イムズ】2006年"
2022-06-25,"■365日の広告コピー
結婚式に来てくれる人は、
あなたの人生を支えてくれる人です。
【ゼクシィ/リクルート】2009年"
2022-06-26,"■365日の広告コピー
今の別府にとって、
お客様は（マジで）
神様です。
【Go! Beppu おおいたへ行こう！キャンペーン/おんせん県観光誘致協議会】2016年"
2022-06-27,"■365日の広告コピー
「やっとできた」は、
「やればできる」を教えてくれる。
【日本教育大学院大学】2013年"
2022-06-28,"■365日の広告コピー
人類史上、
いちばん続く争いは
「言った言わない論争」だ。
【ボイスレコーダー/山善】2013年"
2022-06-29,"■365日の広告コピー
「全然勉強
してないよ」
リアルなのは
俺だけだった。
【明光義塾】2010年"
2022-06-30,"■365日の広告コピー
もっと知りたいと思う子は、
それを勉強とは考えない。
【日本教育大学院大学】2015年"
2022-07-01,"■365日の広告コピー
海や山に励まされる。
大人になるって、
そういうことかも。
【岩美町観光協会】2016年"
2022-07-02,"■365日の広告コピー
早く大きくなれ、いや、ゆっくり大きくなればいい。
夏は、親も戸惑いながら育ってゆきます。
【そうだ、京都行こう。/東海旅客鉄道】2012年"
2022-07-03,"■365日の広告コピー
オトナって、
泣かないものだと思ってた。
【23区/オンワード】2006年"
2022-07-04,"■365日の広告コピー
群れに答えはない。
【TOYOTA NEXT ONE//AUSTRALIA 2014/トヨタ自動車】2014年"
2022-07-05,"■365日の広告コピー
迷う。悩む。
奪われる。
バーゲンは青春だ。
【西武夏市/そごう・西武】2009年"
2022-07-06,"■365日の広告コピー
練習では私が泣いて
発表会ではママが泣く。
【あんどうピアノ教室】2011年"
2022-07-07,"■365日の広告コピー
待つことも、恋愛だ。
【日本郵政グループ】2011年"
2022-07-08,"ルージュに行く前にさっちゃんとぱいかじでご飯食べたけど、盛り上がったね。3時間は喋れるね。
ルージュでシャンパンファイトをやった。
結果はわからずだったけど、みさきさんが久しぶりに潰れた。
潰れたみさきさんを待ってた時に、ななみさんの足を嗅いだ。何か不思議な興奮に包まれた。新たな性の目覚めかも。

■365日の広告コピー
服は、
太りはじめを
教えてくれる。
【そごう夏市/そごう・西武】2007年"
2022-07-09,"謎の声枯れ症状が出た。
理由がわかりません。

■365日の広告コピー
18歳の私に言いたい。
それ以上、食うなっ！
【アトラス】2010年"
2022-07-10,"停電工事とクレーン修理の立会いで出社。
特に何もなかったけど、早く終わって良かった。

■365日の広告コピー
文句も知性があれば、提案になる。
【朝日新聞社】2013年"
2022-07-11,"謎の咳が止まらず夜がほとんど寝れなかった。
よくなるといいんだけど、咳があると腹筋とか鍛えられるのかなー。

■365日の広告コピー
父親に
似ていることを
嫌がっていた
自分が、
息子が自分に
似ていることを
喜んでいる。
【オリンパス】2007年"
2022-07-12,"「下に見られないための魔法の言葉」
例えば「好きな映画なに？」って聞かれた時って困る。ベタな映画が好きなんだけど、それをそのまま言ったらバカにされる気がする。特にお洒落な人から。
そんな時は「なんだかんだ」をつけると解決する。
「なんだかんだバックトゥーザフューチャー」みたいな。
後「南」「奥」「裏」などをつける。
どこ行ったの？
「南イタリア」「奥日光」「裏原宿」
みたいな。

■365日の広告コピー
「内視鏡の結果
どうでしたか？」
「お前の方こそ
どうだった？」
これがほんとうの
腹のさぐりあい。
【オリンパス】2007年
25℃ 足立区 東京都 日本"
2022-07-13,"■365日の広告コピー
いじわるを言ったのは、
あなたが時計を見たから。
【ウイッカ/シチズン】2014年"
2022-07-14,"■365日の広告コピー
摩擦を恐れるな。
摩擦は熱になる。
その熱だけが
情熱になる。
【TOYOTA GAZOO Racing/トヨタ自動車】2015年"
2022-07-15,"トラックの後ろに、運転手の名前が貼ってある車がある。
今日見たのが「天野　翼」だった。
なんてキレイな名前！
宝塚かと思う。

■365日の広告コピー
第三次世界大戦が、
テレビゲームでありますように。
【秋葉原電脳商店街】2015年
24℃ 草加市 埼玉県 日本"
2022-07-16,"大人数のグループLINE
誰かの発言に対して様子を見るから既読スルーになりがち。
グループLINEって怖いね。

■365日の広告コピー
帰りたい夏は、
いくつあってもいい
【山形デスティネーションキャンペーン/東日本旅客鉄道】2015年
25℃ 三郷市 埼玉県 日本"
2022-07-17,"全然みさきさんと連絡がつかなかったから怒ってるのかと思ったけど、全然怒ってなくてよかった。
モンハンサンブレイクを始めた。
ライトボウガンで始めた。
楽しいね。
でも、このゲームお金が全然足りない。

■365日の広告コピー
東京がせかせかしているんじゃない。
自分がせかせかしていたんだ、と気づきました。
【いばらきさとやま生活/茨城県】2010年"
2022-07-18,"海の日

頭の後ろにサングラスする人ってなんだろう…

■365日の広告コピー
焦がすなら、
肌じゃなくて、
胸がいい。
【フォーラス】2007年
30℃ 足立区 東京都 日本"
2022-07-19,"■365日の広告コピー
女は強くなった。
けど、女のカラダが
強くなったわけじゃない。
【生理日・排卵日予測アプリ　ラルーン/エイチーム】2016年"
2022-07-20,"■365日の広告コピー
恋と、季節は、
追いかけては
いけない。
【PAPA'S & MAMA'S1】2012年"
2022-07-21,"■365日の広告コピー
ひとは、夏　育つ。
【新潮文庫の100冊/新潮社】2017年"
2022-07-22,"■365日の広告コピー
はじめてのひとり旅を、
人は一生忘れない。
【青春18きっぷ/JRグループ】2013年"
2022-07-23,"■365日の広告コピー
習慣になった
努力を、
実力と呼ぶ。
【河合塾吉祥寺現役館】2011年"
2022-07-24,"■365日の広告コピー
がんばれ！
【東京2020年オリンピック・パラリンピックパートナー15社】2016年"
2022-07-25,"■365日の広告コピー
1日が短いと
思った日の
日記は長く
書けるなぁ。
【JOMO/ジャパンエナジー】2006年"
2022-07-26,"■365日の広告コピー
絵日記を書いて、
それでおしまいに
なってしまうような夏じゃなく。
【そうだ、京都行こう。/東海旅客鉄道】2008年"
2022-07-27,"支出：220円
ペットボトル×2

■365日の広告コピー
ずっと一緒には
いられないから、
今はずっと
一緒にいよう。
【グリコ幼児のみもの/グリコ乳業】2005年
32℃ 三郷市 埼玉県 日本"
2022-07-28,"支出：1,250
おにぎり160
ボークフランク167
いろはす100
アイコス580
自販機120

■365日の広告コピー
大人には、いい休暇をとる、
という宿題があります。
【青春18きっぷ/JRグループ】2009年
33℃ 三郷市 埼玉県 日本"
2022-07-29,"支出：4,130円
そば屋2,900円（中村さんと）
シュークリーム150
おにぎり160
コーラ140
水100
ファンザ680

■365日の広告コピー
花火以外の火遊びもしたい夏がくる。
【フォーラス】2007年
35℃ 三郷市 埼玉県 日本"
2022-07-30,"支出：850円
自販機120
水100
ティラミス210
フレンチクルーラー130
プチエクレア290

■365日の広告コピー
乗りたいクルマに迷ったら、
乗せたい人を思い浮かべるといい。
【青森トヨペット】2015年"
2022-07-31,"支出：599円
コンビニ599円（スナック菓子）

■365日の広告コピー
「ヤマダ！すごい発見をしたよ！
三日坊主にならない方法だよ！」
「なになに？」
「四日やるんだよ！」
【栄光】
34℃ 足立区 東京都 日本"
2022-08-01,"支出：360円
自販機360

■365日の広告コピー
よくあ？髪型にしていると
よくある人生になっちゃいそうで
それはよくないと思うのです。
【ヘアサロン　CLOUD-HAIR】
36℃ 戸田市 埼玉県 日本"
2022-08-02,"■365日の広告コピー
子どもは「好き」という
入口から入っていく。
【日本教育大学院大学】2015年"
2022-08-03,"支出：1,050円
自販機320
タバコ580
おにぎり150

■365日の広告コピー
きゅんって、
何の音ですか。
【カルピスウォーター/カルピス】2014年
37℃ 足立区 東京都 日本"
2022-08-04,"支出
・ラーメン（高橋）1000円
・漫画1985（4冊）

■365日の広告コピー
日本人が
一番好きな会議室は、
居酒屋です。
【東京遺産/東京都】2014年
23℃ 中央区 東京都 日本"
2022-08-05,"■365日の広告コピー
母親になった娘からの手紙は、
「ありがとう」の文字が、てれくさそうにしていた。
【パイロットコーポレーション】2015年"
2022-08-06,"支出：
・辛みごまだれ棒棒鶏麺470
・マカロニサラダ228
・いろはす90
・レジ袋3

また金田さんが吠えてたなー
自分のことだけに集中すればいいのに。
結局は、運転手が少ないのと、駐車場ができればいいんだなー

■365日の広告コピー
外国を知らない日本人より、
日本を知らない日本人の方が
ハズカシイ。
【御菓子司亀屋】"
2022-08-07,"ヴィンツァンツォを見始めた。
想像してたのはシリアルな感じだったんだけど、コメディー多めだった。ただ面白いのは間違いない。けど20話もある。多いな。
ヴィンチェンツォを見過ぎて、教習所行くの忘れてしまった…ショックです。

■365日の広告コピー
うちの子を
叱ってください。
【福井新聞社】2009年
29℃ 足立区 東京都 日本"
2022-08-08,"急に社長から会食に来るように言われた。
良い人そうだったけど、もと三菱地所の方は、昔の方って感じでした。
セクハラ、下ネタぎみなとことか。
あと、箱崎ロイヤルパークの中華だったんだけどそこまで美味しいとは思わなかった。
でも、そういう時も美味しいって言った方がいいんだろうなーと思った。

■365日の広告コピー
一瞬の輝きが、
上を向く時間をくれる。
【JT】2017年
30℃ 足立区 東京都 日本"
2022-08-09,"支出
自販機200

■365日の広告コピー
「マッサージ師と結婚すればよかった。」
と思うことがときどきある。
【ヘクトメタシン/トクホン】2007年
34℃ 足立区 東京都 日本"
2022-08-10,"支出：
・いろはす90
・缶コーヒー93
・マカロニサラダ228
・辛みごまだれ棒棒鶏麺470

丸紅テツゲンの搬出、積込作業。
久しぶりに1:45ぐらいまでやったなー。
なかなかのハードモードだった。

夏休みのせいか道が混んでた。

■365日の広告コピー
昼間から飲んでも
許されるから海が好き。
【角/サントリー】2010年"
2022-08-11,"山の日

支出：
ウーバー1,490（マック）

■365日の広告コピー
山を越えないと見えない山があった。
【TOYOTA NEXT ONE//AUSTRALIA 2014/トヨタ自動車】2014年
33℃ 足立区 東京都 日本"
2022-08-12,"支出：
ビックカメラ3,675
そば2,530

ガンプラを久しぶりに作った。
楽しかった。
明日はスミ入れをしようと思う。

■365日の広告コピー
人生が長い道なら、その道草が旅なんだ。
【H.I.S】2015年"
2022-08-13,"支出：
ヨドバシカメラ12,716（プラモデル）

■365日の広告コピー
帰省ラッシュ。
それは親を想う
子どもたちの行列です。
【DRIVE&LOVE】2011年"
2022-08-14,"支出：
漫画1,655
映画館2,160

目標を持ってから賞レースで勝てるようになった。
かまいたち　濱家

「以前・以後」で別れるもの。
例えば、「漫才はダウンタウン以前と以後に別れる」みたいな。
考えたら面白そう。

■365日の広告コピー
死ぬのが怖いから
飼わないなんて、
言わないで欲しい。
【日本ペットフード】2004年
34℃ 足立区 東京都 日本"
2022-08-15,"朝、美女木に行ったんだけど全然荷物なくてよかった。1時間ぐらいで終わった。

■365日の広告コピー
にんげんの時間
【宝石時計　長野】2005年
32℃ 足立区 東京都 日本"
2022-08-16,"支出：
焼肉9,438（焼肉山河）

昔の人は写真とかなかったから、自分がどうゆう顔をしてるのかわからなかった。
だから絵に描いてもらってた。
絵に描いてもらえない人は人からの評価しかない。「カッコいい」と言われれば、一生そう思って生きていける。それは自信になる。逆の場合は悲惨かもしれない。
承認欲求の具体化？
今は手軽にSNSでできる時代。やっぱりみんな承認される、評価されると嬉しいんだろうなー。

■365日の広告コピー
この国の
平和をつくったのは、
ご先祖様です。
【お仏壇のコガ】2015年
31℃ 足立区 東京都 日本"
2022-08-17,"支出：
ローソン688

docomoの人が「ソフトバンク」の事を「バンク」て略してた。
何か気持ち悪い…

■365日の広告コピー
優しいって、
ひらがなにすると、
やさしくなる。
【ナツイチ/集英社】2010年
28℃ 三郷市 埼玉県 日本"
2022-08-18,"支出：
ベーコンペッパーマカロニサラダ220
豚しゃぶパスタサラダ330

この時代にデコトラって何を運んでるのだろう。

常務に呼ばれて吉川でリーテックの鈴木さんと飲みに行った。
鈴木さんが新しい会社の立ち上げに携わってくれて良かった。
その後佐々木さんと南越谷のいつものキャバクラに行った。2時間ぐらいいたけど40,000円弱だった。安いね。銀座だったら1.5倍はするよね。
そっからタクシーで家まで帰ったけど、メチャクチャ遠回りするよね。ナビってたのに。何だかなー。

■365日の広告コピー
海も山もある故郷を、
何も無い町と呼んでいた。
【五明】2012年
25℃ さいたま市南区 埼玉県 日本"
2022-08-19,"世の中の人の8割は「くせっ毛」って言う。

写真集って加工されまくりでよくわからないよね。

お店でビールは何があるの？って聞く人に軽くもやる。
まぁ100歩譲って、それはいい。でも例えば「アサヒと恵比寿です」って店員さんが言ってるのに「サッポロはないの？」「キリンはないの？」とか言う人、もやる。ないって言ってるじゃん！

■365日の広告コピー
きるは
生きるの
大部分。
【札幌APIA/JRタワー】2014年
28℃ 足立区 東京都 日本"
2022-08-20,"◾️言語化できない
テレビで昔のギャグ？などに対して、出演者全員が笑ってるのを見た時。

2241の白煙が直ったとの連絡を受けた。本当に直ったのか確認が必要ですね。

■365日の広告コピー
優れたチームには
優れたNO.2がいる。
【映画『のぼうの城』】2013年"
2022-08-21,"池袋のサンシャインにある韓国料理に行った。
美味しかったんだけど、最後に食べた炸醤麺がイマイチだったなー。サムギョプサルとラーメンが美味しかった。
サムギョプサルは2人前だと少ないし、早めに注文しないと、来るのが遅いし。とりあえず初めから３人前がいいのかなと思った。

■365日の広告コピー
ち、
のち、
いのち。
【日本赤十字社】2014年
27℃ 足立区 東京都 日本"
2022-08-22,"支出：
お茶4本：521

隈研吾がデザインした建物を実際に作ってる現場監督や宮大工が言ってほしいのは「この喫茶店、居心地いいよね」「この喫茶店のコーヒーって何かすごい美味しいよね」などの言葉で「◯◯技法で有名な…」みたいな枕詞は1ミリもいらない。
シビれるねー。
そうゆう人になりたい。

みさきさんとまかないきいちに行った。どれも美味しかったなー。
9時から水だけで11:30まで過ごした。
お腹いっぱいになった。

■365日の広告コピー
「ずっと」なんてないことを
こどもたちは夏から教わる。
【イムズ】2003年"
2022-08-23,"新大久保の食べログ4.0の韓国料理に行ったけど、池袋のサンシャインにある韓国料理の方が美味しかったなー

■365日の広告コピー
家の冷房を消して、
涼しい日本へ旅にでた。
【青春18きっぷ/JRグループ】2014年
30℃ 足立区 東京都 日本"
2022-08-24,"支出：902
いろはす108
おにぎり214
アイコス580

乃木坂と楽しく何かやってる夢をみた。
なかなか良かったなー。

■365日の広告コピー
子どもに伝わるのは。
命令形ではなく肯定系です。
【日本教育大学院大学】2016年"
2022-08-25,"支出：550
海苔弁当420
いろはす100

ルージュではじめてウイスキー？ブランデー？を頼んだ。で、のせられてロックで結構飲んだけど、やはり酒に飲まれたよね。
その後みさきさんと上野のホテルに行った。
まぁ酔ってるって言うこともあったし、お互いに全然イカなかったよね。
まぁそれはそれでいい思い出。

■365日の広告コピー
「先」に
「生」まれた人間だけが、
「先生」ではない
【ちゅーピーカレッジ】2014年"
2022-08-26,"支出
あんかけ焼きそば530
天然水108

ルージュからぱいかじ、そして上野のホテルに行った。
酔っててよく覚えてないんだけど、またやってしまった。
大体酔ってるからセックスしても覚えてないんだよなー。

■365日の広告コピー
人の想いは、
見えるものではなく、
気づくものでした。
【JT】2016年"
2022-08-27,"支出：608＋580
海苔弁当497
天然水108
アイコス580

佐々木さんと鴇田さんと秋葉原で飲んだ。
佐々木さんが潰れてたなー。
あんなに酔うのって珍しい。
ただ鴇田さんが結構激しめに佐々木さんを起こしてて、少し狂気を感じた。本性なのかなー。軽く蹴ってたしね。

■365日の広告コピー
こっそり見たいのに、
見つからない。
それが値札。
【セディナカード/セディナ】2014年"
2022-08-28,"朝起きたら体調悪くて熱が38.0あって、のどか痛かった。コレはコロナの症状だよね。
とりあえずロキソニン飲んだら調子良くなった。ロキソニン最高ー

■365日の広告コピー
やるか、
やらされるか。
【通信教育高校コース/Z会】2014年
23℃ 足立区 東京都 日本"
2022-08-29,"何気に熱が下がらない…
コロナかなー

■365日の広告コピー
好きな選手がいるだけで、
人生は盛り上がる。
【読売巨人軍/読売新聞社】2010年
27℃ 足立区 東京都 日本"
2022-08-30,"何か体調が悪くて午前中はゆっくりして、美女木で作業した。
倉庫内は暑かったけど、外は涼しかったなー

■365日の広告コピー
働くママの事情を
1番理解してくれるのは、
働くママです。
【ラポート】2011年"
2022-08-31,"支出：
鮭明太子140
焼きたらこと高菜150
ペッパーマカロニサラダ228
いろはす100

村松さんが高速で事故ったみたいだけど、ドラレコの映像を見る限りではしょうがないよなって思った。
相手の運転が酷すぎたと思う。

■365日の広告コピー
1年が「あっ」
という間なら、
夏休みは「ぁ」
という間。
【明光義塾】2012年
28℃ 足立区 東京都 日本"
2022-09-01,"支出：
メビウス500
鮭おにぎり198
天然水108

タメ口使いがちになってるようなので気をつけたいと思う。

■365日の広告コピー
毎日を「防災の日」と考える。
【ミドリ安全」2012年
25℃ 足立区 東京都 日本"
2022-09-02,"三井住友銀行の部長が来るって話で、急遽本社に行った。
社長と共通点が多く、お金借りなきゃなって言ってた。
で、三郷に帰るのがめんどくなって家で待機。

久しぶりにひできと三木と磯部の件でLINEした。面白かったなー。

■365日の広告コピー
あんたが結婚する時に
この話、しようと思てたんよ。
【福井新聞社】2009年
23℃ 足立区 東京都 日本"
2022-09-03,"穏やかな一日でした。
こんな日が続くといいですね。

■365日の広告コピー
がんばってるときって、
不摂生なとき。
【キレートレモン/ポッカサッポロフード＆ビバレッジ】2014年
29℃ 三郷市 埼玉県 日本"
2022-09-04,"支出：
グレープ2072
綾鷹84
焼きそば203
たまご246
ブロッコリー203
ルーズリーフ360
釣堀茶屋ざうお29,234

釣りができる居酒屋に家族で行った。
約30,000円で結構高かったけど、まぁ思い出としては良かったかなと。味も美味しかった。

■365日の広告コピー
髪型ひとつで女子になったり、
オンナになったり。
【WARP Hair Craft】2012年
28℃ 新宿区 東京都 日本"
2022-09-05,"支出
イルマ580
イルマ本体6980
ジャンプ264
いろはす100
黄色マーカー91
冷凍たこ焼き268
スープ春雨148
スープ春雨148
味付けたまご90
キャラメルポップコーン99
USB1,100
USB1078

石綿作業主任者講習の1日目。
相変わらずこうゆう講習って眠いです。

■365日の広告コピー
レール敷かれた人生と、
母ちゃんの尻に
敷かれた人生。
どっちがいい？
どっちでもいっがー
【ナカガワのナカガワ】2016年
31℃ 北足立郡伊奈町 埼玉県 日本"
2022-09-06,"支出：
吉野家922
串カツ田中5365

石綿作業主任者講習の2日目。
早く終わってよかった。

佐々木さん、篠ちゃんと南越谷で飲んだ。
キャバクラに行ったんだけど、付いてくれた女の子達がモンスターばっかりだった。

■365日の広告コピー
体という字の
ほとんどは
休むという字で
できている。
【カンロ飴/カンロ】2011年
31℃ 北足立郡伊奈町 埼玉県 日本"
2022-09-07,"非通知でクレームがあった。
17時以降は機械を動かさないで！とのことです。
恐らく最近出来た老人ホームなんじゃないかなーって思う。
どうしたもんかな。

■365日の広告コピー
２回目のハグは、
メールの中で。
【イエ・ラブ・ゾク/NTTドコモ】2017年
27℃ 足立区 東京都 日本"
2022-09-08,"支出
上州屋3443

レクサスLXが盗まれたー
プロの仕業ですよね。

■365日の広告コピー
逆風も。逆から見れば順風だよね。
【タフマン/ヤクルト本社】2010年
26℃ 三郷市 埼玉県 日本"
2022-09-09,"社長が土曜に釣りに行くからステップワゴン使うだろうとのことで、洗車してる途中に使わなくなったとの電話。まぁそうゆうもんだよね。

今日のMURC会議での安全についての事。本社に機能を集約させたいとのことだったが、それはそれで構わないけど、結局おれの元に来るのかなとも思う。

■365日の広告コピー
言いたいことを言える場所を、
ネット以外にも、
持ってた方がいい。
【バークローリー長野】2013年
29℃ 足立区 東京都 日本"
2022-09-10,"支出：
ほうじ茶93
かき揚げニハそば450
ベーコンペッパーマカロニサラダ228

亀梨和也のラジオを聴いた。
送られてくるメールがみんな亀ちゃんが頑張ってるから私も頑張る的なメールで、何か朝10時から気持ち悪かった。
でも、ファンってそうゆうものなのかな。

■365日の広告コピー
伸びない人は、いない。
【東進ハイスクール】2007年
27℃ 川崎市麻生区 神奈川県 日本"
2022-09-11,"支出：
コーンマヨネーズスティック140
もち麦　梅こんぶ120
いろはす100

ベリテンライブとやらに連れて行ってもらった。vaundyとcreepy nutsのライブは素敵でした！ちょっと感動さえしたよね。
初めての体験でいい思い出になった。

■365日の広告コピー
問題は、問題意識がないことでした。
【迷惑駐車啓発/札幌市】2011年
24℃ 真岡市 栃木県 日本"
2022-09-12,"支出：
丸亀製麺860
オーガニックジンジャー140
少年ジャンプ290
具沢山ねぎまぐろ160
緑茶100
ブルーメンソール580

丸亀製麺でタルチキうどん辛めを食べた。つい最近も食べて、その後やっぱ何となく気持ち悪くなって嫌な感じになったので、もう食べるのは辞めよう。

■365日の広告コピー
この家族でよかった。
【福井新聞社】2009年
31℃ 足立区 東京都 日本"
2022-09-13,"支出：
マック860

今日は一日中三郷にいた。
本のアウトプットとExcelの勉強ができた。
Excelってまだまだ知らないことが多くてビックリする。とりあえず少しずつショートカットキーを覚えられればなと思った。

■365日の広告コピー
成長はいつから老いへと
変わるのでしょう。
【ドモホルンリンクル/再春館製薬所】2013年
30℃ 三郷市 埼玉県 日本"
2022-09-14,"支出：
揚げ鳥204
ななチキ204
ほうじ茶93

タイルカーペットを安く処理してくれるとこないかなー。
リファインバースが@16円でやってくれるらしいけど、社長が嫌がってるんだよなー。
新会社で契約しようかなー。

■365日の広告コピー
このままだと、
この先ずっと、
このままだと思う。
【マンツーマン英会話/GABA】2012年
24℃ 足立区 東京都 日本"
2022-09-15,"玄関に「Wellcome」って標識？マット？が置いてある家の社交性がすごいと思った。

大型免許の卒業検定だった。
縁石に乗り上げちゃって、もうダメだーって思ったんですけど合格してて良かった。
修了検定だったらアウトでした。

■365日の広告コピー
敬老の日があるのは、
世界に日本だけ。
【施設見学会/ひなた駅舎】2014年
24℃ 蕨市 埼玉県 日本"
2022-09-16,"丸紅の引取りに行った。
今日は21時には終わって、前回より早くてよかった。
その日のうちに帰れるって楽だなー。

■365日の広告コピー
趣味は、
妻と二人で
食べ歩き。

でも歩いてない。
（健康診断いつだっけ）
【オリンパス】2007年
27℃ 足立区 東京都 日本"
2022-09-17,"■365日の広告コピー
サバサバした女性が甘いもの好きだと
可愛く見えるから、ずるい。
【菓子工房エクラタン】2013年"
2022-09-18,"泥上げ作業だった。
相変わらず慣れないし、激ツラい作業だなー

■365日の広告コピー
帰省の人はすぐにわかる。
何でもない景色を、
見る目がやさしい。
【長崎バス/長崎自動車】2016年
26℃ 足立区 東京都 日本"
2022-09-19,"敬老の日

久しぶりに何もない休みだったなー
昨日泥上げで疲れてたせいか、何か心地よい眠りでした。

■365日の広告コピー
”当たり前の日常”の”当たり前”は、
どこかで誰かがつくっている。
【東京電業協会】2013年
29℃ 足立区 東京都 日本"
2022-09-20,"支出
・ジャンプ：290


中村さんが体調不良とのことで急遽ジャストさんの引取りに行った。
写真撮りがいっぱいあってめんどくさかったなー。
佐々木さんが濃厚接触者になったらしい。

みさきさんとの約束を断ってしまった。

■365日の広告コピー
「女子」が細くなって、「好」き。
【ルネサンス青砥店】2011年
20℃ 足立区 東京都 日本"
2022-09-21,"支出
・イカメンチカツバーガー：280
・ナスとひき肉のピリ辛パスタ：500

脇汗を抑える飲み薬の話。
普通の汗は抑えずに脇からの汗だけを止める薬があるとのこと。コレってすごくない？脳のある部分だけを抑えるってこと。
コレができるならば、他の痛みとかにも応用できそうですよね。
ただ、こうゆう薬がどんどん進化していくと未来は明るいのか怖いのかよくわからなくなります。
それこそ惚れ薬とかできるのかなー。

■365日の広告コピー
生きている私たちのために、
お仏壇はあると思う。
【お仏壇のコガ】2011年
18℃ 足立区 東京都 日本"
2022-09-22,"支出
・焼きさけハラミおにぎり：246
・味付けたまご：90
・たんちき：225
・テリア：580

丸紅の最終日だった。
土浦の松崎さんが丁寧と言うか、遅いと言うかでちょっと待ったなー。

さっちゃんの誕生日らしい。

ISOの審査員に対して軽くイラッとしてしまった。

■365日の広告コピー
死にたいと思えるうちは、
まだ生きている。
【浄土宗　西林寺】"
2022-09-23,"秋分の日

支出
・漫画：1,059

16時間ダイエットとやらを始めてみる。
昨日は13時以降何も食べていない。
13時→翌日7時まで

本日:19時→翌日13時

■365日の広告コピー
かわいい孫には
背を向けよう。

後ろ姿から学ぶことがあります。
【はせがわ】2009年
20℃ 足立区 東京都 日本"
2022-09-24,"コマニー13号地で7:00から仕事。
コガさんは毎回何か言ってくるなー。
今日は13号地のゴミをどうにかして欲しいとのことだったけど、俺たちはあくまで呼ばれてからでないと動けないんだよなー。
お金が発生しますし。
それに「ゴミを仕分けるのが自分の仕事じゃない」って言ってたけど、それは私たちの仕事でもないんだよなー。

■365日の広告コピー
木が多いのは、秋のせいにした。
【天神コア】2009年
24℃ 足立区 東京都 日本"
2022-09-25,"支出
・パイの実：184
・パイの実：184
・黒ラベル：219
・一番搾り：219
・冷凍たこ焼き：268
・汗拭きシート：190


今日のお昼ご飯の話。
かた焼きそばだったっから「うずらの卵」入ってないの？と何の気持ちもなく聞いたら「この前は卵いらないとか言って、今回は卵が欲しいって何？」みたいに怒られた。前の話って何？って思ったけど、女性あるあるなのか、絢子あるあるなのかわからないけど、前のことを言いがちだよね。

みさきさんから電話でみかさんの乱交パーティー（ホントかどうかわからないけど）の話を聞いた。しかも、みさきさんのお客さんだからってのがまたウケるね。笑ったらみさきさんに怒られそうだけど。

■365日の広告コピー
「旅行どうだった？」
と聞いてほしくて、
おみやげを買った。
【黒門小路/めいてつ・エムザ】2014年"
2022-09-26,"支出：
セブン：661円

16時間ダイエット4日目。
16時間は食べないけど、その他8時間は何食べても大丈夫と勝手に思って、結構好きな物を食べている。
体重計に乗らないとなー。

女性が選んだ「バラエティ番組に強いビジュアル系バンド」ランキングって何？？
どんな狭いとこ聞いてくるのよ！って感じで笑えるなー。
色んなランキングがあるんだね。

■365日の広告コピー
読書と食欲だけの秋にはもう飽きた。
【フォーラス】2007年
24℃ 足立区 東京都 日本"
2022-09-27,"支出：
・テリア：580
・ホットモット（海鮮天丼）：740

この感情を上手に表現できない夢を見た。
畠山さんとみさきさんと恐らく乃木坂の女の子と俺と、スパ付きのホテル？みたいなところに行った。
そこのフロアにはベッドが６つぐらいあって、その一つに僕たち４人が一緒な感じだった。
で、なんとなくみさきさんとそうゆう雰囲気になってHしてたら、横っていうか後ろで畠山さんとその乃木坂の女の子が激しいSEXをしてた。
なんかそれ見て笑ってやめちゃったんだけど、なんだこの夢って思った。
しかもそのホテルを出たら、靴とカバンを忘れて大雨の中大変だった。
それで、知らない女の子（中学生か高校生ぐらいで恐らく母親と受験か何かで上京してきたであろう感じ）に「クリスマスに食べられそうなアイスケーキ売っているとこはどこですか？」って聞かれた。「やっぱり31ですかねー」と答えた。夢の中でも知らない人に道みたいのを聞かれた。

■365日の広告コピー
「暑い」「寒い」だけで
私の一年が終わるなんて、
ジョーダンではありません。
【そうだ京都、行こう。/東海旅客鉄道】2010年"
2022-09-28,"支出
・揚げ鶏：204
・おにぎり：160
・ベーコンペッパーマカロニサラダ：228

世田谷の東濃大
市ヶ谷でのワークオール
浦和でのワークオール
なかなかのハードワークでした。
筋肉痛ぎみです。

■365日の広告コピー
「学生時代がいちばん良かった」
なんて人生じゃちょっと寂しい。
【マイナビ】2013年
23℃ 足立区 東京都 日本"
2022-09-29,"支出
・カフェラテ：148
・水：100
・テリア：580
・漫画：3,212

解体工事施工技師講習の1日目
会場が結構寒め。長袖で良かった。

■365日の広告コピー
失恋休暇のある会社、
ありますか？
【ジョブキタ/北海道アルバイト情報誌】2007年

25℃ 渋谷区 東京都 日本"
2022-09-30,"支出
・いろはす：100
・焼鳥専門店よかとこ：6,960

解体工事施工技術講習2日目

あかねさんと馬肉のお店のあとdaikichiへ。
今日は調子よかったなー。
メチャ喋った気がする。

■365日の広告コピー
毎日「10分」早く帰る。
1年で「５連休」分の
家族の時間が生まれる。
【いしかわ子育て支援財団/石川県】2010年
23℃ 渋谷区 東京都 日本"
2022-10-01,"支出
・池袋サンシャイン美容外科：61,130
・デニーズ：6,450

ホクロ・シミの除去をやった。
5箇所やった。麻酔が軽く痛いんだよね。
でも焼くのは一瞬で終わります。
まだまだやりたいとこあるけど、10,000円/個するから、保険が適用されるタイミングが必要だなー。

■365日の広告コピー
「見つかった」と
「早く見つかった」は
大きく違う
【がん検診/鈴鹿市】"
2022-10-02,"りんかの誕生日。
部屋を片付けたりしてゆったりだった。

■365日の広告コピー
赤いはねは小さなことをしています。
【赤い羽根共同募金】2016年"
2022-10-03,"オカムラに社長と訪問。
オフィスバスターズの凄さを思い知った。
リユース業界大手と言うよりも、そこで蓄積されたデータを上手く使ってるんだなって思った。
そこを目指すのか、違う道を選ぶのか。

■365日の広告コピー
夕焼けを見ると、
お腹がへるのはなぜだろう。
【キッコーマン】2012年
25℃ 足立区 東京都 日本"
2022-10-04,"支出
・テリア：580
・いろはす：108
・吉野家：1,138
・プロント：770

三井住友のリースの女性が来た。
4月からの新入社員らしいのだけど、まだまだつたない感じがして初々しかった。
ただ「3月までアメリカにいてー」みたいな情報がなかなかだった。
だからなのか、積極的に配属先をアピールしたらしい。アメリカ育ちだからかなー

みさきさんとおたこうに行ってからルージュへ。さっちゃんがずっと着いてくれてた。
めぐ氏が34歳ってことに驚き。
ゆいさんのドM具合を少し覗き見て、怖くてそっと扉を閉めました。

■365日の広告コピー
わたしのおっぱいの正体は、
かきあつめたお肉です。
【Uaia】2010年
27℃ 港区 東京都 日本"
2022-10-05,"支出
・ソフトクリーム：440
・お土産：3,290
・たこ焼き：600

長野へ引取り。
正味10分ぐらいの積込みで往復7時間ぐらいかかった。
長野って遠いなー。

■365日の広告コピー
先生は「頑張ろう」を
言い換える名人であってほしい。
【日本教育大学院大学】2015年
16℃ 足立区 東京都 日本"
2022-10-06,"亀十のどら焼きって美味しいんだなー

■365日の広告コピー
カレンダーを見て、
秋だと思ってるだけでは
もったいない。
【シルバーウィーク告知/はとバス】2015年
12℃ 足立区 東京都 日本"
2022-10-07,"支出
・いろはす：108
・たんちき：225
・カフェラテ：360
・おにぎり：225
・味付けたまご：90

前日のルージュでのヘネシーは全然残らなかった。
そしてアフターめちゃくちゃ面白かったなー。奇跡ゲームとはなみずきゲームは最高でした。

■365日の広告コピー
食欲の秋が来ても、食欲に飽きは来ない。
【ホクレン農業協同組合連合会】"
2022-10-08,"昨日の菊池さんの事故で誤りに行った。
良い人そうでよかった。
菊池さんはどうなんだろうな。反省してるのかな。よくわからない人だ。
見舞い品にうさぎやのどら焼きを買って行った。試しに自分用に買って食べでみたけど、美味しかった。出来たてはもっと美味しいんだろうなー。

急遽川越に夜引取りに行った。
22:00開始の予定が0:30開始って！
会社着いたのが2:30って！
恐らく田中さんは4:00ぐらいになるんじゃないかなー

■365日の広告コピー
脂がのっていても
嬉しくない生き物に
生まれてしまった。
【ビーストレックス】2013年
21℃ 足立区 東京都 日本"
2022-10-09,"支出
・ビックカメラ：12,420


りんかの誕生日祝いで、新宿ルミネのブュッフェに行った。
お腹がいっぱいだ。

みさきさんが蓮見クレアと飲んでるって言ってた。純粋に羨ましい。けど、目の前にいたら緊張して何もしゃべれないんだろうなー。
つい最近引退したらしい。
知らなかったー。ショックですね。

キングオブコントの録画を見た。
ビスケットブラザーズのコント最高でした。
でも、全員面白かったなー。

■365日の広告コピー
いい塾は、きっと
学校をたのしくする。
【稲田塾】2007年
19℃ 足立区 東京都 日本"
2022-10-10,"スポーツの日

明大中野の学校説明に行ってきた。
キレイな学校だったなー。
後は、仮面ライダーのプラモデルを作った。

■365日の広告コピー
生まれて初めての経験を、
生まれてくる赤ちゃんが、
たくさんくれる。
【SUN STUDIO OKAYAMA（マタニティ・ヨガ）】2015年
24℃ 足立区 東京都 日本"
2022-10-11,"支出
・餃子の王将：2,508

ニュースの中継で全然違うとこ見て喋ってるのを見ると応援といつ気づくのかなってワクワクする。

■365日の広告コピー
女の子だから、10代で結婚させられる。
女の子だから、学校に行かせてもらえない。
女の子だから、暴力をふるわれて文句も言えない。
女の子だから、生まれてさえこられないこともある。
女の子だから、泣きたいときに泣くことも、
笑いたいときに笑うことも、
怒りたいときに怒ることもできない。
女の子だから、恋することも知らずに一生を終える。
もしも、この文章が間違っているように感じたら、
この世の間違いを、まずは知ってください。

Becouse I am a Gorl（女の子だから）
その後に来る言葉は、
私たちの力で変えられる未来です。
【プラン・インターナショナル・ジャパン】2012年
20℃ 足立区 東京都 日本"
2022-10-12,"なめられるぐらいがいい。
なぜなら人間は汚いものはなめないじゃん？って言う、何かうまいこと言った風だけど、なんか本質と違う気がするんだよなー。

■365日の広告コピー
ひとりぼっちじゃない
それを知ることが、
なによりの出産準備でした。
【SUN STUDIO OKAYAMA（マタニティ・ヨガ）】2011年
19℃ 足立区 東京都 日本"
2022-10-13,"支出
・プロント：616

小学生が電車ですごい姿勢で寝てた。
小学生も疲れてるんだなー

宮新からのルージュ。12時に帰れて良かった。

■365日の広告コピー
愛情は
ことば
よりも
行動で。

【天神コア】2009年
16℃ 千代田区 東京都 日本"
2022-10-14,"支出
・いろはす：108
・ゆでたまご：78
・バジルサラダ：260
・かきあげ二八そば：460

中島さんから退職の挨拶があった。
震えてたなー。そして泣いてたなー。
理由が理由なだけにまぁしょうがないですよね。

■365日の広告コピー
「今年の紅葉」を見に行く、と言いながら
「今年の自分」を見に行く私、でもありました。

【そうだ京都、行こう/東海旅客鉄道】2012年
21℃ 足立区 東京都 日本"
2022-10-15,"圧倒的な才能を目の当たりにして、自分はどのような行動を取るのか？

上野さんが辞めるとの報告を受けた。
声を大きく出してるつもりでも小さい
仕分け作業がわからない
運転手はみんなの愚痴がすごくてやりたくない
とのことでした。

■365日の広告コピー
好きな人と
故郷の駅に降りたとき、
私、結婚するんだな
と思った。

【吉乃川】2015年
20℃ 三郷市 埼玉県 日本"
2022-10-16,"池袋に本を買いに行った。
BLEACHを全巻読んだ。
ジャンプでは最後の方、何か読まなくなって覚えてなかったけど、最後はやっぱり一護が決めるんだね。
アニメが始まった影響か、BLEACHの中古が全然売ってないんだよなー。

■365日の広告コピー
困ってからではなく、
困る前でも相談できるのが上司だ。

【三菱UFJニコス】2016年
25℃ 足立区 東京都 日本"
2022-10-17,"支出
・濃厚チーズケーキ：248
・塩昆布おにぎり：138
・エビマヨネーズおにぎり：160
・ジャンプ：290

■365日の広告コピー
いま一番タイムマシンに近いのは、
カラオケだと思う。

【カラオケバー　きまぐれ】2009年"
2022-10-18,"支出
・ほっともっと
　唐揚げカレー：600
　チキン南蛮カレー：640

質問できる人ってのは、7割がわかっている人。
質問できないぐらいだったら、自分が理解できているところまで戻ってみる。

■365日の広告コピー
ブラック企業って言うけど、
純白の企業もないよ。
みんな必死やわ。
【結城順吉税理士事務所】2013年
17℃ 成田市 千葉県 日本"
2022-10-19,"支出
・塩むすび：105
・半熟ゆで卵：78
・蒙古タンメン中本：200
・豚肉とタケノコの春巻き：93

■365日の広告コピー
お客様は神様です。
バーゲンは神様の戦いです。

【ソラリアプラザ商店会】2010年"
2022-10-20,"支出
・鮭明太子：140
・ハムカツタマゴサンド：240
・いろはす：108

■365日の広告コピー
しあわせは買えないけど、
買い物はしあわせ。

【セディナカード/セディナ】2014年"
2022-10-21,"支出
・エクセシオール：438
・鳥メロ：2,057

石綿調査講習2日目
テストが思ったより難しくて手ごたえがまったくなかった。

その後佐々木さんとの会話は重かったよね。
2日連続で飲んだこともあるけど。

みさき氏、めぐ氏と食事からのルージュへ。
さっちゃんが来てやっぱり派手になった。
結局オールだもんなー
ラウンドワンでボーリングやったけど、あんま覚えてないなー

■365日の広告コピー
孫の言うことを聞きたいが、
体が言うことを聞かない。

【ヤクルトのグルコサミン/ヤクルトヘルスフーズ】2014年"
2022-10-22,"支出
ラウンドワン：3,690、11,160

■365日の広告コピー
人はじんせの半分以上を、
年齢とたたかっている。

【シーズ・メディカル　シロノクリニック】2013年"
2022-10-23,"■365日の広告コピー
仲直りした。元通りより、仲良くなれた。

【カンロ飴/カンロ】2011年"
2022-10-24,"支出：
・筍と豚肉五目春巻き：100
・炭火焼鳥もも塩：119
・炭火焼鳥皮タレ：119
・エビマヨネーズ：160
・味付けたまご：90
・ジャンプ：290

田中さんが10tコンテナのエンジンオイル入れるところに水を入れたらしくて、エンジン積み替えの必要があるらしい。
何やってんだか…。
笑うしかないよね。

■365日の広告コピー
あきらめが、
人を殺す。

【サナ　ドゥ】2007年
14℃ 三郷市 埼玉県 日本"
2022-10-25,"支出
・王将（餃子セット）：957

飢餓訓練の話
・ある島出身のADが「東京の小学校には飢餓訓練って無いんですね」
・それを聞いていたプロデューサーが面白くて取材に行く話になった
・実際に行って、あるおばあちゃんに聞いたら「そんなものない」と言った
・アレ？嘘つかれた？と思って、実際に小学校の校長に聞いた
・その校長も「知らない」と答えた
・その夜、居酒屋で飲んでて、常連さんに「東京から何です来たの？」と聞かれたから、事情を説明したら、その常連が「飢餓訓練のことは誰も話したがらないからなー」って呟いて去っていった
世にも奇妙な物語的な話です。

■365日の広告コピー
できない子なんておらん。
頑張れへん子はおる。

【稲田塾】2012年"
2022-10-26,"■365日の広告コピー
どっちが好きなんだろう
って悩んで、
どっちも買いました。

【菓子工房エクラタン】2013年"
2022-10-27,"支出
・天然水：108
・豚肉とタケノコの春巻き：93
・塩むすび：105
・半熟ゆで卵：78

■365日の広告コピー
本ぎらいな子が
増えたんじゃなくて
本が身近にない子が
増えたんじゃないかな。

【みづほ工房】2016年"
2022-10-28,"■365日の広告コピー
退屈なのは
世の中か、
自分か。

【デジタルカメラ/リコー】2010年"
2022-10-29,"支出：
・蒙古タンメン中本：200
・塩むすび：105
・半熟ゆで卵：167
・BICポークフランク：167

■365日の広告コピー
秋。
となりの人に、何か話しかけたい。
でも気の利いたコトバは
浮かばない。

そんな時はまずは気楽に、
おいしいものを食べたら、
「おいしいよ」。

少なくても、話しかけたい
という気持ちは、
相手に伝わることでしょう。

おいしいよ。

【ヒブレ/イオンリテール】2011年"
2022-10-30,"支出
・スタミナ焼肉弁当：900
・ローストビーフ：5,775
・あらびきひき肉のミートソース：561
・チャーハンプレート：600
・焼き餃子：510
・桜坂DVD：5,835
・古本：3,300

池袋のブックオフに来て初めて気づいたんだけど、1番奥の棚一面AVだった。
すごいぜー
朝から4〜５人いたなー。

ソフトバンクからYahooモバイルに変更した。あっさりできた。何の保証もつけなかったら、ソフトバンク時代の半額になった。

■365日の広告コピー
うごかない人は、
たのもしいひと。

【イエ・ラブ・ゾク/NTTドコモ】2014年
16℃ 豊島区 東京都 日本"
2022-10-31,"支出
（マルエツ）
・ポテトサラダ：198
・ロースかつ弁当：498
・オムライス：390

社長から田中さんに始末書を持って、溜池に来るように指示があった。
怖いねー。

三井住友F &Lの小板橋さんが目の前でボロボロ泣き出した。検修日の間違いが原因だった。だから上司に私の方から謝った。
手土産持ってきたけど、受け取れないって言ったけど受け取らざるを得なかった。
何か気まずかったなー。

■365日の広告コピー
世の中なんて、ぜんぶワタシの背景だ。

【フォーラス/イオンリテール】2012年
15℃ 足立区 東京都 日本"
2022-11-01,"支出
・豚肉と筍の春巻き：93
・半熟ゆでたまご：78
・いろはす：108
・塩おむすび：105
・ペッパーマカロニサラダ：240
・カップヌードルミルクシーフード：214

今日から大和崎さんが入社した。
ハキハキした喋り方でとりあえず好感が持てる。
続くといいですね。

■朝1分間、30の習慣
Q1．「今、どんな気持ち？

■365日の広告コピー
細いより、凝らない身体が
ほしくなったら、オトナだ。

【ルルド　マッサージクッション/アテックス】2012年"
2022-11-02,"大和崎さんの机を準備するために、事務所の模様替えをおこなった。
17時から始まって、21時までかかった。
やっぱり結構時間かかったし、肉体的に疲れたなー

■朝1分間、30の習慣
Q２．「どんな1日になったら最高？」

■365日の広告コピー
「下手だけど丁寧な字」がどんな字なのか、
手紙で知った。
【日本郵政グループ】2009年"
2022-11-03,"支出
・GU：3,980
・ユニクロ：280

■朝1分間、30の習慣
Q3．「今日の楽しみは何？」


■365日の広告コピー
暗記は忘れる。
気づきは残る。

【日本教育大学院大学】2015年"
2022-11-04,"好意を持った者の見つめる眼差しの粘っこさ。
「正欲」より

■朝1分間、30の習慣
Q4．「叶えたいことに近づくために、今日できることは何？」

■365日の広告コピー
英語の打合せは、
翻訳すると普通の打合せです。
【CareerCross/シーシーコンサルティング】2007年
20℃ 足立区 東京都 日本"
2022-11-05,"■朝1分間、30の習慣
Q5．「今日、絶対にやりたことは何？」

■365日の広告コピー
地震は減らせない。でも被害は減らせます。

【ミドリ安全】2016年"
2022-11-06,"■朝1分間、30の習慣
Q6．「あなたにとって、一番大切な人は誰？」


■365日の広告コピー
だぼっとした服が、
だぼっとしない。

【茶花美人/ロート製薬】2008年"
2022-11-07,"ももクロの高城さんが結婚したらしく、結婚してもアイドルを続けるとのこと。
その発表コメントの中で「もののふだったら、温かく応援してくれるはず」って言ってた。
それって何か違う気がする。
強制感が強くない？ファンだったらって、離れていくファンもそれはそれで今までありがとうって気持ちよく送り出すのが礼儀？なのではないだろうか。

支出
・キリン一番搾り：230
・アサヒスーパードライ生ジョッキ：230
・ジャンプ：290
・無印化粧水：980

■朝1分間、30の習慣
Q7．「今日、誰に感謝したい？」

■365日の広告コピー
すきだけど、
いつも一緒にいたいわけじゃない。

【23区/オンワード】2008年"
2022-11-08,"■朝1分間、30の習慣
Q8．「今日、誰をよろこばせたい？」

■365日の広告コピー
ゴキブリより
今怖いのは、
ホウレイ線です。

【ドーズ美容外科】2014年"
2022-11-09,"■朝1分間、30の習慣
Q9．「本当にこれでいいの？」

■365日の広告コピー
友達と
一緒だと安心。
でも
同じだと不安。

【マイナビ】2013年"
2022-11-10,"支出
・サンマルクカフェ：1,020

■朝1分間、30の習慣
Q10．「今日が最後の日だったら？」

■365日の広告コピー
「なるはや」で仕事をする
職人はいない。

【中川政七商店】2011年"
2022-11-11,"ルージュでシャンパンファイトだった。
みさきさんにLINEを見られて、daikichiに行ったことが知られた。
殴られてメガネが壊れたのと、鼻の上の方が切れて血が止まらなかったのと、暴言を吐かれて怖かった。そう、恐怖でした…。

◾️支出
・揚げとり：204
・蒸し鶏ザーサイ：228
・手巻き寿司：210

■朝1分間、30の習慣
Q11．朝1分間だけでも「インプット」してみる

■365日の広告コピー
本当に大切なことを伝えたいとき、
人は、書くのかもしれません。

【パイロットコーポレーション】2010年"
2022-11-12,"支出
・LADUREE：2,829
・化粧品：10,340

中島さんの送別会だった。
中島さん、小島さん、佐々木さん、林さん、中村さん、篠田さん、私だった。
二日酔いで体調が最悪だったけど、それなりにおだやかで楽しかった。
その後南越谷のキャバクラに行ったけど、篠のご指名の女の子やばかったなー。

■朝1分間、30の習慣
Q12．自分の気持ちを書いて、口に出して読む

■365日の広告コピー
あったりい、と思う機能は、
なくてもいい機能だったりする。

【MERRY MAKERR】2011年"
2022-11-13,"■朝1分間、30の習慣
Q13.自分の顔を見る

■365日の広告コピー
同棲して、
彼にくわしくなった。
式の準備で、
彼の仲間にくわしくなった。

【アルカンシエルグループ】"
2022-11-14,"■朝1分間、30の習慣
Q14.カーテンを開けて、朝日を浴びる

■365日の広告コピー
傷つかない生き方よりも、
再生するつよさが欲しい。

【KAGURE holistic beauty/アーバンリサーチ】2014年"
2022-11-15,"菊池さんに捕まって1時間話をされた。
結局何が言いたいのかわからないけど、注意されたことは直していけば良いのになって思う。

支出
・大きな鮭のはらみおむすび：210
・具だくさん高菜明太子：158
・とりつくね串：140
・テリア：580

■朝1分間、30の習慣
Q15.「ボディスキャン」をする

■365日の広告コピー
「元気でいてくれるだけでいい」
が、本当のことだと
親になって知りました。

【グリコ幼児のみもの/グリコ乳業】2005年"
2022-11-16,"■朝1分間、30の習慣
Q16.1分間「質問瞑想」をする

■365日の広告コピー
あの日の炎は。消えたのか。

【アディダスジャパン　JFA】2017年"
2022-11-17,"中島さんが今日で出勤最終日だった。
よく頑張ってたなー。良い子でした。
惜しい人材でしたね。

支出
・ビックマックセット：710

■朝1分間、30の習慣
Q17.「アファメーション」をする

■365日の広告コピー
手紙を書くのが苦手な人はいるけれど、
手紙をもらうのが苦手な人はいない。

【日本郵政グループ】2009年"
2022-11-18,"◾️言語化できない
紅白の出場歌手発表で、AKB48と櫻坂46が出場できなかったことで、それぞれのメンバーがTwitterやらブログやらで「出場できなくてすいません」と謝罪しているらしい。
このモヤモヤ感。言語化が難しいな。
まず、そんなに紅白って特別？出場できると思ってたの？謝る事で悲劇のヒロイン的なこと思ってない？みたいな事を思ったり。

■朝1分間、30の習慣
Q18.目的なくテレビはつけない

■365日の広告コピー
なくても生きられるものほど、
欲しくなるのはなぜだろう。

【秋葉原電脳商店街】2015年"
2022-11-19,"初めて大型アームロールを運転した。
土浦までだったから大きな道しかなかったので結構快適だった。
ただ気を抜くとスピードが結構出てて驚いた。
ブレーキを踏みながら半クラッチすると下がらないからいい方法だと思ったけど、これって車に悪い影響を与えるのかなとも思った。

支出
・揚げ鶏：204
・肉まん：139
・手巻きからし明太子：165
・いろはす：108

■朝1分間、30の習慣
Q19.自分なりの簡単なリラックス法を試す

■365日の広告コピー
英語の先生が教えてくれたこと。loveとlikeの違い。
数学の先生が教えてくれたこと。解がない人生の問題。
国語の先生が教えてくれたこと。絵文字による感情の伝え方。
理科の先生が教えてくれたこと。どこよりもきれいに星がみえる場所。
社会の先生が教えてくれたこと。戦争が終わって平和が生まれたこと。

いまも覚えている先生の一言は、
どれも教科書には載っていなかったことでした。

美術の先生が教えてくれたこと。わたしの才能。

【リクルート進学ブック/リクルートコミュニケーションズ】2009年"
2022-11-20,"すずめの戸締りを映画で見た。
新海監督は結構最近は自然現象を取り扱うのが多いと思った。

ワールドカップ開幕！
カタールVSエクアドル
興奮するね。
できれば全試合見たいなー
メッシの最後の大会だし、アルゼンチンに優勝して欲しい。

支出
・映画パンフレット：890
・ラノベ×3：2,200
・ポップコーンセット×3：2,540

■朝1分間、30の習慣
Q20.明日を見据えて動く

■365日の広告コピー
子どもたちはやがて、
正解のない社会を
生きていく。

【日本教育大学院大学】2016年"
2022-11-21,"商工中金の新しい担当者が来た。
落ち着いた感じなんだけど、話した後に笑うのが気になる。
一度気にしだすと、ずっとそればっか気になるなー。

三井住友の渡辺さんって早口過ぎて何言ってるかわからないし、話の要領がつかめなくて、話しててもどかしい気持ちになります。

■支出
・餃子の王将：979

◾️今日笑った事
佐々木さんの菊池さんへの発言
「話長かったらブチ切れちゃいます。」

■朝1分間、30の習慣
Q21.「コンタクトリスト」をつくる

■365日の広告コピー
一人じゃ生きていけない。
一人でも生きていける。
一人暮らしが教えてくれたこと。

【ハウスメイト】2012年
13℃ 足立区 東京都 日本"
2022-11-22,"4tウイングで土浦に持ち込みした。
最近運転ばかりしてるなー

W杯のアルゼンチンの初戦。
負けました。サウジアラビアが良いサッカーしてましたね。
メッシのラストダンスを目に焼き付けなきゃ。

■支出
・ブレンディスティック紅茶：468
・ココア：283
・お酒（レモンハチミツ）：128
・ジョッキ生：268
・芳醇レモン：215
・黒ラベル：208
・スーパードライジョッキ缶：415

■朝1分間、30の習慣
Q22.「やらなくていいこと」を決める

■365日の広告コピー
言わなくてもいい言葉まで、
つい言ってしまうんだなぁ。
顔を見ると。

【パイロットコーポレーション】2008年
19℃ 足立区 東京都 日本"
2022-11-23,"勤労感謝の日

大急ぎで池袋に行って、W杯の選手名鑑を買ってみた。
恵子さんがコロナらしい。
そしてあやこも熱が出てきたらしい。

■朝1分間、30の習慣
Q23.いいパフォーマンスを発揮できる時間帯を知る
12℃ 足立区 東京都 日本"
2022-11-24,"■日本の論点2023
（論点１）
長引くインフレ退治、世界同時不況の恐れも
・景気後退と物価上昇が共存し、世界経済が混乱しかねない
・米欧の政治が不安定化。大衆迎合的な経済政策に傾く危険
・日本は新しい資本主義で「失われた20年」を克服できるか

（論点2）
第三次世界大戦、起きるリスクは？
・膠着状態に陥るロシア、「核使用のタブー」を破る恐れ
・米中、高まる台湾海峡の戦争リスク。対立は危険水域に
・世界秩序は「米国主導」から、危険な「3強体制」へ

（論点3）
貿易・投資の枠組みをめぐる米中対立
・IPEFの狙いは、経済安全保障で協力する体制づくり
・TPPをEUと「連結」させ、台頭する中国を牽制できるか
・経済的な威圧を防ぎ、自由貿易を守るためにの知恵が問われる

■365日の広告コピー
壊れないヤツより、立ち直るヤツのほうが強い

【TOYOTA NEXT ONE/AUSTRALIA 2014/トヨタ自動車】2014年

■朝1分間、30の習慣
Q24.「ボーッとする時間」をスケジュールに入れる"
2022-11-25,"■365日の広告コピー
暴力を受け入れるのも
愛だと思ってた。

【パープルリボン運動/大阪府】2015年

■朝1分間、30の習慣
Q25.自分をよろこびせる「マイタイム」を確保する"
2022-11-26,"山本商店、安田商店、小島商店、他1名と長興屋で、早めの忘年会をやった。
何十年とスクラップ業界で働いてる人達が言ってたのは「安全は自分で守れ」って事だった。なるほどなーと思った。
他人や道具を信用するなとのこと。
なるほどなーって思った。

■365日の広告コピー
たった一人の「いいね」があれば、
本当は、いいのかもしれない。

【パイロットコーポレーション】2017年

■朝1分間、30の習慣
Q26.その日の最優先タスクにかかる時間を調べる
14℃ 足立区 東京都 日本"
2022-11-27,"■365日の広告コピー
朝　メイク
する　より　5分
寝て　いた　い

【養命酒/養命酒製造】2010年

■朝1分間、30の習慣
Q27.記録をする"
2022-11-28,"■支出
・テリア：580
・ジャンプ：264
・カフェラテ×2：408

■365日の広告コピー
振り向いてくれないから、
わたしはもっとキレイになれる。

【天神コア】2009年

■朝1分間、30の習慣
Q28.「今日のテーマ」を決める"
2022-11-29,"■365日の広告コピー
店員さんが
着ているほうが
かわいくみえる。
ズルい。

【セディナカード/セディナ】2014年

■朝1分間、30の習慣
Q29.5つのジャンルに分けて何が大切かを書き込む"
2022-11-30,"■365日の広告コピー
あきらめが悪いと
先生に誉められた。

【寺子屋塾】2008年

■朝1分間、30の習慣
Q30.「ウィッシュリスト」をつくる"
2022-12-01,"■支出
・天然水：116
・高菜明太子：158
・テリア：580
・ビックマックセット：600
・グラコロ：420

■365日の広告コピー
ママが映画館に通える国って
すてきでしょ？

【ママズクラブシアター/TOHOシネマズ】2010年"
2022-12-02,"■支出
・半熟ゆでたまご：78
・塩結び：105
・天然水：108
・蒙古タンメン：200

■365日の広告コピー
贈りものに悩んだ時ほど
あの人のことを
考えたことなかったなぁ。

【中川政七商店】2011年"
2022-12-03,"支出
・テリア：580
・エビマヨネーズ：198
・大きいウインナー：138

■365日の広告コピー
実家のカレンダーは、
わたしが帰る日に
大きな赤まるが付いています。

【東京スマートドライバー】2014年"
2022-12-04,"解体工事施工技士試験だった。

Keep it positiveって、袖に書いてあるトレーナー着てる人、見てて何か恥ずかしい。

LVのバックにお守りたくさんつけてる人見て、何か恥ずかしい。

■365日の広告コピー
時計は、いちばん
見つめてもらえる
ギフトです。

【ロフトエディション/ロフト】2015年
16℃ 渋谷区 東京都 日本"
2022-12-05,"■365日の広告コピー
自分を出す。
自分を隠す。
苦しいのは
どっちだろう？

【KTC中央高等学院】2010年"
2022-12-06,"日本代表がクロアチアにPK戦の末、負けてしまった。今回のW杯の日本代表はなかなか奮闘してて熱かった。

支出
・天然水：98
・辛子明太子：160
・エビマヨネーズ：198
・テリア：580
・漫画×2：1,056

■365日の広告コピー
忘れられる人だけが、
前に進める説。
【ぐるなび】"
2022-12-07,"■365日の広告コピー
「少し止まる」と書いて、
「歩く」です。

【加賀温泉郷/石川県加賀市】2015年

■支出
・いろはす：108
・半熟ゆで卵：78
・蒙古タンメン：200
・ななから：325
・レジ袋：3"
2022-12-08,"埼京会と埼玉部会の忘年会で司会をやった。無難にこなしたけど、渡邉常務がこれからやりたくないからの伏線だと思ったら、やられたなーって思った。

■365日の広告コピー
師走と言われても
走る気さえしない。

【生ローヤルゼリー1000ドリンク/ハウスウェルネスフード】2009年

◾️支出
・コミック：5,280
9℃ 足立区 東京都 日本"
2022-12-09,"■365日の広告コピー
42.195キロ。
私には、
理想の体重に見える。

【ランニングサポートステーション　ジョグスタ】2012年

◾️支出
・ツナマヨネーズ：130
・鶏五目：125"
2022-12-10,"■365日の広告コピー
小さなキズに気づいてくれた人は、
あなたのことをきっと好きだ。

【オロナインH軟膏/大塚製薬工場】2009年"
2022-12-11,"■365日の広告コピー
世界の食料の約1/3は、
ただ捨てられるために作られている。

【凸版印刷】2014年

■支出
・コミック：1,584"
2022-12-12,"今日から1日500円生活を始めてみる。
小さな成功体験の積み重ね+節約にもつながる、良いチャレンジかなと思ったり思わなかったり。

【ルール】
・食費、生活費を500円/日に収める
・500円以上使う場合には、どこかで帳尻を合わせる
　例）10日560円使ったら、11日は440円までにする
・使っても何かで清算するなら使っていないものとする
　例）昼食を食べたが、会議費として清算する場合など
・達成できたら、日記に「支出：〇」と記録する

支出：290円
・ジャンプ：290

■365日の広告コピー
自分ばかり磨いていたら。
自分の良さまで擦り減っちゃうと思う。

【管林坊アトリオ】2013年
10℃ 三郷市 埼玉県 日本"
2022-12-13,"支出：432

■365日の広告コピー
そうじのやる気は、
道具で決まる。

【ロフトエディション/ロフト】2015年
9℃ 足立区 東京都 日本"
2022-12-14,"■支出
・テレア：560
※1日5本までに抑えてみる

■365日の広告コピー
私はオンナをなまけない。

【Takt/シー・エー・ビー】2007年"
2022-12-15,"今日から石鍋邸の解体工事が始まった。
本格的な解体工事は今回が初めて。
怪我無く、無事に終われるといいですね。

■支出：〇

■365日の広告コピー
この時代に、
住所を教えあう。
そこが年賀状の
いいところです。

【梅園会】2015年"
2022-12-16,"◾️支出：◯

■365日の広告コピー
無口になるのは、
話したいことがないからじゃない。
その反対。

【P-mate】2010年"
2022-12-17,"クロアチアVSモロッコの3位決定戦。
結果、クロアチアだったけど良い試合でした。モロッコのこれからに期待が持てます。
中村さんとの賭けには負けたけど。

◾️日本の論点2023
（論点1）
長引くインフレ退治、
世界同時不況の恐れも

・景気後退と物価上昇が共存し、世界経済が混乱しかねない
・米欧の政治が不安定化。大衆迎合的な経済政策に傾く危険
・日本は新しい資本主義で「失われた20年」を克服できるか

◾️日本の論点2023
（論点2）
第三次世界大戦、
起きるリスクは？

・膠着状態に陥るロシア、「核使用のタブー」を破る恐れ
・米中、高まる台湾海峡の戦争リスク。対立は危険水域に
・世界秩序は「米国主導」から、危険な「3極に体制」へ

◾️日本の論点2023
（論点3）
貿易・投資の枠組みをめぐる米中対立

・IPEFの狙いは、経済安全保障で協力する体制づくり
・TPPをEUと「連結」させ、台頭する中国を牽制できるか
・経済的な威圧を防ぎ、自由貿易を守るための知恵が問われる

◾️日本の論点2023
（論点4）
経済安全保障で、グローバリゼーションが終わる

・崩れる世界の経済秩序。自由貿易が持つ抑止力は幻想だったのか
・国内で成立した経済安全保障法。その骨子と懸念される問題は？
・広がる通商武装論にどう対応するか。求められる日本の責務

◾️日本の論点2023
（論点5）
民主主義の後退は止まるのか
米国、中間選挙で岐路に

・コロナ禍、ウクライナ危機で綻び。揺らぐ民主主義の土台
・インフレで各国政権に逆風。強権体制に伸長の余地
・中間選挙で米議会「ねじれ」か。トランプ氏再挑戦に関心

■365日の広告コピー
告白に
必要なのいは、
勇気なんかより
酒だ。

【居酒屋はっこり】"
2022-12-18,"アルゼンチンVSフランスのW杯決勝。
近年稀に見る名勝負でした。
とにかくメッシが優勝できて良かった。

■365日の広告コピー
人生は選択の連続だ。
些細なことから、
一生を左右するような
大きなことまで。

自分で選んだときたものの積み重ねで、
わたしの心はできている。
わたしのからだはできている。
わたしは、わたしらしくいられる。

選んでできたものが、わたし。

【ハルタ】2015年"
2022-12-19,"支出：560円
・テレア

みさきさんの誕生日でした。
佐々木さんとめぐ氏がベロベロになって面白かった。

■365日の広告コピー
股下は、遺伝。
体重は、努力。

【ビーストレックス】2013年
3℃ 三郷市 埼玉県 日本"
2022-12-20,"何か咳が出て調子が悪い。
コロナになってしまったのかと不安になる。


支出
・ローソンのり弁当：460

■365日の広告コピー
恋をしていない
時だって、
ドキドキは
していないの。

【オレンジ文庫/集英社】2013年"
2022-12-21,"支出：◯

■365日の広告コピー
サンタクロースより来て欲しい人がいる。

【フォーラス】2007年"
2022-12-22,"ワクチン接種3回目でした。
ファイザーでした。
実は20日から体調が悪めです。
咳が止まらないのと、微熱があります。
風邪薬で誤魔化さないとですね。

支出
・カップラーメン：264円

■365日の広告コピー
冬の女の子は、感動屋さん。

【earth music&ecology/ストライプインターナショナル】2014年
6℃ 足立区 東京都 日本"
2022-12-23,"熱が下がらず休んでしまった。
体調悪いって知ってるのに佐々木さんから怒りの電話が来た。よっぽどだったんだろうなー。

■365日の広告コピー
Xmasになるまでが、
いちばんXmasかもしれない。

【ららぽーと/三井不動産商業マネジメント】2010年"
2022-12-24,"宝島社からまたたくさん荷物が来て大変だなー。でも、まぁやるしかないよね。

篠ちゃんはもうゆりあさんとの関係をはっきりさせればいいのにね。

■365日の広告コピー
自分に遠慮なんてしてたら、
クリスマスはただの平日。

【札幌駅組合開発パセオ】2014年"
2022-12-25,"まったく何もしない一日を送ってしまった。
もったいないなー。

支出：◯

■365日の広告コピー
家族。
いっしょにご飯を食べる。
たくさんしゃべる日。
ほとんど話さなかった日。
意見が違う。
けんかする。
大げんかできる。
思いはけっこうおなじで。
今日はいっしょに笑っている。
いつもの朝ごはん。
本気で叱ったこと。
いっしょに泣いたこと。
時にじっと黙っていた。
いつも心配している。
いっしょに暮らしている。
だけど、
寂しいもんだ。
ずっとずっと抱きしめてはいられない。
親子はいつか離れていく。
そしてやがて
またあたらしい家族ができる。
ずっとつながっていくんだ。
そっと離れて見ている。
家族でよかった。
産まれて、よかった。

【福井新聞社】2010年
12℃ 足立区 東京都 日本"
2022-12-26,"■365日の広告コピー
誰から教わらなくても、
人は人を好きになる。

【そごう・西武】2009年"
2022-12-27,"■365日の広告コピー
今年やり残したことは、
たいてい、
来年もやり残すから。

【ベルリッツ・ジャパン】2012年"
2022-12-28,"さっちゃんの最終日とのことで、ルージュに行った。私は水だけで過ごしました。
1.5hぐらいがちょうどいいなと思いました。

■365日の広告コピー
恋には大事なことが三つある。
出会い、別れ方、そして、忘れ方。

【高橋真梨子『SOIREE』/ビクターエンタテイメント】2011年"
2022-12-29,"今日で仕事納めです。

■365日の広告コピー
年の瀬に渋滞を見ると、
この国にはふるさとを
大切にしている人が
たくさんいるんだなと思う。

【東京スマートドライバー】2014年"
2022-12-30,"今日から年末の休みです。
でもあっという間に終わっちゃうんだよなー

■365日の広告コピー
「たのしい」は、ぱっと終わる。
「うれしい」は、ずっと残る。

【イムズ】2003年
8℃ 足立区 東京都 日本"
2022-12-31,"■365日の広告コピー
生まれ変わるなら、生きているうちに。

【アミュプラザ】2010年

◾️日本の論点2023
（論点6）
日本の株式相場
3重苦乗り越え、堅調な展開か
・売り上げは順調だが、原材料高で「増収減益」の決算に
・日本株の最大の買い手は自社株買い。過去最高益を更新か
・動き出した海外株主。消去法的に注目を集める日本株

（論点7）
日銀に及ぶか？
緩和修正の波
・日銀は政策を見直すか。利上げの有無に影響する「物価情勢」
・徐々に上がっている企業の物価見直し。賃上げ、円安に注目
・2023年春の総裁交代で、政策の修正、枠組み変更はあるか

（論点8）
「貯蓄から投資へ」は
実現できるのか
・成人の2割にとどまる有価証券保有率。今度こそ動くか
・特別措置のままNISA。仕組みを簡素化し、使いやすく
・単元株制度を廃止し、若年層の株式投資の後押しを

（論点9）
子育てを支援する社会保障は本当につくれるのか
・国の存亡にかかわる少子化、注目の新人口推計
・関心高まる子ども保険、国民と企業で保険料を負担
・全世代が恩恵を受ける制度を築けるか。待ち受ける、いばらの道

（論点10）
揺らぐ電力供給、脱炭素と安定供給を両立できるか
・供給危機と燃料上昇が招いた電力不足。市場と制度の見直しを
・ウクライナ危機で一変したエネルギー秩序。問われる日本の戦略
・産業、通商政策、外交、安全保障と一体化した視点が求められる

（論点11）
岸田首相が描く総裁再戦への道
・自民党の派閥が復権し、永田町の論理優先で権力闘争を展開
・岸田首相の最大の関心事は、2年後の自民党総裁選での再選
・世論の右傾化が進み、自民党でも飽き足らぬ保守層が顕在化

◾️支出：◯
7℃ 足立区 東京都 日本"
2023-01-01,"元日

◾️支出：◯

◾️日本の論点2023
（論点12）
文化は戦略にまさる
VUCA時代の企業経営
・破壊的な技術革新にどう対抗するか。不確実性高まる世界
・組織文化がカギ。グロースマインドセットに転換できるか
・創造性を失ったわけではない。組織の変化対応能力を磨け

（論点13）
「指数関数」で伸びる企業をつくれ
・指数関数で伸びるかどうかで、企業の明暗が大きく分かれる
・複利で成長するアマゾン。需要の創出力に欠ける日本
・成長できる産業や企業をいくつつくれるかが、日本の課題

（論点14）
日本企業は「危機」を「機会」にできるか
・米国の大幅な金融引き締めで浮上す？「危機シナリオ」
・現金が豊富な日本企業にとっては、攻めのチャンス
・市場に向き合って勝て。「競争は敗者のすること」

（論点15）
賃上げを阻む日本的雇用
・まずは個人の付加価値創出能力を高める。ジョブ型がカギ
・人手不足を追い風に労働移動の促進を。転職で賃金上昇の動き
・社会全体で人的資源を配分し直す「市場機能」の活用を

（論点16）
3メガバンク、金利上昇は追い風か逆風か
・金利復活した「海外戦略」かカギ。巧拙が問われる
・三井住友、みずほは立て直しが焦点。巻き返せるか。
・台風の目は「第4のメガバンク構想」掲げたSBI

（論点17）
スタートアップ立国へ正念場の日本
・起業のハードルを下げるとともに、投資家よ層も厚くする
・「社会課題の解決」を掲げるインパクト経営スタートアップが注目
・GAFA後へ動き出す。メタバース、ウェブ3が新たな主戦場に

（論点18）
「Z世代の消費」と「インフレ」にどう向かい合うか
・Z世代が、コロナ禍で打撃を受けた百貨店の新たな顧客に
・インフレに悩む欧米の消費の現場から、日本は何を学ぶか
・サプライチェーンの混乱で、苛烈な店舗間競争にも変化

■論理思考（説得力を高める）
001「何をすべきか」を考える
【論点は何？】
説得力のある主張をするためには、まず「何について考えるべきか」を把握する必要がある。
逆に論点がずれていく典型的なケース
・関心の強い事柄について必要以上に考え込む
・定義や前提に必要以上にこだわる
・一般論と個別論を混同する
・抽象度を必要以上にあげる
・本論と人格や態度、立場を混同する
・本論と、プロセスや手続きの話を混同する
10℃ 足立区 東京都 日本"
2023-01-02,"振替休日

支出：◯

「プリンシパル」を読んだ。
久しぶりに読みたいけど終わっちゃうのが寂しいっていう本に出会えた。
すごい本だった。映画化できるかな。残虐なシーンが多いから無理かな。
でも素晴らしかった。

■論理思考（説得力を高める）
002複数の納得感の高い根拠で、バランス良く主張を支える
【根拠は3つ】
・PEST
・3C
・4P
・バリューチェーン
5℃ 足立区 東京都 日本"
2023-01-03,"◾️支出：◯

◾️日本の論点2023
（論点19）
周近平長期政権がもたらす巨大なリスク
・綻び目立つ経済政策。長期政権がもたらしたコロナ対策もリスクに
・2035年に米国に追い付くという目標の実現で高まる台湾リスク
・まだ、道半ばの「鄧商平超え」で、予想しがたい出来事が起こる恐れも

（論点20）
緊迫する朝鮮半島、金正恩戦略と誤算の果て
・繰り返される発射実験で高まるミサイルの質。核侵攻にも拍車
・国内経済悪化で深まる中国依存。「中ロ朝」復活も、疑心暗鬼に
・日米韓連携の隙付く中国。日米韓、日韓双方の立て直しが急務

（論点21）
ウクライナ侵略、ロシアの行方
・発端は2014年、親ロ派政権崩壊の政変。政権転覆が狙い撃ちだった
・誤算続きのプーチン大統領。体制の綻びが徐々に広がる可能性
・日ロ関係も一気に悪化。防衛・安保体制の調整が求められる

（論点22）
「新・冷戦」誕生
欧州は再び対立の最前線に
・ウクライナ危機で激変したちつし。脱ロシアへ苦渋の決断
・迫るスタグフレーションの足音。グリーン革命のジレンマも
・ヨーロッパはどこへ向かうのか。見えぬ将来像

■論理思考（説得力を高める）
003ファクトベースで説得力を増す
【それって本当？】
・健全な批判精神と代表的な参照値を持つ
・出所はどこか
・情報収集の状況などを精査する
7℃ 足立区 東京都 日本"
2023-01-04,"◾️支出:◯

■論理思考（説得力を高める）
004物事を多面的に見ることが全体最適を生み出す
【反対者には反対者の論理がある】
複眼思考：相手の立場に立って考えること"
2023-01-05,"■論理思考（説得力を高める）
005結論ありきで視野を狭めてはならない
【人は見たいものだけを見る】
確証バイアス"
2023-01-06,"◾️支出：◯

■論理思考（説得力を高める）
006第三者の眼で見つめるもう一人の自分を持つ
【客観的に見よ】
自分を客観的に見るメリット
・思考の生産性向上
・感情的になることを抑制できる
・スキルアップしやすくなる"
2023-01-07,"◾️支出：978
・テリア580
・ジャンプ300
・天然水98

■論理思考（説得力を高める）
007事実を眺めていても何も生まれない。意味合いを考える。
空、雨、傘
「何をすべきか」という行動への示唆を仮説でもいいので考えることが、ビジネスの大きな推進力となる
11℃ 三郷市 埼玉県 日本"
2023-01-08,"蓉の受験。茗溪学園を受けた。
受かってるといいよね。

◾️支出：970
・鳥玉丼

■論理思考（説得力を高める）
008詭弁やごまかしを見抜く瞬発力を鍛える
【論点のすり替えを疑え】
論点のすり替えの典型的なパターン
・定義や前提の話にしてしまい、本論から逸脱させる
・個別論を議論すべき時に一般論で議論してしまう
・本論と、人格や態度、立場を混同させる
・本論と、プロセスや手続きの話を混同させる
・重要でない部分の正当さを理由に全体を正当化する
・相手のちょっとした負い目と自分の大きな瑕疵を同等に扱う
・相手のいったことを正確に引用せずに議論する藁人形論法
これらは防御のために知っておくべき。

10℃ 足立区 東京都 日本"
2023-01-09,"成人の日

◾️支出
・蓮：2,000

■論理思考（説得力を高める）
009人格攻撃は何も生み出さない。内容にフォーカスする
【内容と人格を分けよ】
7℃ 足立区 東京都 日本"
2023-01-10,"「世界線」とか「飯テロ」という言葉を頻繁に使う人について。
例えば洋服を選ぶのに誰かの後押しが無ければ買えないのは、自分に洋服のセンスがないから。
それと同じで、流行りの言葉を頻繁に使うのは、言葉のセンスがないことと一緒ではないか。

■論理思考（説得力を高める）
010直観に気をつける
【ファスト＆スロー】
人間には2つの思考がある。
１つ目は早い思考（システム１）＝直観的な思考
２つ目はシステム1の後に来る遅い思考＝合理的な思考
多くの人間が頼りがちなシステム1の直観的思考は、バイアス（思考の歪み）にきわめて弱い
その他の有名なバイアス
・ハロー効果：ある目立つ要素によって全体の印象がゆがめられてしまうバイアス
・フレーミング：見せ方によっては異なる印象を受けてしまうというバイアス
・プライミング効果：初期に得た印象に引っ張られてしまう
7℃ 豊島区 東京都 日本"
2023-01-11,"蓉が茗溪学園に受かった。
良かったねー。
11時の発表まで少し緊張したけど、結果何かイベントみたいで楽しかったね。
受かったから言えることかもしれないけど。

■論理思考（説得力を高める）
011内容を絞り込んだ方がかえって多くを伝えられる
【単純にしろ、この間抜け】
プレゼンテーションの場合、
・スライドの枚数を減らす
・1枚のスライドに盛り込む情報量を減らす
「1スライド、1メッセージ」
プレゼンテーションとは、相手に自分が望む行動をとってもらうことが目的
7℃ 足立区 東京都 日本"
2023-01-12,"■問題解決（望ましい状況を手に入れる）
012適切な問題の設定なくして効果的な問題解決はない
【問題が設定できたら、解決は用意】
問題を設定するとは、言い方を変えれば、問題か解決された後の「あるべき姿」を明確に描くこと"
2023-01-13,"土浦に3回走った。
3回走って、仕事した気になった。
何も創造してない。

■問題解決（望ましい状況を手に入れる）
013全体を要素にブレークダウンすることで本質に迫る
【分けることはわかること】"
2023-01-14,"iPhoneを買ったんだけど、買うまでにすごい苦労したなー。
直営店では現金決済NG。買うならオリコローンかペイデイでないとダメとか。
転売対策なのかもしれないけど、普通の人がめんどくさくなるのも何か変だよね。でもそういうものなのかもしれないね。

■問題解決（望ましい状況を手に入れる）
014トヨタ流問題解決の基本
【なぜ？】を5回繰り返せ
10℃ 足立区 東京都 日本"
2023-01-15,"テレビで何かを食べる時の効果音（「バクッ」みたいな）が言語化できないイラつきを感じる。

■問題解決（望ましい状況を手に入れる）
015ビジネスを進化させる、仮説と検証
【仮説と検証を繰り返せ】
「当たりを付ける」という行為が仮説を打ち立てること
初期仮説→ざっくり確認→より具体的な仮説→だいたいの裏付け→さらに具体的な仮説→緻密な検証
9℃ 足立区 東京都 日本"
2023-01-16,"■問題解決（望ましい状況を手に入れる）
016時間や経営資源を有効活用する
【クイック＆ダーティー】
100%のクオリティを追うよりも、7割から9割方検証されたと確信できたらどんどん先に進めるべき。
クイック＆ダーティー＝多少粗くてもいいから、素早く"
2023-01-17,"■問題解決（望ましい状況を手に入れる）
017常識にとらわれず、柔軟に考えれば思わぬアイデアが湧く
【必ず第三の道がある】"
2023-01-18,"大きさを例えるのに「軽トラみたい」ってどこかで使ってみたいな。


■経営戦略（よき戦略なくして長期的な繁栄はない）
018大局的なグランドデザインと、局地戦での強さを併せ持つ
【戦術のない戦略では勝利への道のりは遠い。戦略のない戦術は敗北前の騒音である】

9℃ 草加市 埼玉県 日本"
2023-01-19,"マルハン柏店にコンテナの設置と引き上げに行った。
設置場所が店内にあって、なかなかしびれる現場だった。
誰か誘導がいなければ、全然無理な現場だったなー。

常務のお客さんから、「明日お金を払ってほしい」と言われたから、
常務→建石さん→川崎さん
に連絡をしたら、川崎さんから「自分の一存では決められない」との回答だったとのこと。結果、常務→俺に連絡がきて、「何とかして欲しい」とのことだった。川崎さんも本社の課長なんだから、その程度なら自分で判断すればいいのにと思った。
けど、家に帰ってあやこに話たら、川崎さんも自分の裁量がわからないんじゃないかとのことだった。

■経営戦略（よき戦略なくして長期的な繁栄はない）
019限りある経営資源を有効に用いる
【大事なのは何をするかではなく、何をしないかである】"
2023-01-20,"蓉が専修大松戸中学の受験日。
ここも受かるといいなと思う。自信につながればいいなと。
専修大松戸中学は近いんだけど、学校までの坂のアップダウンが激しかった。

■経営戦略（よき戦略なくして長期的な繁栄はない）
020正面衝突は往々にして消耗戦おｔなる
【競争するのは最悪の戦略】
どのようになやり方で真っ向勝負を避ければよいか
1．市場のすみ分け：俗にいうニッチ戦略
2．差別化：顧客の頭の中で棲み分けをする
3．「ゲームのルール」を根源から変える
いずれにせよ「勝てる戦を戦う」
9℃ 足立区 東京都 日本"
2023-01-21,"蓉が専修大学松戸中学にも合格した。
レベルはどれだけのものなのかはわからないけど、合格して良かった。
自信になればいいなと思う。

■経営戦略（よき戦略なくして長期的な繁栄はない）
021市場選択は、その中での戦い方よりも重要な場面が多い
【魅力的でない市場で稼ぐのは難しい】
業界の魅力度を知るには最低でも以下の3つのポイントを押さえる
・市場規模
・成長性
・儲けやすさ
「儲けやすさ」とは、
・買い手の交渉力
・売り手の交渉力
・業界内の競争
・新規参入の脅威
・代替品の脅威
の5つの様相を見ることで、その業界に利益が蓄積されやすいか否かが判断できる。
8℃ 三郷市 埼玉県 日本"
2023-01-22,"部屋の水玉のシールをひたすら剥がした。
無心になれたなー。
筋トレを始めたら、腰の痛みが少し収まった気がする。

■経営戦略（よき戦略なくして長期的な繁栄はない）
022レッドオーシャンは避けよ
成長分野は混雑分野
新規事業の機会を評価する際に、
「市場の魅力度×競争優位構築の可能性」マトリクスによる確認する
6℃ 足立区 東京都 日本"
2023-01-23,"■経営戦略（よき戦略なくして長期的な繁栄はない）
023ルールメーカーが最も高い利益を享受できる
【ゲームのルールを作れ】"
2023-01-24,"家→三郷→ひたちなか市→土浦→常陸太田市→土浦→三郷→家
と結構な距離を移動したなー。
結局5〜6時間運転すると、腰が痛くなりました。1470の座席のせいもあるのかな。

■経営戦略（よき戦略なくして長期的な繁栄はない）
024大勝ちするにはあえてトレードオフを打破すべし
【ORではなくANDを目指せ】
ANDの発送がブレークスルーを生む可能性が高い
0℃ 足立区 東京都 日本"
2023-01-25,"朝お客さんに
「すごい寒いね」
と言われたから
「肌が切れるぐらい寒いですね」
と言いたかったのに、
「キレる寒さです」
と言ってしまって、
「何か怒るぐらい寒いですね」
って受け取られたら嫌だなと思いました。

ラジオで
「路面凍結時にはペンギン歩きがいいです。」
と言ってたけど、ペンギン歩きは皆さんご存知のやつじゃないからーって思いました。


■経営戦略（よき戦略なくして長期的な繁栄はない）
025人真似には限界がある
【ベストプラクティスに解はない】
ベストプラクティスとは、結果を得るのに最も効率のよい手法やプロセス、活動などを指します。
ベストプラクティスの弱点
1．未来志向ではない
2．自社の強みを弱める可能性がある
ベストプラクティスからは、未来を勝ち抜くための骨太の戦略やビジネスモデルは決して生まれない。自社ならではの「解」を粘り強く模索することが重要
-3℃ 蓮田市 埼玉県 日本"
2023-01-26,"小野寺さんと林さんが、お互いに言い方がどうこうって話でケンカしてた。
大人のケンカほど醜いものはないなと思いました。
小野寺さんが怒ってるの初めて見たから、ちょっと驚きました。
一緒に帰ったけど、その時は穏やかだったんだけどなー。

■経営戦略（よき戦略なくして長期的な繁栄はない）
026実行したくなるような戦略でなくては、実行されない
【戦略は外に対して正しいだけでなく、内に対しても正しい必要がある】
社内を動かすためには、以下3点を強く意識する必要があう
1．「知らない」を「知っている」という状態にする：戦略を周知徹底する
2．「できない」を「できる」状態にする：能力開発、外部からの人材獲得を行う。また物理的な障害を取り除く
3．「やりたくない」を「やりたい」状態にする：「やった方が得だ」ということを説得する。また、適切なインセンティブを与える。さらに、抵抗勢力を懐柔、排除し反対派を減らす"
2023-01-27,"■経営戦略（よき戦略なくして長期的な繁栄はない）
027つねに変わり続ける意識こそが、持続的繁栄の最大の鍵
【強いから生き残るのではない。適応するから生き残るのだ】"
2023-01-28,"今週は毎日のようにトラック運転してた。
慣れないことをするから、何か疲れた。
軽く目眩がするのは、朝から何も食べてないからなのかな。

イルマが壊れたから、新しいのを買ったんだけど、よく考えたら壊れてなかったんじゃないかと。アレはどこ行ったんだろうな。

■経営戦略（よき戦略なくして長期的な繁栄はない）
028自社のビジネスを脅かす真の競合は誰かを理解する
【すぐれた経営が、大企業を衰退させる要因である】
イノベーションのジレンマ：大企業が新しいイノベーションに対抗しきれずに市場を奪われる状況
6℃ 三郷市 埼玉県 日本"
2023-01-29,"「ハケンアニメ」の映画を観た。
なかなか良かったなー。原作を読んでるせいか、省略された箇所を頭の中で繋げてたけど、それでも良かった。
吉岡里帆を中心に添えての構成も見やすくて良かったな。絵師のシーンはほぼカットされてたけど、それはそれで見やすかった。
吉岡里帆が好きになった。

■経営戦略（よき戦略なくして長期的な繁栄はない）
029模倣困難であることが優位性の持続には有効
【真似できないものを持っているか否かが重要だ】
容易には模倣できないもの
1．独自の歴史的な条件
2．因果関係のわかりにくさ
3．組織面の複雑さ
6℃ 足立区 東京都 日本"
2023-01-30,"「ヘルドッグス」という映画を観た。
今月3本目。
岡田准一がとにかくカッコいい映画でした。

■経営戦略（よき戦略なくして長期的な繁栄はない）
030社会への価値提供が、21世紀の競争優位につながる
【CSVこそが競争優位につながる】
Creating Shared Value：共通価値の実現
10℃ 足立区 東京都 日本"
2023-01-31,"今日も土浦→三郷→美女木→三郷→八千代→三郷とトラックで運転した。
こんだけ運転すると時間が無くて事務作業が滞るなと思う。
けど、運転しないと宝島が溜まっちゃうからしょうがないです。

横田さんから連絡があったけど、最初からは実費だけって言ったのに、結局プラスのお金を請求してくるんだよなー。そんなもんて言えばそんなもんか。

■経営戦略（よき戦略なくして長期的な繁栄はない）
031細かなディティールにも気を配ってこそ戦略は実を結ぶ
【神は細部に宿る】
細部に問題があって、戦略が崩壊するケース
1．戦術への落とし込みが甘い
2．感情への配慮が甘い
4℃ 足立区 東京都 日本"
2023-02-01,"蓉が青陵に受かった。
これで3校連続で受かった。
インターネットで合格発表を確認する時は、さすがに軽く緊張したよね。
専修大学松戸中学より青陵に行きたいらしい。

■マーケティング（効果的にキャッシュを得る）
032「買ってもらえる仕組み」があれば強引な営業は不要
【マーケティングの目的はセリングの必要をなくすこと】
つねに顧客を起点にし、
・誰が買ってくれそうなのか
・彼らのニーズは何なのか？
・彼らはどのような方法で買いたいのか
・何をすれば顧客は満足してくれるのか"
2023-02-02,"蓉の明大中野の1日目が終了。結果は不合格でしたけど、土曜日にもう一回あるから、最後まで頑張って欲しいなと思う。

クアアイナのハンバーガーより北千住のハンバーガーの方が美味しかった気がする。

■マーケティング（効果的にキャッシュを得る）
033本質的なニーズを的確に見きわめる
【顧客がほしいのは、1インチのドリルではなく、1インチの穴である】
潜在的なニーズにこたえる
6℃ 足立区 東京都 日本"
2023-02-03,"運転すると何もできないなーって改めて思った。

■マーケティング（効果的にキャッシュを得る）
034潜在ニーズの多くは顧客の不満に潜んでいる
【不満のあるところにビジネスチャンスあり】
「不快」「不平等」「不安定」など「不」の文字がつく、言い換えれば理想像とギャップのあるところには大きなビジネスチャンスがある可能性が高い
6℃ 足立区 東京都 日本"
2023-02-04,"蓉の明大中野2日目。
結果、不合格だったけどよく頑張りました。
本人はケロッとしてたから、まぁいいかなと。開放感がすごそうですね。

ダチョウの頭悪すぎるエピソードが面白い
・1匹が走り出すと全員走り出す
→なぜ走ってるのか忘れる
・家族を忘れる
→他の家族に交じっても誰も気づかない
・脳みそが人間の眼球ぐらい
→だから頭が小さく目が大きく発達した
→外敵から身を守るため
・病気にならない
→色々な病原菌の抗体を作れる


■マーケティング（効果的にキャッシュを得る）
035製品コンセプトの調査には限界がある
【人は見るまでその商品を欲しがらない】
5℃ 足立区 東京都 日本"
2023-02-05,"鈴華の自転車と蓉にiPhone14を買ってあげた。長く使ってくれたらいいよね。

■マーケティング（効果的にキャッシュを得る）
036顧客の頭の中に差別化イメージを作る
【相手と同じことをしようした瞬間に負け】
8℃ 足立区 東京都 日本"
2023-02-06,"三菱UFJ銀行に青陵の口座振替手続きに行ったら、目の前の人も青陵の手続きをしてた。すごい偶然だった。

■マーケティング（効果的にキャッシュを得る）
037本質的な価値や新しさに絞り込む方がかえって有効
【傑作はシンプルなものである】"
2023-02-07,"事務仕事で忙しい日だったなー
電話も結構来たし。
鈴木さんの件は社長がオッケー出さないと動けないよね。かわいそうだとは思う

◾️世界を変える100の技術2023
・リファイニング建築
構造躯体を補修して再利用
二酸化炭素の排出を減らす

■マーケティング（効果的にキャッシュを得る）
038ナンバーワンのアテンションを獲得する
【顧客に最初に思い出してもらえることが重要】
7℃ 足立区 東京都 日本"
2023-02-08,"田中さんから林さんのパワハラが…って話が来た。めんどくさい事になりそうだなー

■マーケティング（効果的にキャッシュを得る）
039選択肢に入らない段階で負け
【人の行動はほとんどが習慣】"
2023-02-09,"やっとトライワークスに必要な銀行の記帳ができた。でも路上に車停めてたら、駐禁取られそうになって焦った。

■マーケティング（効果的にキャッシュを得る）
040大事なパートナーの利益や感情を考慮する
【チャネルの視点で考えろ】
4℃ 足立区 東京都 日本"
2023-02-10,"一日中、事務仕事ができた。
ほぼ日手帳の「仕事が早い人は「後にしようボックス」が心の中にない」という話がとても印象深かった。
その事を心がけたいなと思った。

■マーケティング（効果的にキャッシュを得る）
041ブランドは信用や企業活動の実態そのもの
【ブランドは単なるプロモーションの結果ではない】
「何を言うか」以上に「何をするか」、さらには「どのような企業であるか」こそが企業ブランドを左右する
2℃ 三郷市 埼玉県 日本"
2023-02-11,"建国記念の日

スラムダンクの映画を見た。
宮城リョータが主人公的な感じで、回想シーンが多かった。
でも全体として山王戦をやってて、緊張感とか最後の沢北のところとか良かったなと思う。
シン・ウルトラマンも見た。
長澤まさみがやっぱりカワイイんだよなー。
シンシリーズはなかなか面白い。今年はシン・仮面ライダーだからそれも楽しみだなー。


■マーケティング（効果的にキャッシュを得る）
042高い顧客満足とロイヤルティが高収益をもたらす
【顧客満足は最高のマーケティング】
13℃ 足立区 東京都 日本"
2023-02-12,"ジョジョの奇妙な冒険の映画を見た。
酷評されてたけど、思ったより見れたなって思った。小松菜奈がミステリアスな感じが良かった。
オール・ユー・ニード・イズ・キルも見た。
まぁまぁな感じでした。
オーシャンズ11も観た。やはり面白い。何度も観たい映画ですね。

■マーケティング（効果的にキャッシュを得る）
043企業の購買者にはさまざまな責任とリスクがともなう
【法人顧客の最大の関心事は社内からの評価である】
企業の購買担当者は保守化しやすい
どのような施策をとるのがよいか
・圧倒的なコストパフォーマンスを実現する
・社内に対して先方の担当者が説明しやすい資料を準備すると共にサポートを充実させる
・新しいもの好きの顧客を狙い、実績を積む
・いきなり全社に導入するのではなく、一部で試験導入する
17℃ 足立区 東京都 日本"
2023-02-13,"「君のクイズ」を読んだ。コレって、「スラムドッグ$ミリオネア」と似てたな。
ラストは違うけど、何となくクイズの出し方とか。でもラストはいい終わり方でした。

オードリーのラジオで春日が、カバンをドンッ！と置くって言ってて、そうゆう人いるよなーって思った。

■マーケティング（効果的にキャッシュを得る）
044顧客満足を実現する従業員を大切にする
【人が先、顧客は後】
9℃ 三郷市 埼玉県 日本"
2023-02-14,"■マーケティング（効果的にキャッシュを得る）
045顧客をビジネスパートナーとして正しく位置づける
【顧客は神様ではない】
4℃ 足立区 東京都 日本"
2023-02-15,"健康診断だった。去年よりバリウムが上手に飲めた。
マッチングアプリ用の写真撮りサービスがあるらしい。当たり前なんだけど、外見が大事なんだよなと思った。
小諸そばよりも池袋の立ち食いそばの方が美味しかった。

アポカド炊き込みご飯を作ってみようと思いました。

■リーダーシップ（人が宇伍してくれなければ、どんな仕事も実現できない）
046人間は南海も繰り返しいわれないと忘れる
【100をいって1が伝わる】
4℃ 千代田区 東京都 日本"
2023-02-16,"久しぶりにダイキチに常務と佐々木さんと行った。みんな変わってなくて楽しかったなー。

■リーダーシップ（人が動いてくれなければ、どんな仕事も実現できない）
047感情への配慮なくして、人はいうことは聞かない
【人間は感情の動物】
相手のメンツをつぶさない、相手の自尊心に配慮する"
2023-02-17,"運転手採用の営業でウェブ面談の約束をして、電話の切りぎわに「明日、楽しみにしててください」って言われて、何か違和感。
すごい自信だなって思う。

潮田玲子がパイパンで見せびらかしてくる夢を見た。中学の同級生だった金村の家に行って、何かこぼしてしまって掃除してるのを、潮田玲子が手伝ってくれてた。
何だあの夢…

レモンを絞る時、皮を下にして絞る人、絶対に「レモンは皮を下にして絞った方が香りが良く絞れる」って言う。

オーシャンズ13を見た。
オーシャンズ12よりは面白かった。
オーシャンズ11が1番面白かった。

■リーダーシップ（人が動いてくれなければ、どんな仕事も実現できない）
048リーダーシップは学びうる行動様式
【リーダーに生まれるのではない、リーダーに育つのだ】
リーダーシップは天性のものではなく、後天的に学びうるスキル
次世代のリーダーを育てることも、リーダーの重要な役割
4℃ 三郷市 埼玉県 日本"
2023-02-18,"恵子さんの誕生日でパークハイアットのレストランで3家族で食事に行った。
結局、15人だった。人数多いなー。

■リーダーシップ（人が動いてくれなければ、どんな仕事も実現できない）
049リーダーへの準備段階が重要
【よきリーダーとなるためには、よきフォロワーとなれ】
10℃ 足立区 東京都 日本"
2023-02-19,"みゆきさんの一周忌でした。
子供が多いですねー。

■リーダーシップ（人が動いてくれなければ、どんな仕事も実現できない）
050模範的なやり方でイメージを喚起する
【人を動かすには模範を示すことが大切だ。それしかない】
模範をしめすことのメリット
1．具体的にイメージしやすい
2．説得力が増す
15℃ 足立区 東京都 日本"
2023-02-20,"みさきさんと久しぶりに会った。
ちょっと痩せてたなと思った。
ルージュでみんなに煽られてシャンパン入れたなー。高かったですね。

■リーダーシップ（人が動いてくれなければ、どんな仕事も実現できない）
051業務の意味付けによって人の意識や行動は左右される
【私の仕事は大聖堂を作ることです】
自分自身のモチベーション、セルフモチベーションを高めるためにも、あるいは人にも仕事をお願いする際にいい結果を残してもらうためにも、仕事の意味付けの重要性は押させておく"
2023-02-21,"特に何もなく穏やかな日だった。
畠山さんのいう事務員の面接だった。
良い感じの人だったので採用したいと思うけど、向こうから断られるパターンもあるんだよなー。

■リーダーシップ（人が動いてくれなければ、どんな仕事も実現できない）
052フィードバック不足の落とし穴を避ける
【フィードバックに過剰はない】
適切なフィードバックを行うには、観察力、コミュニケーションなど多くのスキルが必要になる
3℃ 足立区 東京都 日本"
2023-02-22,"武田さんみたいな人を面接した。
今までの仕事の話（暴力を振るわれた、パワハラを受けたなど）、家でめちゃくちゃ言われるみたいな話だった。電話もあまりうけなくない、東京に住みたいみたいな、なかなかの方だった。


■リーダーシップ（人が動いてくれなければ、どんな仕事も実現できない）
053一方的にいいたいことをしゃべりすぎないようにする
【しゃべるな、聴け】
8℃ 足立区 東京都 日本"
2023-02-23,"天皇誕生日

昨日の埼京会の飲み会のあと、家でパスタ食べすぎて、久しぶりに苦しいぐらいおなかいっぱいにしてしまった。マジ後悔。
朝7:00ぐらいまで寝てました。
ダンジョンに出会いを求めるのは間違っているのだろうかのアニメを見始めたけど、なかなか面白かった。

■リーダーシップ（人が動いてくれなければ、どんな仕事も実現できない）
054相手と自分の能力アップの一石二鳥を実現する
【教えることが最高の学び方】
マニュアルの作成のメリット
・業務の効率化
・業務やその前提となる戦略や企業の目的に対する理解が深まる
・筋道を立てて考えたり表現する力が鍛えられる
・その仕事を自分がやる必要性が減る結果、自分はさらに新しいことに時間を使える
11℃ 足立区 東京都 日本"
2023-02-24,"45歳の女性を面接した。
つけまつ毛が長くて派手だった。
そうゆうお年頃なのかな。

■リーダーシップ（人が動いてくれなければ、どんな仕事も実現できない）
055対立のプラスの側面に、目を向ける
【対立あればこその深みである。妙味である】
9℃ 足立区 東京都 日本"
2023-02-25,"10tウイングに軽く乗ってみたけど、慣れないからアクセルやブレーキの感じがよくわかんなくて怖かったね。

■リーダーシップ（人が動いてくれなければ、どんな仕事も実現できない）
056視覚と心に訴えかけることが、人が行動を変える上での鍵
【見て、感じて、変化する】
視覚に訴え、心に訴えかけることこそが、人々の新しい行動を促すカギとなる
8℃ 三郷市 埼玉県 日本"
2023-02-26,"蓉と満喫に行った。
久しぶりに行ったけど、安くて漫画読み放題、ドリンクバー込み、食べ物も充実してたりで、家の近くにあったら最高なエンタメ施設ですよね。ただ、唐揚げ10個カレーはボリュームが多くて困ったなー。不味くは無いんだけど、唐揚げ10個は多いなー。
後はジムが家の近くにあったら最高だなー。

寝返りが一切できないって恐らく辛いこと部門の上位にいると思う。

■組織（いい仕組みが競争力を向上させる）
057組織は戦略遂行に適したものでなくてはならない
【組織は戦略に従う】
11℃ 足立区 東京都 日本"
2023-02-27,"小島さんから10月に挙式をあげるから、招待してもいいですか？と聞かれて、お気遣いありがとうございますと答えた。でも10月ってすごい先にならないと決まらないんだなー。

■組織（いい仕組みが競争力を向上させる）
058属人的な差配だけでは成長の限界に到達してしまう
【30年成長する企業はメカニズムがある】
11℃ 足立区 東京都 日本"
2023-02-28,"仕分け作業をやりながら電話の応対しながら、鈴木さんの問題を抱えながら一日が過ぎていく。めんどくさいことばかりだなー。


■組織（いい仕組みが競争力を向上させる）
059採用こそが組織の様々な要素に影響を与える
【問題は、誰をバスにのせるかだ】
15℃ 三郷市 埼玉県 日本"
2023-03-01,"元マテックの丸山さんがソニー生命に転職されて、保険の勧誘？申し込みに来た。
前からトークが上手でしたけど、すっかり保険の方になってたなー。

みさきさんとの約束をめんどくさくなってキャンセルした。
社長が参加してきたので行けなくなったとの理由にします。

「モエカレはオレンジ色」を見た。
生見愛瑠がただカワイイだけの映画で、内容は何もなかった。早送りしながら見たから30分ぐらいで見終わった。

■組織（いい仕組みが競争力を向上させる）
060仕事や責任の与え方で人の成長が決まる
【器が人を作る】
・創意工夫をしようする。その結果、会社も予想しなかったような斬新な方法論が生まれたこともある
・責任感が醸成される。また責任が重いため、ストレスに対する耐性が増す
・多数の人間を監督したり巻き込まなくてはんらないことが増えるため、マネジメント力が鍛えられる
16℃ 足立区 東京都 日本"
2023-03-02,"花粉が凄すぎて目と鼻とのどがやられてしまった。舌下治療しようかな。

■組織（いい仕組みが競争力を向上させる）
061人間はインセンティブに想像以上に過剰反応して行動する
【人間はインセンティブの奴隷】
8℃ 足立区 東京都 日本"
2023-03-03,"森永乳業の多摩工場に引取りに行った。
要塞みたいな建物群でした。

■定量分析（数字を使って意思決定をし、人を動かす）
062数字の怖さと限界を意識する
【数字だからこそ疑え】
・間違った数字を根拠にしてしまう
・前提が不適切な数字を根拠としてしまう
・出所の怪しい数字を根拠としてしまう
9℃ 三郷市 埼玉県 日本"
2023-03-04,"坂口さんは不思議な男だなー。
久しぶりにコマニー13号地で仕事した。
早く終わって良かったなー。

■定量分析（数字を使って意思決定をし、人を動かす）
063人間の感情や行動をイメージしながら数字を見る
【ビジネス数字は人間学】
・なぜこのような数字になったのか？
・なぜ予測と異なったのか？
・このようなアクションをとると数字はどう変わるか？
などを仮説検証の精神を持ちながら考えると、よりよい示唆が導けるし、アクションも的確に取れる可能性が高くなる
14℃ 三郷市 埼玉県 日本"
2023-03-05,"やりたい事の半分ぐらいできたかな。
Frolic a holicを見た。
大掛かりな舞台装置と豪華な出演者だったな。
すべてのコントが繋がってて、すごい脚本だったなー。
creepy nutsがカッコよかった。

■定量分析（数字を使って意思決定をし、人を動かす）
064比較する意味のある数字から意味合いを探す
【apple to apple】
適切に比較して有意義な意味合いを導き出せる数字を準備せよ
このようにならないケースとして、
・定義が異なる
・異なる前提を用いている
・対象が変わった
・対象範囲が変化した
などを気を付ける
11℃ 足立区 東京都 日本"
2023-03-06,"山上さんがまた吠えて、豊田さんもそれに対してまた吠えて。2人で解決して欲しいな。


■定量分析（数字を使って意思決定をし、人を動かす）
065多面的に数字を見る
【額、率、「当たり」】
12℃ 足立区 東京都 日本"
2023-03-07,"朝から忙しかったなー。
忙しすぎて眠くもならなかった。

■定量分析（数字を使って意思決定をし、人を動かす）
066グラフ化して直観的に考えることが大事
【「眼」で考えよ】
定量分析を行う際には、生の数字データではなく、グラフ化して視覚的に物事を捉え、そのうえで考えるというやり方が有効
14℃ 足立区 東京都 日本"
2023-03-08,"日栄興産へ石膏ボードを搬出しに行った。事務の方が何か嫌な感じでしたけど、マニュフェストのDとEを取るのを忘れたと連絡があった。
嫌な感じの人なら、仕事はちゃんとできて欲しいなと思った。

■定量分析（数字を使って意思決定をし、人を動かす）
067ほしい数字が手に入らない時こそ腕の見せどころ
【「ない数字」はBest Estimateで作り出せ】
16℃ 三郷市 埼玉県 日本"
2023-03-09,"朝ゆっくり寝て、少し本社行って、三八会行ってうなぎ食べて、埼京会行かなくて家でゆっくりできた。
サボったなー。でもゆっくりできて良かった。

秘密のケンミンショーで「財布を見せてくださいって言って、東京と大阪ではどうなるか？」みたいな企画で、東京の人は全然見せてくれなかったんだけど、まぁそれは別にいい。恥ずかしいとか色々理由はあると思う。ただ「個人情報があるものを人に見せるのはどうかと思う」という意見だけは、納得いかない。そんなやつは大概他のことのセキュリティは甘いと思うし、ただ言いたいだけだと思っている。

■定量分析（数字を使って意思決定をし、人を動かす）
068統計数字を見る際には慎重さが必要
【嘘には3種類ある。普通の嘘と真っ赤な嘘と統計だ】
1．サンプルが偏っている
2．サンプル数不足
3．相関＝因果と錯覚する
17℃ 足立区 東京都 日本"
2023-03-10,"TRIworksの顔合わせ会でした。


■定量分析（数字を使って意思決定をし、人を動かす）
069平均値はよく使われる数字だからこそ注意が必要
【平均値は平均の像ではない】"
2023-03-11,"二日酔いで午前中はほとんど何も覚えてなかったです。

■定量分析（数字を使って意思決定をし、人を動かす）
070悪意のある数字は注意を凝らすことで見破られることがある
【きれいすぎるデータには裏がある】"
2023-03-12,"三番町に引取りだった。結構遅くまでかかった。結構続くみたいだなー。

■アカウンティング（会社の数字を正しく読みとる）
071経営の結果は会計数字に表れる
【会計がわからない＝経営がわからないということだ】"
2023-03-13,"引取りに2件いった。
2件ともコンパネをコンテナの下に敷いてたか、取った後コンテナに突っ込むのが軽くめんどくさかったなー。

運転手の応募の電話があって、平日は20時以降、土曜も20時以降、日曜は午後しか空いてないっていう方だった。
しょうがないと思って日曜の面接を考えたら、67歳で不採用にした。
ただ、その年でそんなに働いてたら確かに転職したくなるよなー。って思った。

■アカウンティング（会社の数字を正しく読みとる）
072正しい報告が長い目で見たときにはペイする
【信用は透明性から】
11℃ 足立区 東京都 日本"
2023-03-14,"世の中の「させていただく」文化が軽く気持ち悪い。
米津玄師が依頼されて作った自分の曲に対して、「曲を作らせていただいた」って言ってたけど、何かそれって違和感。

■アカウンティング（会社の数字を正しく読みとる）
073会計方針に注意しながら財務諸表を読む
【財務諸表には意思が反映される】"
2023-03-15,"■アカウンティング（会社の数字を正しく読みとる）
074見える化することで人々の関心を高める
【人は測定されたものにしか興味を示さない】"
2023-03-16,"1470の鍵を側溝に落としてしまって、金子さんに取ってもらった。大変申し訳なかった。

実在の弁護士を騙る詐欺FAXが来て、ちょっと驚いたよね。

■アカウンティング（会社の数字を正しく読みとる）
075数字にすることで適切な手を打つ
【測定できないものはコントロールできない】
17℃ 足立区 東京都 日本"
2023-03-17,"テクノプランニングの仕事で南麻布に行った。広尾でした。オシャレなお店がいっぱいあったなー。行列のパン屋があって、きっと美味しいんだろうなと思った。

■アカウンティング（会社の数字を正しく読みとる）
076PDCAを回すことが企業価値向上につながる
【PDCAはあらゆるフレームワークを包含する】
12℃ 足立区 東京都 日本"
2023-03-18,"土浦の2t車で引き取りに向かった時に、何か嫌な予感がして八潮料金所を過ぎて止まって確認したら、シートもコンパネもなかった。必死で戻って、何とか15分遅れで現場に到着したけど、ちゃんと出発前に確認しなきゃダメだなと思った。

■ファイナンス（企業の価値を最大化する）
077現金がなければ会社は回らない
【キャッシュが王様だ】
8℃ 三郷市 埼玉県 日本"
2023-03-19,"トップガンからのトップガンマーベリックス最高でした。感動したなー。

■ファイナンス（企業の価値を最大化する）
078未来の金銭は、現在の価値に割り引いて考える必要がある
【目先のペニーは、はるか先の1ドルに等しい】
13℃ 足立区 東京都 日本"
2023-03-20,"坂口さんから仕事の事で電話があった。
仕事の事で話があるとのことで、金曜に時間が欲しいとのことだった。その旨を豊田さんに話したら、坂口さんは怒られたくもないし、注意もされたくないとの人らしい。それならなかなかの人物だなと思った。
で、その話をしてる時に、豊田さんが「自分の子供は、自分の事を良く見てるから、誰にでも挨拶するんですよー」って言ってたんだけど、自分のことを見てるからって発言、いらなかったなー。

■ファイナンス（企業の価値を最大化する）
079ファイナンスでのリスクの意味合いは日常用語と異なる
【スカイツリーの頂上から飛び降りたときのリスクはゼロ】"
2023-03-21,"春分の日

「飲み会とか行くと気を遣い過ぎちゃって疲れちゃうんだよねー」って自ら言う人に対する違和感。
その発言、すでに周りに気を遣えてないよねって思います。

WBCで不振の村上がサヨナラ安打を打って感動した。

■ファイナンス（企業の価値を最大化する）
080借入を有効活用することで企業価値は上がる
【借金は素晴らしい】
18℃ 足立区 東京都 日本"
2023-03-22,"東武ホテルに打ち合わせに行った。
担当者が話しながら笑う人で、話が聞きづらかった。

■ファイナンス（企業の価値を最大化する）
081ポートフォリオを組むことでリスクを下げる
【卵は同じ籠に入れるな】"
2023-03-23,"社長と社員総会の打ち合わせをした。
熱い思いが伝わってきた。
絶対30分じゃ終わらない内容だと思った。

■新事業創造（企業創造の道であり、経済成長の源）
082まずはやってみることが重要
【完璧より、やる方がいい】
18℃ 足立区 東京都 日本"
2023-03-24,"クレーンのワイヤーの修理や交換時期、朝礼の話を自らが思いついて提案したって感じで私に話してきたけど、全部佐々木さんの提案だったことに、呆れを通り越して笑ってしまった。すごい人だなー。

■新事業創造（企業創造の道であり、経済成長の源）
083イノベーションは難しいからこそ工夫が必要
【早く、低コストで失敗しろ】
15℃ 足立区 東京都 日本"
2023-03-25,"■新事業創造（企業創造の道であり、経済成長の源）
084大をなすには多くの人を巻き込む必要がある
【早く行きたいなら一人で、遠くへ行きたいならみんなで行け】"
2023-03-26,"■新事業創造（企業創造の道であり、経済成長の源）
085頭ごなしの否定はNG
【NoというなHowと聞け】"
2023-03-27,"非通知設定で電話がきた。
出なかったら留守電が入ってて、「NTTファイナンスです。未納のものがあり法的手続きに進みます」的な内容だった。
すぐ調べたら詐欺だったんだけど、何かすごいドキッとした。
辞めてほしいなー。

■新事業創造（企業創造の道であり、経済成長の源）
086数が揃えば「当たり」が含まれる可能性も上がる
【量は質に転化する】
12℃ 足立区 東京都 日本"
2023-03-28,"三郷→浜屋：約2時間30分
浜屋で荷下ろし：約50分
浜屋→三郷：約2時間
三郷→家：約40分
家→溜池山王：約1時間20分
溜池山王で会議：3時間
溜池山王→姫路：約4時間
かなり時間に追われた1日だった。
三郷から浜屋の行き帰りが酷い渋滞で、ここが全ての元凶だと思う。

■新事業創造（企業創造の道であり、経済成長の源）
087粘り強く考えることが差別化につながる
【5分で考えつくことは、ライバルも5分で考えつく】
13℃ 千代田区 東京都 日本"
2023-03-29,"■新事業創造（企業創造の道であり、経済成長の源）
088モノはビジネスモデルの一部にすぎない
【モノでなくコト作り】"
2023-03-30,"■新事業創造（企業創造の道であり、経済成長の源）
089儲けのメリハリをしっかり考える
【寿司屋とは、寿司で客寄せして酒で儲ける飲食店である】"
2023-03-31,"■新事業創造（企業創造の道であり、経済成長の源）
090「2位ではダメ」なビジネスがある
【Winner Takes All】"
2023-04-01,"運転手で内定を出した須藤さんが結局来なかった。電話も出なくなってた。最近の方はこんな感じなのかなー。

■新事業創造（企業創造の道であり、経済成長の源）
091起業家精神は一部の限定された人々に固有のものではない
【アントナピレーナーシップは学べる】
アントレナーシップは以下のようなステップで開発されていく
1．想像力を働かせ考える
2．創造性を熟させる
3．イノベーションに挑戦する
4．アントレナーシップを発揮する"
2023-04-02,"何しない1日。
本当にありがたい1日だったなー。

■新事業創造（企業創造の道であり、経済成長の源）
092経営資源はその気さえあれば手に入るもの
【制約は自分だけ】
13℃ 足立区 東京都 日本"
2023-04-03,"剥離骨折したことにして、休んだ。
途中頭が痛いって言うか、重いって言うかで眠ったよね。

■交渉・説得・会議（コミュニケーションによって生まれる価値）
093価値創造型の交渉こそいい交渉
【Win-Win or No Deal】
12℃ 足立区 東京都 日本"
2023-04-04,"本社の裏の家から、建て替えようと思ったら脂がすごくて杭が打てないから相談させて欲しいとの電話があったらしい。
まためんどくさい事になりそうだなー。

■新事業創造（企業創造の道であり、経済成長の源）
094同じものに対しても献じる価値は異なる
【オレンジの皮か中身か】
「自分は重視していないけれど相手が重視しているもの」
「自分は重視しているけど相手はあまり重視していないもの」
をお互いに交換する
17℃ 足立区 東京都 日本"
2023-04-05,"特に何もしない1日。
仕事も特にしなかった。
燃え尽き症候群継続中。

■新事業創造（企業創造の道であり、経済成長の源）
095高い目標を持てるか否かが交渉結果を左右する
【目標値の高さが合意レベルを決める】
高い目標値を持つためには、以下を意識すると有効
1．交渉は、問題解決のために行う共同作業
2．会社の代表であるという意識
3．志を高く持つ"
2023-04-06,"仕事を休んだ。
燃え尽き症候群継続中。

「だまされた」と言った言葉ほ安易に使わない。
「だまされま方が悪い」といった意味ではなく、だまされないように自分が準備なり予防なりをすべき。


■新事業創造（企業創造の道であり、経済成長の源）
096説得の三つのレバーを使い分ける
【感情、規範、利得】
18℃ 足立区 東京都 日本"
2023-04-07,"TRIworksの口座開設で3回埼玉りそな銀行に通った。銀行の方ってしっかりしてるかと思いきや、そりゃ失敗もするかー。
そのお詫びなのかわからないけど、ティッシュもらった。近いから別にいいんですけどね。

■新事業創造（企業創造の道であり、経済成長の源）
097「影響力の武器」から身を守れ
【返報性と一貫性に注意せよ】"
2023-04-08,"うんちをしたい夢を見てたら、現実でもしたくなってた。コレ夢の世界にどっぷり浸かってたら漏らしてたよね。
年齢で漏らしちゃったりするんだろうな。

蓉の入学式に参加。
私立の中学って初めてだったけど、公立とは違くてデザイン性が高いんだなって思った。

■新事業創造（企業創造の道であり、経済成長の源）
098社内の会議で相手をいい負かしても何も得られない
【議論の目的は勝利ではなく改革である】
18℃ 台東区 東京都 日本"
2023-04-09,"家の物置をかなり片付けた。
余計な物が多くて大分スッキリしたと思うけど、まだまだいらないものってあるんだろうな。

蓉と釣りに行った。
全然釣れなかったから、もっと釣れるところに行くか、本当の釣りに行くかを体験させてあげようと思う。

■新事業創造（企業創造の道であり、経済成長の源）
099集合知のパワーを知る
【「みんなの意見」は案外正しい】"
2023-04-10,"まだまだやる気が出ない…

■新事業創造（企業創造の道であり、経済成長の源）
100生産的な会議は基本を押さえるところから
【会議の目的とその貢献を明示せよ】
19℃ 三郷市 埼玉県 日本"
2023-04-11,"まだまだ燃え尽き症候群継続中。
午前中コマニー手伝って、午後は家で仕事しました。
19℃ 足立区 東京都 日本"
2023-04-12,"本社の凛家の方と打ち合わせ。
油まみれの土壌で杭が打てないから、追加工事分を補償してくれとの話だった。
相手が穏やかそうな方で良かった。
65万なので払って終わりにできたらなと思う。"
2023-04-13,"山上さんがまた夜に吠え出した。
吠えるなら個人間でやってほしいんだよな。
あの時間に全員のLINEでやる意味がわからない。"
2023-04-14,"令和5年度東京大学学部入学式　祝辞

新入生の皆さん、そしてご家族、ご親族の皆さま、おめでとうございます。
私自身も東大の卒業生ですので、入学時の受験戦争からの解放感、新しい学生生活を始めるわくわく感は、今もよく覚えています。

長い受験勉強が終わって、ついに自由。たくさん遊んで、恋人作って、ガンガンやっていいと思います。

同時に、大学の4年間は、「自分で創り、自分で切り拓く、自分の人生」のスタート地点です。そしてこれからの皆さんの人生の中で、一番自由に、自分の器を広げ、自分の夢を探して突き進める時期でもあります。

私は東大卒業後、発展途上国を日本の立場から支援する国際協力機構JICA、民間の経営コンサルティング会社のマッキンゼーの日本オフィスと南アフリカオフィス、世界銀行、それからビル・ゲイツがマイクロソフトを辞めて、途上国の保健医療の問題を解決するために作ったゲイツ財団で、世界の貧困や感染症に立ち向かう仕事をやってきました。最近では、WHOの独立パネルに参加して、新型コロナのような感染症の壊滅的な大流行を二度と起こさないための国際システムの改革を提案して、去年の3月からは、世界の感染症対策をリードするグローバルファンドという国際機関で、途上国の保健医療システムを強化して、感染症のパンデミックを起こさないように備える部局の長をやっています。

今日は皆さんに祝辞をお伝えできるということで、はるばるスイスからやってきました。この機会に、私が皆さんより少し人生を先に生きてきて、とても大事だと感じていること、大学に入るときに知っておきたかったと思うことを、2つのお話しを通して共有します。

一つは「夢」について。もう一つは「経験」についてです。

まずは、夢について。

私は、東大に一浪して入りました。学力が特別あったわけでもありません。特に最初は英語が全然ダメで、英会話の授業では、体育会の友人と二人で、一番後ろの席で下を向いて、先生に当てられないようにやり過ごしていました。 ただ東大に入るときにはっきり決めていたのは、大学の4年間で、人生をかけて取り組むことを決めたい、ということでした。何も考えずに野球だけをしていた中学、高校時代の生活への反省もあったと思います。

興味が湧いた授業をすべて試してみる中で、文化人類学の授業でパプアニューギニアの先住民のギサロという儀礼を見たんですね。そこで、すさまじい衝撃を受けました。めちゃくちゃ格好いいと。こんなに我々と全く違う世界観の社会に住む人々がいるのかと。そういう異文化に飛び込んでそこから学ぶ、文化人類学者になりたい、と思うようになりました。それからすべての学校の休みを使って、途上国を一人で旅しまくりました。グアテマラの山奥の少数民族の村にアポなしで行って、ホームステイさせてもらいながら、フィールドワークもやったりました。

でもそこで見たのは、子どもが病気になっても医者も薬もない状況、毎日の重労働と日焼け、栄養不足でおばあさんのような顔をしている若いお母さん、地域に根深く残る差別から仕事の機会がなくて、くすぶっている同年代の若者など、美しい洗練された文化の裏にある、多くの理不尽でした。自分は、学者としてそこから学ぶだけで終わりたくない。人々が自分たちの文化に誇りを持ちながら、理不尽と戦って、日本なら簡単に直せる、あるいはかかることもない病気に命や可能性を奪われずに人生を生きられる、そのサポートをしたいと思うようになりました。大学時代に抱いたこの夢は、その後のキャリアの中で徐々に形になって、今も続いています。

「夢」について皆さんにお伝えしたいことは2つです。1つは、夢に関わる、心震える仕事をして欲しいということ。修行のために敢えて途上国の支援とは関係のない仕事をしたときに実感したのですが、自分の夢に関わる本当に好きなことをやらないと、それを徹底的に突き詰めることはできません。また、好きなことをやってないと、幸せの尺度が「自分が他人にどう評価されているか」になってしまう。それではうまくいかないときに持たないです。他人の評価を気にする他人の人生ではなく、自分がやりたいことに突き進む自分の人生を生きてください。

もう一つお伝えしたいのは、夢は、探し続けて行動し続ける人にしか見つけることはできないということです。夢が見つけられないというのは、ほとんどすべての人が抱え続ける悩みですが、夢は、待っていれば突然降ってくるものではありません。探し続けて、行動してみて、その中で少しづつ「彫刻」のように形作っていくものだと思います。周りに流されず、自分の興味のままに、探し続けてください。そしてそれが一番自由にできるのは、今からの4年間です。

二つ目のお話は、「経験」についてです。

貧困や感染症、気候変動のような世界の問題に立ち向かう仕事は、問題がいつも無茶苦茶に複雑なので、「自分のやっていることが、本当に問題の解決に役立っているのか」という疑問と常に向き合うことになります。その中で私が「世界は変えられるんだ」と希望を持てたのは、西アフリカのエボラ出血熱緊急対策の仕事でした。

エボラ出血熱という病気はご存じかもしれませんが、2014年にギニア、リベリア、シエラリオネの西アフリカの3か国で大流行し、先進国にも飛び火して、世界を震撼させました。私は37歳の時に、世界銀行で、この大流行を止めるための、緊急対策チームのリーダーを任されました。

エボラの恐ろしいところは、感染者の約半分が死に至るということです。それは、自分や家族が感染すると、高い確率で、家族の誰か、あるいは全員が死ぬということです。私が対策チームを作った2014年の8月の時点で、感染者数、死者数は指数関数的に跳ね上がっていました。あとでリベリアのエレン・ジョンソン・サーリフ大統領が「私たちは全員死ぬと思った」と話されたほどの、危機的な状況でした。

緊急対策に当たって2つの難題に直面しました。一つ目は、時間です。感染症対策はスピードが命ですが、感染が爆発した3か国にはお金がなくて、大きな海外援助も遅れていました。世界銀行の資金が頼みの綱だったのですが、通常のプロセスでは、200億円近い大きな資金を効果的な形で届けるには、1年半かかります。そんなに待てるはずがない。そこで、経営コンサルティング会社、マッキンゼーで身に着けたオペレーション改革のノウハウを総動員して、プロセスを無くす、減らす、後回しにする、数倍の速さで回す、そして今何で遅れているかを全て目で見えるようにして、45日ですべてを完了させました。

もう一つの、より大きな難題は、死者の埋葬による感染の拡大でした。

エボラは人が亡くなったときに感染力が一番高く、お葬式で死者に触れてお別れをするのがその地域の非常に大切な儀式だったので、それを通じて感染が爆発しました。

この問題への医学的に効果的な対策は、死者に消毒液を掛けて、ビニールバッグに入れて、そのまま火葬することなのですが、このやり方は現地の人たちの大切な価値観に反するもので、全く受け入れられませんでした。その結果、死者の報告をしない、死体を隠すということが広がり、感染がさらに拡大しました。

この医学的な解と社会的な解との折り合いをつけるために、文化人類学者と現地の宗教リーダー、コミュニティリーダー、それから感染症対策の専門家と共同で、これなら感染のリスクを無くしたうえで、人々が尊厳ある死を迎えられるという、「安全な尊厳ある埋葬」というやり方を開発しました。それを宗教リーダー、コミュニティリーダーから、この方法でよいのだ、この方法で我々の尊厳と安全を守るのだというメッセージを発信してもらいました。

これが普及したことによって、埋葬による感染が防がれ、爆発していた感染が一気に落ちて行きました。2年後に、3か国すべてでエボラ感染を無くすことができ、死者も最悪のシナリオでは70万人を超えていつ終わるかわからないという予想だったのを、1万人強にとどめることができました。

この話でお伝えしたかったことは、皆さんはこれからいろいろな学問や仕事で身に着けた力、「経験」を組合わせて、そのすべてで問題解決に挑むということです。私のエボラ対策の例では、文化人類学の考え方、感染症対策の専門性、民間の経営コンサルティングのスピード感と問題解決力の3つを組合わせで持っていたことが、大きな助けになりました。民間と公共の壁や、医療と文化、社会の壁などを「越境」した経験を持って、問題解決をまとめる力は、問題がどんどん複雑になるこれからの世界では、本当に重要になります。

一つの分野で世界のナンバーワンになることは、とても難しい。ですが、いくつかの重要な分野の経験やスキルを、自分だけにユニークな組合せとして持っていて、それらを掛け算して問題解決に使えるのは自分だけという「オンリーワン」には、なることができます。

そこでとても大切なことは、「環境が人を作る」ということです。人間は弱くも強くもあり、自分のいる環境をたった一人で突き抜けて大きく成長していくことはとても難しいですが、逆に凄い人たちの中で、あるいは修羅場に身を置いて、難しい挑戦を続けていると、それが普通にできるようになって、その次のさらに大きな機会に手が届くようになります。環境は、「わらしべ長者」のように力をつけて、「経験を組合わせ」ながら得ていくものです。私の場合はそうやって徐々にできることを増やしていって、今に至っています。

最後に、人生のリスクについてお話しします。

私はずいぶん前のセミナーで、大手商社に内定しているという大学生から、「馬渕さんは、どうしてそんなにリスクをとれるんですか。」という質問をされました。ここで言う「リスク」ってなんでしょうか。

Dropboxというウェブサービスの創業者が、MITの卒業式のスピーチで、こんなことを言っていました。人生は日にちに換算すると、3万日しかないと。私はすでに、1万7千日を使っています。皆さんは、大体すでに7千日近く使っています。そして次の1万日は、もの凄く速く過ぎていきます。

時間がすごく限られている中で、考えるべきリスクは、何かに失敗するリスクではなくて、難しい挑戦に踏み込まないことで、成長できず、なりたい自分になれないリスク、世界に対してしたい貢献ができないリスク、行動を起こさずに「現状に留まることのリスク」だと思います。

これから皆さんが生きる世界は、これまでと比べて圧倒的に不確実で不安定で、危険が多く、逆にとてつもない可能性にも満ちた世界です。人類がこの先も長く生きられるかどうかは、次の数世代にかかっているとも言われています。

人類が未来に希望を持って生きていくためには、世界の最高の頭脳が、気候変動や世界の不平等、感染症との戦いなど、世界の最大の問題に立ち向かっていかなければいけません。日本の最高の頭脳である皆さんにも、世界の、そして日本の最大の問題に立ち向かっていって欲しいです。

パナソニックを創業した経営の神様、松下幸之助の「道」という、私の座右の詩があるのですが、そこで彼はこんなことを言っています。一部を引用します。

“自分には自分に与えられた道がある。
どんな道かは知らないが、ほかの人には歩めない。
自分だけしか歩めない、二度と歩めぬかけがいのないこの道。

他人の道に心をうばわれ、思案にくれて立ちすくんでいても、道はすこしもひらけない。
道をひらくためには、まず歩まねばならぬ。
心を定め、懸命に歩まねばならぬ。

それがたとえ遠い道のように思えても、休まず歩む姿からは必ず新たな道がひらけてくる。深い喜びも生まれてくる。”

皆さんの東大での4年間が、皆さんだけのかけがえのない道を、悩みながら心を定めて懸命に歩む、その一番最初の充実した時間になることを、心からお祈りしています。

改めまして、おめでとうございます。どうもありがとうございました。
（“”は、『道をひらく』（松下幸之助著、PHP研究所、1968年）より引用）
令和5年4月12日
グローバルファンド 保健システム及びパンデミック対策部長
馬渕　俊介つ
22℃ 足立区 東京都 日本"
2023-04-15,"二日酔い気味だったし、燃え尽き症候群なので、仕事をほぼサボった状態だった。"
2023-04-16,"社員総会用の景品を買いに行った。それなりに買ったんだけど、買い物って気持ちいいですね。どさくさに紛れて自分用の物も買っちゃおうかなー
16℃ 足立区 東京都 日本"
2023-04-17,"山上さん問題で、豊田さんが吠えてるって言うか、どうしたらいいかっていうかで悩んでたね。気持ちはわかるんだけど、豊田さんが言うとなーっていう気持ちになるのは、豊田さんの今までの行動のせいなんでしょうね。
14℃ 足立区 東京都 日本"
2023-04-18,"三郷だけ停電が起きてビビった。
原因はネズミが入ってしまって感電した結果、異常を起こしたらしい。
見たくないって言ってるのに、電気屋さんが俺に見せてきて嫌な気持ちになりました。
15℃ 三郷市 埼玉県 日本"
2023-04-19,"家で仕事しようと思ったら9時ぐらいに三郷から電話があって、ネットが繋がらないって話だった。
急遽、三郷に行って、色々やったけど全然ダメで、小島さんの配線をいじったらすぐ繋がった。原因がまったくわからないのも困ったなー。
25℃ 足立区 東京都 日本"
2023-04-20,"田嶋さんと話をした。
やはり理解がある方で良かった。
何か早く解決してあげたいなと思った。"
2023-04-21,"篠ちゃんと銀座で飲んだ。
楽しかったなー。

新橋の駅でおにぎりを頬張ってるキレイな女性がいて、何かいいなーって思った。
港区 東京都 日本"
2023-04-22,"社員総会だった。
すべてが俺の作品だった。
その中で川島さんと石井さんのヤジと言うか、大声？掛け声？みたいなやつは汚点だったなー。
野村さん、近藤さん、大森さんは私の作品を盛り上げるエッセンスだった。

佐々木さんと篠ちゃんと3人で錦糸町のキャバクラでなかなかの体験をした。銀座の凄さがわかる出来事。"
2023-04-23,"昨日の社員総会の疲れで、何もやる気がしない。明日からまた頑張ろうと思う。
17℃ 足立区 東京都 日本"
2023-04-24,"机の引き出しを整理した。
かなりいらない物が出てきて、ゴミになったなー。
眠すぎるなー。
16℃ 足立区 東京都 日本"
2023-04-25,"結構事務処理が進んだ1日だった。
ToDoリストが終わっていく快感なんだろうなー
16℃ 三郷市 埼玉県 日本"
2023-04-26,"水をのもうとして、マスクじゃなくてメガネを外した時に疲れてるのかなって思った。

前に女性がいて後ろを歩いている時の距離感と、例えば階段を登っているときのタイミングをズラすこととか考える。
15℃ 三郷市 埼玉県 日本"
2023-04-27,"記憶にない一日。
何をして、何をしなかったのか。
俺のやる気はいつになったら出てくるのでしょうか。"
2023-04-28,"新しい駐車場の鋼板張り作業開始。
健介さんがかなりのリーダーシップを取ってて、みんなしっかり動いてたなー。
疲れ切ってたのが印象的でした。"
2023-04-29,"昭和の日

健介さん、畠山さん、藤沼さん、鮏川さんと結構飲んだ。久しぶりに吐いた。"
2023-04-30,"二日酔いで起きれなかったな。
俺の癖で酔うと隣の人を触る癖があるみたいです。辞めなきゃね。"
2023-05-01,"蓮がインフルになったようだ。
この季節に珍しいなと思う。
コロナに1人だけなってないのにね。
18℃ 足立区 東京都 日本"
2023-05-02,"鈴華とあやことパフェを食べるつもりで休みをもらったけど、蓮がインフルになったから行かなかった。だから、ホント何にもしなかった。
こんな日もいいですね。"
2023-05-03,"憲法記念日

オカムラの仕事で東京ドームホテルの地下で引取り作業をやっていた時に、積込み時に腰に違和感があった。
家に帰ってきてから痛みがひどくなって、満足に歩けないぐらいになってしまった。
ギックリ腰かなー。
安静にするから明日少しでも痛みが治ってるといいんだけど。

蓮の次に蓉と鈴華がインフルになった。
絢子もやばそうだよね。
20℃ 足立区 東京都 日本"
2023-05-04,"みどりの日

読書生活をスタート。
積読を減らそうと思う。"
2023-05-05,"こどもの日

何もしない一日。
何よりの贅沢。
プレステ5が欲しいなー。

キーエンスの本を読み始めた。
すごい会社だなって思うのと、企業風土の徹底が必要なのだと思った。

このニュース最高だなー。
「子ども達がトラウマに…」ってひどい表現ですね。
https://news.yahoo.co.jp/articles/2cef4fcc1afa922b9ba77d0f0630d0f9b17ff9c1
22℃ 足立区 東京都 日本"
2023-05-06,"チャットGPTは面白そうなツールだなって今は思ってる。使い方次第なんだろうなと思った。
https://news.yahoo.co.jp/articles/95ac1fc95d828873f5e9ec23a530793cee181edb

「成瀬は天下を取りにいく」を読んだ。
全編に流れる暖かい雰囲気と、必要以上にエモくない文章が心地よかった。

100カメで「筑駒の文化祭」を特集してた。
オードリーの若林が「熱量が人を動かす」って言ってて、確かになーとは思った。

給料日に全額おろしてパチンコ屋に行く俺、アリウープかい！！

ダンスNo.1を決める大会があって、審査員がプロのダンサーとかが多かったんだけど、全員テンション高くて何か違和感って言うか、そうゆうもんなのかなーって思ったりした。

◾️哲学者の言葉366
28℃ 足立区 東京都 日本"
2023-05-07,"エアコンの掃除をしてみた。
フィルター外して、エアコン用のスプレーでやってみた。
何か臭いとか無くなった気がする。
すごい簡単でした。

腰の痛みがある一定まで来たら、そこから減少しない感じがします。

三四郎のオールナイトニッポン（5/5放送）は笑ったなー。相田のタンクマンの話とか最高でした。

UNIQLOでエアリズムのボクサーパンツのロングが売ってるのですが、どこに需要があるのだろう。

◾️哲学者の言葉366
22℃ 足立区 東京都 日本"
2023-05-08,"ヘルニアで会社に行く気がせずに、在宅ワークにした。痛みがなかなか取れないなー。

自らはスポットライトを浴びる「俳優」ではなく、筋書きをコントロールする「脚本家」になるべき。

「鳥肌の向こう側」
→すごいことの表現の一つ

◾️哲学者の言葉366
15℃ 足立区 東京都 日本"
2023-05-09,"◾️哲学者の言葉366"
2023-05-10,"蓉が2泊3日で学校の行事？に行った。
iPhoneを電車に忘れたらしく、蒲田で保管。
朝家電に電話がかかってきて、いつもなら出ないんだけど、何となく出たら忘れ物センターからだった。
そういう気配がしました。

◾️哲学者の言葉366"
2023-05-11,"会社に出勤しました。
久しぶりな気もしたけど、すぐ慣れた。
書類が山積みだった。

みさきさんとそーめん食べて、ルージュへ。
ママじゃないみさきさんとりなさんの潔癖コンビの話は強烈だったなー。
あと、りあさんのアップデートの話も面白かった。可愛くなってて、成功だなって思う。


◾️哲学者の言葉366
21℃ 三郷市 埼玉県 日本"
2023-05-12,"成田メタル行って、前田専務とよくわからない話をして、帰ってきた。
あやこと池袋サンシャインの韓国料理に行った。3回目ぐらいだったけど、サムゲタン風ラーメンはそんな美味しくなかったなー。
サムギョプサルはいつ食べても美味しい。

◾️哲学者の言葉366
22℃ 足立区 東京都 日本"
2023-05-13,"事務所で1日仕事した。
それなりに片付いたけど、まだまだできるなと思った。眠いんだよなー。

◾️哲学者の言葉366
18℃ 三郷市 埼玉県 日本"
2023-05-14,"日曜だったので、シーツ洗ったり、薬作ったり、自分の身の回りの事をした。

お昼にモツ鍋を食べすぎたせいか、大便が水でジャバジャバになった。
肛門が痛い。

◾️雑学
・蚊取り線香は、なぜ渦巻になっているか？
・温泉宿の料理は、なぜあんなに品数が多いのか？
・裁判官は、なぜ黒い衣装を纏っているのか？
・トライアスロンよ競技種目は、なぜマラソン、自転車、水泳か？
・上映中の映画館に入ると一瞬何かも見えなくなる。なぜか？
・なぜ、じゃんけんで最初に出すのは「パー」が有利か？
・弁当の割箸を、食べ終わった後、折るのはなぜか？

◾️100の思考実験
邪悪な魔物
-理性で理性を疑えるだろうか？

◾️哲学者の言葉366
20℃ 足立区 東京都 日本"
2023-05-15,"特に何もしなかったけど、何となく事務処理が終わった。
チャットGPTの登録をした。
プログラミングができるみたいたけど、それの真偽がわかる程度のプログラミングの知識が必要だなと思う。

◾️雑学
・日本ではじめて散歩をしたのは勝海舟である。なぜか？
・徳川家康が豊臣を撃破したのは石鹸のおかげだった。なぜか？
・なぜ、明治の日本は急速に近代化に進むことができたか？
・江戸時代の農民は、文字が読めたか？読めなかったか？
・除夜の鐘は、なぜ108つ突くのか？
・除夜の鐘は大きく聞こえたり小さく聞こえたりする。なぜか？
・徳川時代の将軍は、私的な時間に何をしていか？
・東京の品川駅は、なぜか品川区にないか？
・サッカーの試合から戦争になったことがある。ホント？
・ノアの洪水で死んだ人類の化石が出てきた？ホント？
・お正月の屠蘇は年の若い者から順に飲む。なぜか？
・視力の検査表には、なぜ2.0までしか表示がないか？
・世界最大の木造建築は東大寺大仏殿。では、2番目はどこか？

◾️100の思考実験
自動政府
-コンピューターに政治ができるだろうか？

◾️哲学者の言葉366
17℃ 三郷市 埼玉県 日本"
2023-05-16,"◾️100の思考実験
好都合な銀行のエラー
-誰も損をしなければ何をしてもよいのか？

◾️雑学
・ゲテモノを食べるというが、「ゲテモノ」とは？
・なぜ、縁起をかつぐことを「ゲンをかつぐ」というか？
・江戸時代、大阪の米相場の情報はすぐ全国に伝えられた。どうやって？
・電話のない江戸時代、ささいな用事は他家にどうやって連絡したか？
・東京の道路はなぜ、京都のように真っ直ぐに整備されていないか？
・縄文人は人肉を食べていたというモース説。本当かうそか？

◾️哲学者の言葉366"
2023-05-17,"スピード違反で捕まった。
-3点と18,000円の罰金だった。
警察に対して、はいはい言うしかないよね。
18,000円は痛いよなー。

◾️雑学
・「元旦ら寝正月で終日過ごします」というのは間違い。なぜか？
・「青田刈り」と「青田買い」はまるど違う。どこが違う？
・「どこの馬の骨だかわからない」というが、なぜ馬か？
・非常に大切なもののことを「トラの子」というが、なぜトラか？
・「国敗れて山河あり　城春にして草木深し」も間違い。なぜか？
・「アリの這い入る隙間もない」というのは間違い。なぜか？
・ビタ一文渡さないという「ビタ」って何のこと？
・徒労に終わることを「元の木阿弥」というが、「木阿弥」とは？


◾️100の思考実験
仮想浮気サービス
-不倫はなぜいけないのか？

◾️哲学者の言葉366"
2023-05-18,"道路の真ん中にネコの死体があって、車が通りづらそうなところに、自転車に乗ったおじさんがスッと歩道に移動してくれてた。
何かすごいなって思った。

事務の制服問題でまた揉めてた。
そもそも無ければいいのになと思う。
半年に一回の恒例行事だと思う。

◾️雑学
・「かき入れどき」にはかき入れるのはお金やお客ではない
・相撲の行司の掛け声は「ハッケヨイノコッタ」。ハッケヨイとは？
・スポーツの試合でよく聞く天王山はどこの山か
・「聞いたふうなことをいうな！」というのは間違い。正しくは？
・「後世おそるべし」の意味、正しくは？
・聖徳太子の17条憲法ら、なぜ15条や20条ではなく17条か？
・「女心と秋の空」というが、なぜ「春の空」ではないか？
・なぜ、太平洋は「太」で大西洋は「大」か？
・なぜ「匙を投げる」ことが、あきらめることになるか？
・なぜ西表島の「西」を「いり」と読むか？
・なぜ山に登った時「ヤッホー」というか？
・葬式に参列した後、なぜ体に塩を振りかけるのか？
・「さすが課長！海千山千ですね」と褒めたつもりがムッとされた。なぜか？
・なぜ「ご馳走」に「走」という字な入っているか？
・ビキニの水着の「ビキニ」とは何のことか？

◾️100の思考実験
わたしを食べてとブタに言われたら
-動物の尊厳とはなんだろう？

◾️哲学者の言葉366
22℃ 足立区 東京都 日本"
2023-05-19,"金子さんからLINEがきた。
内容は佐々木くんの話だったんだけど、「所長として」って文言に軽くムカついた。
お前、全然仕事してないって話も聞いてるからなー！って思った。
軽く突き放すような返事をしてしまって少し反省。
佐々木さんに私からの返信LINEを見せたら、「受け取り方次第ではパワハラかも」と言われて、さらに反省。
まだまだです。

◾️100の思考実験
公平な不平等
-不平等が許される場合とは？

◾️雑学
・花嫁は、なぜ白装束を身にまとうか？
・披露宴で、なぜお色直しをするか？
・なぜ、披露宴でキャンドルサービスをするか？
・イチローは次男なのに、なぜ「イチロー」か？
・中華料理の円テーブルは、なぜグルグル回るようにしてあるか？
・5月5日のこどもの日に、なぜ鯉のぼりをあげるのか？
・5月5日の端午の節句に、なぜ菖蒲湯に入るのか？
・座席にカバンを置くとなぜ確保したことになるのか？
・広告業界では、満員電車の車内広告は効果抜群と言われる。なぜか？
・平民宰相 原敬は訪問者みんなに好印象を持たれた。その秘訣は？
・なぜ、海苔の店でもお茶も売っているのか？
・ひどく嫌うことを、なぜ「毛嫌い」というか？
・物事が無事に終わった時、なぜ「手締め」をするか？
・歳時記で「竹の秋」は春の季語。秋という字があるのに、なぜ春か？

◾️哲学者の言葉366
19℃ 草加市 埼玉県 日本"
2023-05-20,"小型移動式クレーンの筆記試験に落ちた人が2人もいた。普通こんな試験落ちないのに。
で、落ちた人が案の定、授業中寝てたり、イヤホンつけてたりした人が落ちてた。
バカだなーって思うのと、イキっちゃったんだなーって思った。

オナラしたらうんちでちゃって、パンツを買いに行きました。

◾️100の思考実験
勝者なしの場合
-結果がよければ何をしてもいいのか？

◾️雑学
・真夏に来日したイギリス人は森や林でビックリする。なぜか？
・チョウはなぜ、1匹、2匹ではなく1頭、2頭と数えるのか？
・クマゼミ、ミンミンゼミ、ツクツクボウシの羽は、なぜ透明か？
・アリジゴクは、なぜ、縁の下や樹木の根元に巣を作るのか？
・夏が終わると、カブトムシの死骸はあるが、クワガタはない。なぜか？
・アリが巣の出入り口を塞ぐと大雨が降る。なぜか？
・恐竜時代からの「生きた化石トンボ」が日本にいる。その名は何か？
・見えないようにハエたたきをもっているかのにハエは投げる。なぜか？
・狂暴なスズメバチを飲み込んだヒキガエルは、その後、どう行動するか？
・マムシはヘビなのに、なぜ、卵を産まず子ヘビを産むか？
・クモは空中を飛ぶことができる。羽がないのに、なぜか？

◾️哲学者の言葉366
21℃ 草加市 埼玉県 日本"
2023-05-21,"和光大学（町田市）に引取りに行った。
金田さんがほとんどやってくれた。ありがたい。善方さんの評判はなかなか良いみたいですね。
横浜の引取り予定が佐々木さんと変わってくれたおかげで早く帰れた。
何か嬉しい。得した気分だなー。

◾️100の思考実験
海辺のピカソ
-芸術は永遠だろうな

◾️雑学
・ヤモリがガラスの上を歩けるのはなぜか？
・エビの漢字は「海老」と「蝦」だが、どう違うのか？
・なぜ、エビらおがくずの中で長時間生きていられるのか？
・なぜ、水たまりにアメンボがいるか。どうやって来たか？
・デンキウナギは放電で自分は感電しないのか？
・カタツムリは右巻きか？左巻きか？
・川魚は淡水で生きているのに、なぜ海水魚は死んでしまうのか？
・タツノオトシゴの子どもは、なぜ、オスから生まれるのか？
・サケは、なぜ川上を遡上して産卵するか？
・マンボウは3億個という膨大な数の卵を産む。なぜか？
・大地震の前に、なぜ「ナマズ」が暴れるのか？
・休まず泳ぎ続けるカツオやマグロは不眠不休か？
・マグロやカツオは一生泳ぎ続けて休まないのか？
・アサリやハマグリは海底をどうやって移動するのか？
・北極圏の地層から、なぜ、熱帯ワニの化石が見つかったか？


◾️哲学者の言葉366 
25℃ 足立区 東京都 日本"
2023-05-22,"玉掛けの資格の1日目。
小型移動式クレーンより1時間早く終わる。
それだけで嬉しいと感じる。

◾️100の思考実験
善なる神
-宗教なしの道徳は成立するのだろうか

◾️雑学
・コアラの子どもは、母親の糞を食べるってホント？
・新リーダーになったライオンのオスは群れの赤ん坊を食い殺す。なぜか？
・浦島太郎が助けたカメは、オスかメスか？
・「カメは万年」というが、本当のところはどうなのか？
・なぜ、ウミガメの子は間違いなく海の方向に歩き出すか？
・サル山のサルな毛づくろいしながら口に入れているものは何か？
・馬小屋は、なぜ、いつも水洗いしてあるか？

◾️哲学者の言葉366
22℃ 草加市 埼玉県 日本"
2023-05-23,"玉掛け2日目。
12:30からだから、午前中は池袋の本屋に行ったりで充実させたなー。

屋内でずっとフード被ってる人って何だろう。

◾️100の思考実験
自由意志
-すべてはあらかじめ決定されているのか？

◾️雑学
・ネコは年寄りが好き。なぜか？
・ネコの瞳は、なぜ縦長楕円になるか？
・ネコにアワビを食べさせると、なぜ耳が落ちるか？
・「梅にウグイス」は間違い、正しくは「梅に○○○○」。何か？
・鳥はイヌやネコのように小便しない。どうなっているか？
・神社や公園のハトは、なぜ人を見ても逃げないのか？
・野うさぎらなぜ、耳を立てたまま逃げるか？
・ウサギに水を飲ませると死ぬ、はホントか？
・川で獲れる天然ウナギは、なぜみんなオスか？

◾️哲学者の言葉366
14℃ 草加市 埼玉県 日本"
2023-05-24,"玉掛け3日目。
自分が出来る方だとは思わないけど、俺、出来る方だった。
恐らく中村さんも出来る方だと思う。
どちらかと言うとできない方の方が多いのか。
西日を嬉しそうな顔して浴びてる男の人がいた。きっと陽気な方だと思う。

◾️100の思考実験
わたしがするようにでなく、言うようにせよ
-ひとりの行為は全体に影響しないのか？

◾️雑学
・四葉のクローバーを見つけると、なぜ幸運か？
・植物をやさしく撫でると早く花が咲くのはなぜか？
・植物の葉っぱは、なぜ緑か？
・パリの凱旋門は石造りなのに、なぜ苔が生えてこないのか？
・西洋タンポポは来日アメリカ人のサラダ用だった。食べられる？
・タンポポの綿毛はフワフワ飛ぶためだけよものではない？
・苔はなぜ、じめじめしたところにしか生えてないか？
・クスノキ、スギ、イチョウのうち最も古い樹木は？
・タケノコはなぜ、1日で1メートルも伸びることができるのか？
・なぜ、昔より田んぼは春になるとレンゲ畑になったのか？


◾️哲学者の言葉366
24℃ 草加市 埼玉県 日本"
2023-05-25,"久しぶりに三郷に出勤した。
何か仕事と言うか、片付けで午前中は終わってしまった。

◾️100の思考実験
テセウスの船
-何をもって同じとするのか？

◾️雑学
・なぜ、サボテンは水をやらなくで大丈夫か？
・カブは原産地の中国では食べ物ではない。では、何のために植えるのか？
・竹に花が咲くとなぜ、よくないことが起こると言われているのか？
・多くの木の実は、なぜ、よく目立つ赤や黄色なのか？
・森林浴は、なぜ健康にいいのか？

◾️哲学者の言葉366"
2023-05-26,"建設展と環境展に行った。
タグチ製のワンタッチのアタッチメント付けるやつが素晴らしかった。
アタッチメント部分で120万ぐらいとのことだった。欲しいなと思った。

◾️100の思考実験
赤を見る
-感覚的な経験をどう説明するべきか？

◾️雑学
・マッシュルームの日本名は「バフンタケ」。どういう意味か？
・神社の境内には、なぜスギが植えてあるのか？
・戦前になかった花粉症が猛威を振るっている理由は？
・公園に植えてあるキョウチクトウは恐ろしい。なぜか？
・オオバコは、なぜ人に踏まれやすい場所に生えているのか？
・日本の川は、なぜ、いつも豊かな水が流れているか？

◾️哲学者の言葉366"
2023-05-27,"グローリーを一気見した。15話を寝ずに見た。久しぶりに夢中になったなー。
サンクチュアリも見出した。
これも面白そうだ。

◾️100の思考実験
氷の話
-経験だけで判断してよいのだろうか？

◾️雑学
・昔の街道の街路樹は今と違って柿や梨だった。なぜか？
・イギリスには、なぜ日本の山奥のような森がないか？
・なぜ、春先に中国大陸から黄砂が飛んどくるか？
・生まれたての地球には酸素がなかった？
・なぜ、酸素がなかった地球に、今、酸素があるか？
・旬の野菜はハウス野菜よりはるかに体にいい。なぜか？

◾️哲学者の言葉366"
2023-05-28,"江戸川クリーン作戦に行った。
篠ちゃんと建石さんと3人だった。
グローリーの最後は全部を見せないんだなーって感じでした。

◾️100の思考実験
持続可能な開発
-環境問題を解決するには？

◾️雑学
・イネは水につかったままなのに、なぜ根腐れしないか？
・非常によく似ていることを「ウリふたつ」というが、なぜ、ウリか？
・精進料理で、なぜニラ、ニンニクはダメか？
・ニンニクにはガンを防ぐ効果があるといわれる。ホントか？
・レンコンの穴は何のために開いているか？
・鉢植えの観葉植物を病気見舞いに贈ってはいけない。なぜか？

◾️哲学者の言葉366
24℃ 足立区 東京都 日本"
2023-05-29,"久しぶりにダイキチに行った。
キレイな店内でした。
面白かったなー。


◾️100の思考実験
救命ボート
-余剰の富を独り占めしてよいのだろうか？

◾️雑学
・パソコンで目を酷使する人はブルーベリーを食べるとよい。なぜか？
・なぜ、関西の生垣は竹や常緑樹、関東はけやきが多いか？
・中秋の名月に、なぜススキを飾るか？

◾️哲学者の言葉366"
2023-05-30,"二日酔いでほとんど機能しなかった。
豊田さんが手を怪我したらしい。
これは安全衛生委員会案件ですね。

◾️100の思考実験
殺すことと死なせること
-犠牲になるいのちを選べるか？

◾️雑学
・朝7時に起きると夜11時に眠くなる。なぜか？
・人はなぜ、毎日、眠らなくてはならないのか？
・年をとると、なぜ、早起きになるか？
・本当に眠気を吹き飛ばしたいならコーヒーより抹茶がいい？
・赤ん坊は、なぜ1回に何回もオシッコをするか？
・抱いている子どもが眠ると、なぜ重く感じるか？
・朝日を浴びない生活はメタボになりやすい。なぜか？
・朝日は眩しいのに、なぜ夕日はまぶしくないか？
・なぜ、パソコンを長時間操作するとドライアイになるか？

◾️哲学者の言葉366
22℃ 足立区 東京都 日本"
2023-05-31,"サンクチュアリの残りを見た。
熱い話だったなー。
最後の話が30分しかなくて残念だ。

◾️100の思考実験
もっともらしい話
-進化論ですべて説明できるか？

◾️雑学
・八重歯は、なぜ女性に多いのか？
・瞳が黒く見えるのは、黒色だからではない。なぜか？
・青い目の人はサングラスを手放せない。なぜか？
・子どもの目は、なぜ澄んでいるか？
・なぜ、緑は目にいいか？
・目隠しして歩くと、なぜ出発地点に戻ってしまうか？
・なぜ皇居1週のランナーは左回りが多いか？
・運動をしないと、カルシウムを摂っても骨は痩せ細る。なぜか？

◾️哲学者の言葉366
22℃ 足立区 東京都 日本"
2023-06-01,"山崎さんから、豊田さんが7:30頃バイクのオイルを入れていた。仕事中なんだから、そこはしっかりやるべきだとのこと。もっともな意見だと思う。

◾️100の思考実験
邪悪な天才
-芸術と道徳は両立できるか？

◾️雑学
・折れた骨はどのようにしてもとに戻るか？
・顔は、なぜ赤くなったり青くなったりするか？
・酔ってくだを巻く白人はほとんど見かけないのか？
・同じ親から生まれた兄妹の見た目が同じではないのは、当然か？
・夏になると、なぜ、健康な人でもすぐバテるのか？
・酒を飲みすぎると、なぜ肝臓がやられるのか？
・女性の方が、ストレス強いのはなぜか？

◾️哲学者の言葉366
22℃ 三郷市 埼玉県 日本"
2023-06-02,"成田メタルの玉置さん、前田専務を「お前」呼ばわりして大問題。そして、適応障害を訴えてきそう。そして、私がめんどくさくなりそう。

高所作業車の資格1日目。

「飾らない人」ってゆう表現、一歩間違えると嫌みというか悪口に聞こえるっていうか。外見を気にしない人、タメ口な人、違う意味のサバサバ系な人、みたいな。

◾️100の思考実験
幻想を破る
-真実をどう見わければいいのだろう？

◾️雑学
・トウガラシをたくさん食べる人は、なぜ太らないのか？
・なぜ、年を取ると昔のことしか思い出せなくなるか？
・なぜ、蕎麦殻の枕がいいか？
・ひじをぶつけるとしびれる。なぜか？
・みぞおちを打たれると気絶するほど痛い。なぜか？
・無理なダイエットをしていると心臓が止まることがある。なぜか？
・氷点下の寒気を吸い込んでも、なぜ、のどの毛細血管は凍りつかないのか？

◾️哲学者の言葉366
23℃ 足立区 東京都 日本"
2023-06-03,"高所作業車の2日目。
実技の練習ではほぼノーミスだったのに、中村さんに「試験に落ちたら再試験で、そのお金は自腹だから」って冗談を言ったせいか、自分の実技テストの時に頭が真っ白になってミスをしまくった。
不思議なものですね。

◾️100の思考実験
生の宣告
-永遠の命は喜ばしいだろうか？

◾️哲学者の言葉366
24℃ 草加市 埼玉県 日本"
2023-06-04,"特に何もしない1日でゆっくりでした。
昨日は19時にヨギボーで寝てしまって5時に起きた。

◾️100の思考実験
随伴現象者たちの星
-思考が先か？行動が先か？

◾️哲学者の言葉366
24℃ 足立区 東京都 日本"
2023-06-05,"成田メタルで藤原先生を交えて、玉置さんの処遇を話し合った。
玉置さんはやはりどうしようもないなと思った。早く辞めさせればよかったのに。

◾️100の思考実験
箱の中のカブトムシ
-言葉には意味があるのだろうか？

◾️哲学者の言葉366
26℃ 足立区 東京都 日本"
2023-06-06,"玉置さんからFAXがきた。
内容は退職だったけど、弁護士からFAXだから少し驚いた。
退職代行サービスを利用したらしいけど、結局自己都合退職で揉めなさそうで良かった。
前田専務的には言われたたまんまで逃げられた感覚はあるのかもしれないが、それはそれで。

◾️100の思考実験
シモーヌに自由を
-コンピューターは心を持てるか？

◾️哲学者の言葉366
19℃ 足立区 東京都 日本"
2023-06-07,"新しく入った佐藤さんと善方さんと一緒に成田メタルに行った。
車内で善方さんが先輩風を吹かせて、「近藤さんは〜」とか「金田さんはから〜」と言ってた。微笑ましかったなー。
2人とも長く続いてくれるといいですね。

◾️100の思考実験
まるを四角にする
-信仰と理性は折り合えるのか？

◾️哲学者の言葉366"
2023-06-08,"埼京会と埼玉部会の総会と懇親会に参加した。
リバーの上田さんの隣で、楽しく2時間を過ごすことができた。
ただ、上田さんって仕事に対して前向き過ぎてキラキラしてて眩しかったなー。

◾️100の思考実験
ビュリダンのロバ
-合理性はつねに合理的だろうか？


◾️哲学者の言葉366"
2023-06-09,"土浦で平田さんと林さんと打合せをした。
10tコンテナを土浦に常駐させる予定。


◾️100の思考実験
痛みの痕跡
-痛みはなぜ辛いのだろう？

◾️哲学者の言葉366"
2023-06-10,"新しいヤードの整理を行なった。
鉄板を駐車場から新しいヤードに持っていくだけで1日かかった。
大変だったなー。

◾️100の思考実験
義務を果たす
-道徳は結果がすべてだろうか？

◾️哲学者の言葉366
22℃ 足立区 東京都 日本"
2023-06-11,"何もしない1日だった。
安全鋼板立てるように色々と道具を買った。
マキタのインパクトが値上がりしてた。
ゆっくりできた。

◾️100の思考実験
ただ乗り
-自分ひとりくらいはいいだろうか？

◾️雑学
・スピーチの順番が迫ると口が乾いてくるのはなぜ？
・腎臓でろ過された水分は全てが尿になるのではない。なぜか？
・病気になりたくなかったら「腹を立てない」は本当。なぜか？
・火事場のバカ力は、ひ弱なあなたにも訪れる？
・100メートル走のチャンピオンは、なぜマラソンで勝てないか？
・長い時間正座をしていると、なぜ、しびれるか？

◾️哲学者の言葉366"
2023-06-12,"前田専務と北山さんと千葉県庁の廃棄物指導課に行った。
基本的に役所仕事だから、こちらからの提出物に対して判断するというスタンスだった。
この前来た「環境と開発」っていうコンサル会社の費用が300万超えだったのは驚いた。絶対に許可が取れると言うのなら安いとは思うけど、絶対とは言えないだろうからなー。

◾️雑学
・薄着をすると、なぜ風邪を引きやすくなるか？
・風邪を引くと、なぜあごのリンパ節がはれるのか？
・向こうずねや睾丸を打たれると、なぜ強烈に痛いのか？
・長湯をすると、なぜ指先にシワが増えるのか？
・なぜ、腹いっぱい食べることを「たらふく」というのか？
・気持ちが落ち込んでいる時は、暗い音楽を聴く方が良い？
・なぜ、のどちんこが喉の奥にぶら下がっているのか？
・年を取ると、なぜ老人の声になってしまうのか？
・血は赤いにに浮き出た血管が青いのは、なぜか？
・解熱剤を飲むと風邪が治りにくくなることもある。なぜか？
・なぜ、飲み薬より注射や坐薬の方が早く良く効くか？
・1歳までの乳幼児にハチミツは危険である。なぜか？
・トランプの「神経衰弱」、なぜ子どもの方が強いか？
・くしゃみに混入する風邪ウイルスをマスクで防げるのか？
・足を伸ばして上体起こしの腹筋運動をしてはいけない。なぜか？

◾️100の思考実験
依存する生命
-他人の命を終わらせることを正当化できるか？

◾️哲学者の言葉366
22℃ 三郷市 埼玉県 日本"
2023-06-13,"新しい駐車場にトラックを停める件で、林さんと村松さんとの間で上手に立ち回れなくて凹んだ。もっと上手くやれたのになー。

◾️雑学
・酔っ払いは、なぜ、よくしゃっくりをするか？
・男の子を身籠ると母親の顔はキツくなるのはなぜか？
・男性は2〜3億個という膨大な数の精子を射精するのはなぜか？
・卵子が受精するのは1個の精子なのに、なぜ100個もの精子が到達するのか？
・子供の体温は、なぜ大人より高いのか？
・まゆ毛やまつ毛は、なぜ髪の毛のように長くならないか？
・赤ん坊の肌は、なぜみずみずしいか？
・熱が出る前に、なぜ寒気がするのか？
・口に入れた食べ物は30回以上噛むべきである。なぜか？
・女性はなぜ、甘い物が好きか？
・生命科学では私とあなたは99.9％同じ。なぜか？

◾️哲学者の言葉366
25℃ 足立区 東京都 日本"
2023-06-14,"佐々木さんと篠ちゃんとdaikichiに結構いたなー。楽しかったです。
何かカラオケとかしたし。
その後、佐々木さんとルージュへ。

◾️雑学
・なぜ寿司屋では、酢飯のことをシャリというのか？
・寿司屋に、なぜガリが置いてあるのか？
・寿司屋の「あがり」は、なぜあんなに熱々か？
・山岳地帯の縄文人はどうやって塩を手に入れたのか？

◾️100の思考実験
記憶は作られる
-自己は記憶でできているのか？

◾️哲学者の言葉366"
2023-06-15,"鉄リの全国大会に前乗り。
馬刺しは美味しかったなー。
あと天草大王の唐揚げも美味しかった。
あとキャバクラがとにかく安かった。
良い人ばかりでした。

飛行機がとにかく揺れて、本当に気を失いそうになった。
同じ機内の子供が泣き叫んでて「帰りたーい！」って言ってて、ホントに納得した。

◾️雑学
・懐石料理は、なぜ、懐に石と書くのか？
・緑黄色野菜をたくさん摂ると、なぜガンにかかりにくくなるのか？
・ヤマイモやサトイモを食べるとかゆくなる。どうすればいいか？
・ヤマイモは、なぜすりおろして食べるのか？
・マウドナルド・ハンバーガーはなぜ「マクドナルド」か？
・タマネギの茶色の皮には痩せる効果がある？
・涙なしでタマネギを切る。誰でもできるやり方は？
・昔は玄米を食べて胃なのに、なぜ秀吉以降は白米か？
・料理の「さしすせそ」には、どんな理由があるか？
・納豆100グラムにはものすごい数の菌がいる。どれくらいの数か？
・酒席の前に牛乳を飲むと、なぜ悪酔いしないか？
・酢を飲むと、なぜ疲れが取れるか？
・はじめタマネギはコレラの特効薬だったか？
・なぜ、しじみ汁は肝臓に効くのか？
・コーヒーが苦く感じる日はストレスが溜まっている。なぜか？

◾️100の思考実験
テロ予告
-場合によって拷問は許されるのだろうか？

◾️哲学者の言葉366"
2023-06-16,"やっぱダイワロイネットは最高ですね。バスとトイレが別だったし、ベッドも大きかった。
熊本城に行こうと思ったけど、入場料はらわなきゃいけないんだけど、現金を全然持って行ってなくて断念した。
でも、現金持ってなくても何とかなったし、基本常務がぜんぶ払ってくれた。

鉄リの全国大会の本番。
上田さんが心霊体験の話をしてて、結局は体調を整える薬とお酒を飲んだら幻覚が見えたとの話だったんだけど、上田さんが「夢だったのか夢じゃなかったのか、わからなかった」って話をしてたから、俺が「トトロみたいですね」って言ったら、その場にいたキャバ嬢も含めて全員に無視と言うかスルーと言うかだった。久しぶりにここまでスルーされて、思わず笑っちゃいました。


家着いて行って良いですか？をホテルで見た。
銀座のホステスの話で、銀座でホステスをやるなら、スカウトされないと働けないって話があって、そうゆものなのかなって思った。
銀座は座って5万、ボトル入れて10万が相場って言ってて、確かにそうかもなって思った。


◾️雑学
・白い小麦粉から作るのに、なぜラーメンは黄色か？
・濃口と薄口では、薄口しょうゆ油の塩分が濃い。なぜか？
・マツタケは「虫食い」の方がうまい。なぜか？
・白い大根を煮ると、なぜ半透明になるか？
・夫婦ゲンカをして大根をおろすと辛くなる。なぜか？
・フグ料理屋の暖簾に、なぜ「鉄砲」と書いてあるか？
・フグの毒で、なぜ巨大なクジラでもやられてしまうのか？
・パンは焼くと硬くなるのに、なぜ餅は柔らかくなるか？
・固茹で卵の黄身の表面が黒縁になるのはなぜか？
・トンカツには、なぜ、キャベツの千切りが添えられているか？
・なぜ、ドーナッツは真ん中に穴が開いているか？
・冷蔵庫に卵を保存する時は尖った方を下にする。なぜか？
・白菜漬けは塩漬けなのに、なぜ酸っぱいか？
・料理屋で出される紙鍋は、なぜ燃えないか？

◾️100の思考実験
公式ニュースの発表
-言論の自由とはなんだろう？

◾️哲学者の言葉366
21℃ 熊本市中央区 熊本県 日本"
2023-06-17,"熊本から帰ってきた。
ずっと食べて飲んでだった。
ずっとお腹いっぱい。
まじ痩せようと思ったし、毎日のTODOをまた始めようと思った。

◾️雑学
・なぜ、ドジョウ料理を「どぜう料理」というのか？
・なぜ、ビアホールで飲むビールは美味いのか？
・ビールでは体の渇きはいやせない。なぜか？
・飲み屋のちょうちんは、なぜ赤い色か？
・「イギリスの人は紅茶、イタリア人はコーヒー」には理由がある。なぜか？
・ヨーロッパで食べる日本料理はまずい。なぜか？
・なぜ、柏餅や桜餅に葉っぱを巻くか？
・「雨水はまずく、地下水はうまい」のはなぜか？
・海洋深層水が体にいいと言われるには、なぜか？
・なぜ、沸騰させた水で作った氷は溶けにくいのか？
・なぜ、海藻を食べると生活習慣病になりにくいのか？

◾️100の思考実験
わたしを責めないで
-責任はどこまで自分にあるのか？

◾️哲学者の言葉366
21℃ 熊本市中央区 熊本県 日本"
2023-06-18,"疲れすぎていたせいか、昨日の16時ぐらいから今日の6時まで一気に寝た。
寝過ぎて頭がぼーっとします。
銀座にパンケーキを食べに行った。

◾️雑学
・疲れると、なぜ甘いものを食べたくなるか？
・うどんを茹でる時は塩を入れ、そばには入れない理由は？
・カンテンとトコロテンは、どこが違うか？
・渋柿を干し柿にすると、なぜか渋みが消えるか？
・あんぱんに、なぜヘソがあるか？
・サラダにかまぼこを入れると、なぜ固くなるか？
・本当の雑食人種は中国人より日本人？
・生椎茸より干し椎茸の方が体にいい？
・豆腐は新鮮なのに、なぜ「豆」が「腐る」か？
・なぜ、関東の味付けは濃く、関西は薄味か？
・なぜ、薬は冷蔵庫にしまっておくのが良いのか？
・なぜ、鯖寿司のことをバッテラというか？
・豆腐の味噌汁に、なぜワカメを入れるか？
・豆腐、納豆、揚げ、枝豆など大豆食品を食べると脳によい。なぜか？
・なぜ、まな板は熱湯より水で洗う方がいいか？

◾️100の思考実験
最後の手段
-テロリストを非難すればそれでいいのか？

◾️哲学者の言葉366"
2023-06-19,"◾️雑学
・なぜ、同じ木から採れるのに、赤コショウ、黒コショウ、白コショウか？
・尾頭つきの正しい食べ方を知ってる？
・なぜ「腐っても鯛」か？
・めでたい日に、なぜ赤飯を食べるのか？
・和がらしは、なぜお湯で溶いた方が辛いか？
・コンブだしはあるのに、なぜワカメだしはないか？

◾️100の思考実験
予防的正義
-罪を犯しそうな人を罰してよいか？

◾️哲学者の言葉366"
2023-06-20,"◾️100の思考実験
わたしは脳である
-わたしは脳だと言ってよいのか？

◾️哲学者の言葉366"
2023-06-21,"◾️100の思考実験
検査員の訪問
-言葉は厳密に解釈すべきなのだろうか？

◾️哲学者の言葉366"
2023-06-22,"◾️100の思考実験
ギュゲスの指輪
-自分はどこまで道徳的だろう？

◾️哲学者の言葉366"
2023-06-23,"◾️100の思考実験
自然という芸術家
-自分はどこまで道徳的だろうか？


◾️哲学者の言葉366"
2023-06-24,"◾️使いたいフレーズ
長くてつまらない話が続いてる時に、
「この話ずっと聞けるほど、人材長くないぞ！」

◾️100の思考実験
青を獲得する
-経験なしに何かを学習できるか？

◾️哲学者の言葉366
29℃ 足立区 東京都 日本"
2023-06-25,"まったく何もしない1日で良かった。

◾️100の思考実験
金を取って逃げろ
-自由意志は未来を変えられるか？

◾️哲学者の言葉366
26℃ 足立区 東京都 日本"
2023-06-26,"裏のヤードの整備1日目。
木の根っこが手強かった。
まだ終わらないけど。

◾️100の思考実験
きたるべき衝撃
-過去の約束はどこまで守るべきか？

◾️哲学者の言葉366
25℃ 足立区 東京都 日本"
2023-06-27,"頭が良い人が話す前に考えていることという本を読んだ。
余計な事は言わない、つまり自分の知識をひけらかすようなことは言わない。
何かそういう事が自分にもあるから気をつけなきゃなと思う。

◾️100の思考実験
死が二人を分かつまで
-互いが利益を得るにはどうしたらいいか？

◾️哲学者の言葉366
29℃ 三郷市 埼玉県 日本"
2023-06-28,"トイレのホースを借りっぱなしにしたら怒られた。
勝手に工事始めやがってと怒ってるらしい。
どちらも豊田さん。
言いたいやつには言わせとけばいい。と本当に思う。

◾️100の思考実験
目に見えない庭師
-神は存在するのだろうか？

◾️哲学者の言葉366
26℃ 足立区 東京都 日本"
2023-06-29,"◾️100の思考実験
二人のデレク
-人の継続性には何が必要だろう？

◾️哲学者の言葉366"
2023-06-30,"善方さんとセコム越谷に引取りに行った。
コインケースとかいう名前はカワイイのに、重さが200kgぐらいあるものを5個積み込んだ。メチャ重くて汗が止まらなかったなー。

◾️100の思考実験
ウサギだ！
-言葉の意味はどのように決まるのか？


◾️哲学者の言葉366
27℃ 足立区 東京都 日本"
2023-07-01,"鋼板を建て始めたけど、色々ミスってすごい疲れたなー。

◾️100の思考実験
合理性の追求
-理性はいつでも正しいのだろうか？

◾️哲学者の言葉366
27℃ 足立区 東京都 日本"
2023-07-02,"島忠にラチェットとかを買いに行って、ついでに汗拭きシートを買った。レジで小さめの紙袋を渡されたんだけど、生理用品的な？物と勘違いされたのかな。

◾️100の思考実験
49.部分を寄せ集めた時の落とし穴
-心は一つの対象物なのだろか？

◾️哲学者の言葉366
29℃ 草加市 埼玉県 日本"
2023-07-03,"安全鋼板7日目。
だいぶ形になってきた。
コレを3日で終わらせた土浦の皆さんの凄さがわかります。

◾️100の思考実験
50.善意の賄賂
-目的が善なら道徳を曲げてもよいか？
30℃ 三郷市 埼玉県 日本"
2023-07-04,"TRIworksの市原で終日現場作業。
ほとんどユンボの作業だったから、あんまりやることなかったなー。
佐々木くんと、中村さんがケンカって言うか気まずくなって大変そうだなー。

◾️100の思考実験
51.水槽の中の脳
ーこの世界は幻想なのだろうか"
2023-07-05,"市原の現場3日目。
コンガラの運搬で5往復した。
カンナっていう処分場でしたけど、受付の女性の1人が可愛げでした。
朝の雨が上がって、日が出て来たらメチャ暑くなったなー。

◾️100の思考実験
52.多くとも少なくても
ー全体の幸福とはなんだろう？"
2023-07-06,"セブンイレブンでカップラーメン買ってお湯を入れてたら、誤って左手に熱湯をかけてしまった。結構な火傷をしてしまって、水膨れとかすごいできてしまった。
火傷って痛いし、跡になるし。
何か火傷って怖いなって思った。

◾️100の思考実験
53.つかみどころのないわたし
ー自己は存在するのだろうか

◾️哲学者の言葉366"
2023-07-07,"今日はコンサル会議があったから、市原の現場には行かなかった。
何か色々追加とか購入するものが多くて、ちゃんと利益が出るのか心配になる。

◾️100の思考実験
54.ありふれた英雄
ー道徳的行為と英雄的行為はどう違う？

◾️哲学者の言葉366
27℃ 足立区 東京都 日本"
2023-07-08,"久しぶりにコマニーお台場の仕分け作業をやった。久しぶりに行ったら、あんまり荷物がなかったなー。
古賀？さんが大きな声を出していて何か嫌だなと思った。

◾️100の思考実験
55.二重のやっかい
ー意図はなぜ重要なのだろう？

◾️哲学者の言葉366
30℃ 三郷市 埼玉県 日本"
2023-07-09,"電気の確認で停電作業に立ち会い。
2時間ぐらいで終わったけど、何もしなかった。ドラクエウォークをやってたぐらいでした。

◾️100の思考実験
56.ピリ辛のミートシチュー
ーペットの肉を食べるのは悪いことか？

◾️哲学者の言葉366
31℃ 三郷市 埼玉県 日本"
2023-07-10,"「真夏のシンデレラ」を見てみた。
森七菜が可愛かった。
何か切なかった話だっけど、間宮祥太朗がかっこよかったなー。


◾️100の思考実験
57.神の命令
ー信仰とは神に従うことか？

◾️哲学者の言葉366
28℃ 足立区 東京都 日本"
2023-07-11,"火傷の病院に行った。
軽く皮膚がえぐれてて触ると痛めだった。
まぁ薬塗って安静にしておくしかないけど、明後日から解体の仕事で手袋はめるなー。

◾️100の思考実験
58.コウモリであること
ーなぜ脳が心を生み出すのか？

◾️哲学者の言葉366
29℃ 足立区 東京都 日本"
2023-07-12,"アメリカのレストランでは、日本のように手をあげて店員を呼んだり、「すいません」って言って店員を呼んではいけないらしい。
アメリカではせっかちな客だ、とか傲慢な客だと思われるらしい。
やっぱ文化の違いって難しいね。

三郷の課長会議だった。
豊田さんがもっと噛み付いてくるかと思ったけど、しっかり断ったらトーンダウンした。
まぁ明日とか色々言うんだろうなと思う。

◾️100の思考実験
59.無知のヴェール
ー公平さとはなんだろう？

◾️哲学者の言葉366
31℃ 足立区 東京都 日本"
2023-07-13,"りゅうちぇるが亡くなってしまったらしい。
こうゆう芸能人などの著名人が自殺すると、こぞってTwitterなどの SNSで、故人に呼びかける風潮なんなんだろう。
気持ち悪いなって思う。

◾️100の思考実験
60.幸運のルーレット
ー過去に起きたことの確率はずっと同じだろうか？

◾️哲学者の言葉366
30℃ 足立区 東京都 日本"
2023-07-14,"市原の現場で内装解体が始まった。
中村さんに色々教わったけど、石膏ボードを剥がす作業やったけど、結構パワーでいっちゃえばいいんだなと思った。

手と足がメチャクチャ攣ってしまった。
中村さんに笑いながら「熱中症かなー」とか言ってたら、鈴木さんに「熱中症だよ」って言われた。
あんま自覚なかったなー。

明日休みたいから18時までしっかりやったなー。1451に石膏ボード積んで、会社帰って荷下ろししたら、20:30だった。
もっと遅いかと思ったら、結構普通な時間に帰ったなー。

◾️100の思考実験
61.わたしは考える、だから？
ーわたしはつねにわたしだろうか？

◾️哲学者の言葉366"
2023-07-15,"よく寝た1日でした。


◾️100の思考実験
62.知ってはいない
ーたしかた知識とはなんだろう？

◾️哲学者の言葉366"
2023-07-16,"今日もよく寝た1日でした。
一歩も外に出ずに過ごせた。
本もたくさん読めて良かった。
明日からの解体頑張ろうと思う。

◾️100の思考実験
63.つぼみを摘む
ー違法行為が許される場合とは？

◾️哲学者の言葉366
33℃ 足立区 東京都 日本"
2023-07-17,"海の日

市原の現場だった。
中村さんが屋根材を剥がしてた時に、屋根ごと滑って危うく大事故になるところだった。
ホントにドキドキして、俺も死ぬかと思った。
帰りにはボルボに突っ込みそうになったし、やはりもう一度安全について見直していきたい。

◾️100の思考実験
64.宇宙の中の自分の大きさ

◾️哲学者の言葉366
ー人の価値は相対的に決められるのか？
33℃ 足立区 東京都 日本"
2023-07-18,"屋根のアスベストはとりあえず剥がし終わった。ただ今は2階に溜めてるけど、どうやって下そうかなと考える。


◾️100の思考実験
65.魂の力
ー生まれ変わりはありえるのだろうか？

◾️哲学者の言葉366
31℃ 足立区 東京都 日本"
2023-07-19,"風が強くて足場がグラグラして怖かったなー。何か毎日面白ハプニングがある。

◾️100の思考実験
66.構造画家
ー芸術作品の価値は何で決まるのだろうか？

◾️哲学者の言葉366
29℃ 足立区 東京都 日本"
2023-07-20,"別にいいんだけどって話。
今日お昼のお弁当を、私が注文して、私が取りに行って、私がお金払ってって感じだったんだけど、鈴木さん飲み物ぐらい買ってくれてもいいのになと思った。
お弁当代は別にもらうつもりはなかったけど、財布出すぐらいの動きがあってもいいと思うのです。

◾️100の思考実験
67.多文化主義のパラドックス
ーどうすれば異文化を尊重できるのか？

◾️哲学者の言葉366
30℃ 市原市 千葉県 日本"
2023-07-21,"佳奈が東京に来てるらしく、あかりちゃんと会うって言ってた。
2人に会いたかったなー

◾️100の思考実験
68.家族が第一
ーすべての人を等しく尊重すべきか？

◾️哲学者の言葉366"
2023-07-22,"10年日記がバグってホント焦った。
今までの記録と苦労が無駄になったかと思った。
直って良かった。

◾️100の思考実験
69.戦慄
ー永遠に繰り返される人生に耐えられるか？

◾️哲学者の言葉366"
2023-07-23,"地域清掃と荷下ろしと引取りで出勤した。
けど、金田さんが引取りを変わってくれたから午前中で終わった。
楽できて良かった。

櫻坂の渡邉理佐卒業コンサートのライブBlu-rayを見た。
全員可愛いんだけど、欅坂時代のいじめ問題を詠んで、斎藤ふゆかが嫌いになった。
冠番組は好きだったんだけどなー。


何も考えずにソフのロシアの国旗が胸にプリントされてるTシャツで外出してしまった。
気づいたら時には遅かったです。

◾️100の思考実験
70.中国語の部屋
ー心を持つとはどういうことだろう？

◾️哲学者の言葉366
32℃ 足立区 東京都 日本"
2023-07-24,"朝起きたら体の疲労感がハンパなかった。
思わず市原の現場で寝ちゃったよね。

◾️100の思考実験
71.生命維持
ー患者の苦しみを救うには？

◾️哲学者の言葉366
29℃ 足立区 東京都 日本"
2023-07-25,"久しぶりに10tAR乗ったら、目線が高かったのと感覚がつかめずに慣れるまで怖かったよね。

◾️100の思考実験
72.パーシーに自由を
ー動物の権利をどこまで認めるのか？

◾️哲学者の言葉366
32℃ 足立区 東京都 日本"
2023-07-26,"鴇田さんからの依頼で酒屋のタルの解体の下見に行った。
目的地までの道中で、玉置さんの話になって、みんなで爆笑した。
笑えるようになって良かった。

◾️100の思考実験
73.目が見えているもの
ー私的感覚とはなんだろう？

◾️哲学者の言葉366"
2023-07-27,"久しぶりににルージュに行った。
みさきさんが岡部さんにジャケットの事を何て言う？って素で聞いててマジ怖かった。
エレベーターでその話をしたのに。
10:30にルージュを切り上げて、さっちゃんお店に軽く飲みに行った。
相変わらずさっちゃんは話しやすかったなー

◾️100の思考実験
74.亀の徒競走
ーパラドックスはなぜ生まれるのだろう？

◾️哲学者の言葉366"
2023-07-28,"市原の現場がほぼ終了した。
長かったようなあっという間だったというか。
とにかく暑かったなと。

◾️100の思考実験
75.木馬で賭けに勝つ
ー知っているとはどういうことか？

◾️哲学者の言葉366"
2023-07-29,"午後お休みをもらった。
とにかく眠かった。

◾️100の思考実験
76.ネットで頭脳
ー蓄えた知識は教養だろうか？

◾️哲学者の言葉366
30℃ 足立区 東京都 日本"
2023-07-30,"漫画「タッチ」の題名の由来は、和也から達也への「バトンタッチ」の意味らしい。
初めて知ったけど、すべて繋がるいい伏線回収？なのかなと思う。

◾️100の思考実験
77.身代わり
ー規則を破ってもいい場合とは？

◾️哲学者の言葉366
35℃ 足立区 東京都 日本"
2023-07-31,"成城大学に鹿島さん宛の荷物を届けに行った。
所長の方は愛想が悪かったなー。
何か嫌な感じでした。
帰りが2時間かかって運転してた佐々木さんは大変だっただろうなー。

◾️100の思考実験
78.神に賭ける
ー神の存在に賭けて良いのか？

◾️哲学者の言葉366
29℃ 足立区 東京都 日本"
2023-08-01,"特に問題のない1日だった。
真夏のシンデレラが面白いんだけど、間宮祥太朗がいい人で、あんな人になりたいなと思った。ファッションもいいなと思う。

ほっともっとの唐揚げ弁当が抜群に美味しい

◾️100の思考実験
79.時計じかけのオレンジ
ー犯罪防止のための洗脳は許されるのか？

◾️哲学者の言葉366
27℃ 足立区 東京都 日本"
2023-08-02,"何の思い出もない普通の1日。


◾️100の思考実験
80.心と頭
ー良い行いとはなんだろう？

◾️哲学者の言葉366"
2023-08-03,"家族がディズニーに行ったので、パッチと1日一緒にいた。
櫻坂のAs you knowライブのDVDを見た。
カッコよかったねー
菅井友香の卒業コンサートも一緒だった。
何か色々あったことを聞くと、よく頑張ったねーって感じだった。

◾️100の思考実験
81.感覚と感受性
ー聞く人がいなくても音はするのか？

◾️哲学者の言葉366
34℃ 足立区 東京都 日本"
2023-08-04,"佐々木さんに誘われて、飲みに行った。
吉川で飲んだんだけど、途中常務も呼んでカラオケパブ的なところに行った。
楽しかったなー。
2時頃佐々木さんにおそらく南越谷のお姉さんから電話があって、そっちに行ったけど、それはそれで面白かった。
あいつもなるなーって思った。

▪️100の思考実験
82.悪夢のシナリオ
ーこの現実は夢なのだろうか？

◾️哲学者の言葉366"
2023-08-05,"マズイお酒を飲んだせいか、二日酔いで会社に行けなかったなー。

◾️100の思考実験
83.黄金律
ー減速をどこまで守るべきだろう？

◾️哲学者の言葉366"
2023-08-06,"りんかがワキガらしい。
コレばっかりは手術してすぐにでも治してあげたいよね。

◾️100の思考実験
84.楽しみの法則
ーどんな快感を選ぶべきか？

◾️哲学者の言葉366
28℃ 足立区 東京都 日本"
2023-08-07,"取手の残地物撤去作業をやった。
重量物を上げる時のやり方を学んだ。
田中さんは経験もあるからよく知ってたなー。
絶滅危惧種の空気を入れるダッチワイフとか「純子」と名付けられたオナホとかがあって、かなり年季の入った会社なんだなーって思った。


85.どこにもいない男
ー真でも偽でもない文とは？

◾️哲学者の言葉366
30℃ 足立区 東京都 日本"
2023-08-08,"午後はほとんど寝てしまった。
天海祐希が言ってた、日々全力で生きることをできなかった。
明日からまた頑張る。

◾️100の思考実験
86.芸術のための芸術
ー見る人のいない美術作品は芸術か？

◾️哲学者の言葉366
30℃ 足立区 東京都 日本"
2023-08-09,"カツ丼、天丼、鰻重など何でもいいんだけど、丼物には必ず漬物が付いてくる。
コレを食べるタイミングがよくわからない。
一番最初に食べている人がいたけど、それは違うと思った。

▪️使いたいフレーズ
「原点にして頂点」
「開幕」

◾️100の思考実験
87.モッツァレラチーズでできた月
ー証拠があれば事実と言えるのか？

◾️哲学者の言葉366
30℃ 草加市 埼玉県 日本"
2023-08-10,"午前中は寝てた。
佐々木さんから一部の給与を別口座に入れて欲しいと依頼があった。
あえて理由は聞かなかったけど、おそらくキャバクラの支払いとかなんだろうなと思った。
間違ってるかもしれないけど。

◾️100の思考実験
88.記憶抹消
ー記憶が人の同一性を決めるのか？

◾️哲学者の言葉366
28℃ 足立区 東京都 日本"
2023-08-11,"山の日
部屋の掃除とかをした。
ゆっくりとした夏季休暇初日。
いいことだなー。


◾️100の思考実験
89.水はどこでも水なのか？
ー言葉の意味は頭の中にもあるのか？

◾️哲学者の言葉366
30℃ 足立区 東京都 日本"
2023-08-12,"◾️100の思考実験
90.正体がわからないもの
ー物のほんとうの姿とは？"
2023-08-13,"◾️100の思考実験
91.誰も傷つかない
ー信頼とはどういうことか？"
2023-08-14,"会社の休みがあと3日で終わる。
休みが常に欲しいですよね。

◾️100の思考実験
92.火星への旅
ー人格の同一性とは何か？

◾️哲学者の言葉366
29℃ 足立区 東京都 日本"
2023-08-15,"嫌いなCMの話
・チョコザップ
あんなスーツでやる人いる？
それで靴とかどうなってるのかな？
神経質な人は行けないと思う。
5分で運動って！
それを運動と言うのかな。

・AC
この声を男性と聞きましたが？女性と聞きましたが？
何かすごい違和感。
偏見を持ってるという前提で話されてるのが何か気になる。
上からがひどいね。

◾️100の思考実験
93.ゾンビ
ー他人に心があるとなぜわかるのか？

◾️哲学者の言葉366
29℃ 足立区 東京都 日本"
2023-08-16,"◾️100の思考実験
94.一粒ずつの課税
ー言葉には曖昧さが必要なのか？"
2023-08-17,"◾️100の思考実験
95.悪の問題
ー世界はなぜ苦しみに満ちているのか？"
2023-08-18,"◾️100の思考実験
96.狂人の痛み
ー痛くない痛みはありえるのだろうか？"
2023-08-19,"主任研修2日目。
酒が残ってる感じがして、朝は浅草に行かなかった。

◾️100の思考実験
97.道徳的な運
ー結果は道によって決まるのか？

◾️哲学者の言葉366"
2023-08-20,"日本橋でラーメンを食べた。
「京都銀閣寺ますなに」
美味しかったなー。
近くに2件、行列のできてるお店があった。
行ってみたいなと思ったし、日本橋もいい感じだと思った。


◾️100の思考実験
98.経験機械
ー約束された幸福は幸福だろうか？

◾️哲学者の言葉366
31℃ 足立区 東京都 日本"
2023-08-21,"午後はダラダラして三郷に行かなかった。
またやる気が出ない時期ですね。

◾️100の思考実験
99.平和の代償
ー犠牲者の数だけが問題なのか？

◾️哲学者の言葉366"
2023-08-22,"穏やかな会社での生活でした。

◾️100の思考実験
100.喫茶店で暮らす人たち
ーわたしたちも搾取の加担者だろうか？

◾️哲学者の言葉366"
2023-08-23,"誰でも次善の策を持つべきだ：はい or いいえ？
→いいえ
　常に次善の策はいらないと思います。

慶應が夏の甲子園で優勝した。
何かよかったなとは思うけど、その後応援がうるさかったとか、応援マナーがなってないとかグダグダ言う奴がいて、何だかなーって思った。
でもそんな発言もごく一部なんだろうなと思う。

◾️哲学者の言葉366"
2023-08-24,"創造性に必要なものは？
→ひらめき
　→ひらめにに必要なものは？
　　→色々な経験（静的な物も含む）

城東部会、城北部会、埼玉部会、千葉部会、埼京会の合同納涼会だった。
話が長くて中弛みがありましたね。

◾️哲学者の言葉366"
2023-08-25,"お父さんに何を伝えたいですか？
→感謝しかないです

そう言えば今日ねこ屋に行くような約束をしてましたけど、やっぱりめんどくさくなっちゃったなー。
お金無くなっちゃうよね。


◾️哲学者の言葉366"
2023-08-26,"あなたの人生でいちばん大事なのは何ですか？
→大事な物はないなー

ホントかなーって話
ある親子がディズニーランドに行きました。
子供が手帳を持ち歩いてて、そこにはディズニーのキャラクターのサインが書いてあった。
それを何かの拍子に池に落としてしまった。
ショックで泣いていた子供にキャストが事情を聞いて「何とかします」と言って、その場を収めた。
ホテルの部屋に帰ってみると、その手帳が置いてあって、サインも同じままだった。
でも最後のページに知らないサインがあった。
調べるとそれはティンカーベルのサインで、気づいてみるとその部屋の窓が少し開いていたそうです…。

◾️哲学者の言葉366
32℃ 足立区 東京都 日本"
2023-08-27,"いちばん最近、体を鍛えたのはいつですか？
→3ヶ月前ぐらい。
　TRIworksが始まってやらなくなってしまった。

久しぶりに家と母さんとで昼飯を食べに行った。
もりもり寿司はやはり美味しいと思った。

基本的には世の中のほとんどのことは自分にとってどうでもいいこと。


◾️哲学者の言葉366
28℃ 足立区 東京都 日本"
2023-08-28,"8/31に「スーパームーン」とのことで、Yahoo!ニュースに載ってたが、そのコメント欄で下記のコメントがあった。
どっかの大学の教授らしい。
↓
毎年「スーパームーン」が話題にのぼります。定義はあいまいですが、その年で最も大きな満月がスーパームーンのようです。月の軌道は少しだけ楕円で最も地球から離れると40万km程度、一方、最も近づくと36万kmを切るぐらいです。このとき、満月になると平均の満月よりやや大きく見えます。しかし、実は大きいと感じるのはかなり心理的な影響で、その差はわずか直径で0.05度程度の違いに過ぎません。今年8月31日0時54分に月は近地点を通過し、約10時間後の10時36分に満月（望）となります。このときの地心距離は約35万7300キロメートル、月の視直径は約33分26秒角です。8月31日の満月は、今年2月6日の今年最も遠い満月に比べて視直径が約14パーセント大きくなります。しかしながら、実際の夜空に月を二つ並べて比較することはできないため、その日の月を見ただけで大きさの変化に気づくのは難しいでしょう。

とのこと。
夢とかロマンとかがないなと思った。
まぁ科学者はある意味ロマンチストなのかもしれないけど。

◾️哲学者の言葉366
31℃ 足立区 東京都 日本"
2023-08-29,"夕食に何を食べましたか？"
2023-08-30,"いちばんささやかな楽しみは何ですか？
→運転してて、信号が青が続くこと

TRIworksの仕事横浜のAGCではつり作業。
のみを打ち込んでしまい、取れなくなった。
作業を止めてしまい、申し訳なかったなー。

現場のトイレに行ったら、個室の横でずっとウォシュレットをしてる人がいた。
どんな性癖なんだろう。"
2023-08-31,"いちばん最近出席した結婚式は？
→覚えてない…

今日でとりあえずAGCのはつり作業が終わった。腕と首が痛いです。
手に力が入らないのと、やはり筋力が落ちてるんだなと思った。
29℃ 足立区 東京都 日本"
2023-09-01,"教える方ですか？教えられる方ですか？
→教える方が比較的多いかなー

エアコンが壊れてるからとにかくリビングが暑くて大変です。"
2023-09-02,"あなたの家はきれいですか？
→キレイな方だと思う。
　また5年しか経っていない。

仕事に行ったけど、特にダラダラと過ごした1日でした。
一応みさきさんに連絡して、入院してたってことにしました。"
2023-09-03,"大いなる力を感じるのは、どんな場所ですか？
→まだその経験はない。

事務所の電話の改修工事だった。
なかなか大掛かりでした。

本を3冊読んだ。
「螺旋プロジェクト」はまだ全部読んでないけど、当たり外れが多いなー。

◾️哲学者の言葉366"
2023-09-04,"5年後の自分はどこにいると思いますか？
→三郷営業所にはいないかな

ライトハウスを見た。
同世代の星野源と若林正恭だからか、何か響く番組だなー。大事に見たい番組です。

◾️哲学者の言葉366
28℃ 足立区 東京都 日本"
2023-09-05,"今日は____を学びました。
→今日は、古物商を学びました。

午後有給をとって、エアコンの修理立ち合い。
エアコンの設置場所が悪いらしく、原因が特定できないらしい。
エアコンの場所を変えようかな。

エブエブを見た。
ヒロインに感情移入できなかった。
ヒロインの娘が佳奈にそっくりだった。

ライトハウス③を見た。
「仕事に飽きた」
少しわかる気がする
新しい場所に行きたい
行きたい場所は自分で作るしかない

ライトハウス④を見た。
自分も加害者になってるかもしれない。


◾️哲学者の言葉366
33℃ 足立区 東京都 日本"
2023-09-06,"いちばん最近観たオンライン動画は何ですか？
→エブリシング・エブリウェア・オールアットワンス

ローソンに税金73,400円を払いに行った。現金でしか払えないから、ATMで下ろして出てきたままレジで渡したら、その場でお札の向きを揃え出した。
今やる？？

ISOの内部監査で3コンサルティングの方が来た。一通り終わって、雑談をしてる中で、その方が「今まで練馬に住んでたんだけど、北千住に住まなきゃならない理由ができまして、3ヶ月前から住んでる」と言ってた。あんま深入りしちゃダメだろうなと思ったから、あえて聞かなかったら、その方から「パートナーと同棲することになりまして」と言った。
自分は多様性とか寛容な気でいたけど、「パートナー」って言ったから、もしかしたらこの人ゲイなのかなと好奇な感覚を持ってしまった。
まだまだ全然多様性を受け入れてないなと思った。

◾️哲学者の言葉366"
2023-09-07,"今日着ているもので、いちばん新しいのは？
→古着のTシャツ
　古着が自分の中で流行るかなって思ったけど、全然流行っていない。

建石さんに今週土曜の暑気払い、誰が来るのですか？と聞いたら、「豊田一派以外ですね」と回答があった。
豊田一派:豊田さん、酒井さん、金子さん、金田さん
あたりをそう言ってるのだと思うけど、豊田さん以外は豊田一派と思ってないかもしれないと思った。そうなった場合、豊田さん以外の人はそう思われてて、嫌な思いをする事もあるのかなと思った。

◾️哲学者の言葉366
28℃ 足立区 東京都 日本"
2023-09-08,"誰に嫉妬していますか？
→誰にも嫉妬してないなぁ

体中に何か赤い痒いものがたくさんできてる。
怖いなー"
2023-09-09,"恐怖を感じるとき心に浮かぶのは何ですか？
→「何とかなる！」って思ってる

三郷営業所の納涼会だった。
それなりに盛り上がったのかなって思う。
1次会でしっかり帰ってよかったなって思いました。

◾️哲学者の言葉366
27℃ 足立区 東京都 日本"
2023-09-10,"これは本当に困ったものだ：____。
→右肩の鈍い痛み

ラグビーW杯が始まった。
バスケの次はラグビーです。
こうやってW杯が続くといいですね。

セミが死にそうになってる、または死んでることを「セミファイナル」って言っちゃうやつ。
何かうまいこと言ってる風な感じを出してきて、気に入らない。

田中みなみとしてる夢を見た。
その後、田中みなみの犬とパッチと遊んでた。田中みなみが好きになった。

鷲見玲奈がカワイイ。

◾️哲学者の言葉366
28℃ 足立区 東京都 日本"
2023-09-11,"小学２年生に何かアドバイスするとしたら？
→とにかく目の前のことに熱中して欲しい。

ジャンクスポーツでスポーツ名門高校の体育祭特集をやってた。
自分の高校生の時に、はすってたことを思い出して悲しくなった。
28℃ 足立区 東京都 日本"
2023-09-12,"この瞬間、何を追いかけていますか？
→お腹空いたなと思った。

今日は穏やかな日でした。
車庫証明を吉川警察署に申請した。
すごい事務的な感じでした。

◾️哲学者の言葉366
28℃ 足立区 東京都 日本"
2023-09-13,"ちょっとしたことだけれど、ずっと悩んでいることは？
→建石さんにセクハラ発言をしたこと。
ただ先週の土曜日の三郷全体の飲み会の時に、みんなの前で建石さんにその件で謝ったから、ちょっとスッキリした。

きたっちと2人で飲みに行った。
相変わらず穏やかでただ単純に楽しい時間だった。
また年末に飲みに行かなきゃと思った。


◾️哲学者の言葉366
28℃ 足立区 東京都 日本"
2023-09-14,"ラジオで流れるBPOのCM。
「同じ番組を見て、笑っている人がいる。同じ番組を見て、泣いている人がいる。みんなが安心して見れる番組作りを目指して…」みたいな内容だけど、コレってどうなんだろう。むしろそんな番組って存在するのかな。

「リベンジ」って言葉にモヤモヤする。
松坂から始まった言葉だと思うんだけど、今だと「リベンジ消費」「リベンジポルノ」
何か「リベンジ」の言葉って、強い姿勢とかすごい前向きな姿勢とは、逆にマイナスなイメージとかで、意味が一定してないところにモヤってるのかな。

吉住のラジオを聴いて、面白いなって思ったんだけど、吉住とかバカリズムの考え方とかが面白いって言うか独特なんだけど、それが是となる風潮はそれはそれであんま良くないのかなって思う。
コレも何かモヤモヤする。

◾️哲学者の言葉366
31℃ 足立区 東京都 日本"
2023-09-15,"人生でいちばん大切な人は誰ですか？
→自分だと思う。

鈴木さんのヤバい話
・見積りが甘すぎて工期が伸びる
・お金がなさすぎて、真夏で暑いのに自分の分しか飲み物を買わない
・スマホでオーダーする居酒屋で、説明を受けて「スマホ貸して？」と平気で言う
・コンビニで買い物して「袋入りますか？」と聞かれて、「この量見て、逆に袋いらないと思う？」とか言っちゃう"
2023-09-16,"学校で何を勉強したかったですか？
→法律をもっと勉強しとけばよかったなー

何か事件が起こった時に、その容疑者の事を「キレたら何するかわからない人」って言ってる人がいるけど、そりゃそうだよなって思う。誰もがキレたら何するかわからないと思う。


◾️哲学者の言葉366
29℃ 足立区 東京都 日本"
2023-09-17,"好きなスナック菓子は何ですか？
→堅揚げポテトチップス

いい一日だった。
恵子さんのOutlookを直した。
原因はデータファイルの保存先をOne driveにしてて、 Onedriveとの接続を切ったからうまく起動しなかったからでした。

◾️哲学者の言葉366"
2023-09-18,"敬老の日

◾️何を意味する夢だろう？
高校を休んで、授業についていけなくなるなーって思うのと、休み過ぎて中退になるのかなってなる夢を何回も見る。
何かの予兆なのか。

◾️時間の過ごし方
・VIVANTを一気見した。
　最近のドラマはSNSを使って考察で盛り上がり、実際のドラマを見るパターンなのかなと思う。逆かな？製作者がわざと伏線などを散りばめて視聴者にあえて考察させるようにするといった感じか。
・Light houseを全話見た。
　星野源というよりも若林の成長記録みたいな感じだった。若林の方が内面を曝け出していた気がする。どっかで芸人だから盛り上げなきゃって感じもあったのかな。
・「伝える準備（藤井貴彦）」を読んだ。
　しっかり自分の物にしていこうと思う。

◾️気になるなー
・テレビで緑黄色社会が歌ってた。「サマータイムシンデレラ」っていう、アップテンポの曲なんだけど、ベースの人が曲のテンポ以上にノってる感じっていうか、動きが激しくて何か気になるなー


◾️哲学者の言葉366
29℃ 足立区 東京都 日本"
2023-09-19,"最近開拓した場所はどこですか？
→ほっともっとの唐揚げが一番美味しい

◾️気になるなー
青森の駅弁会社が作ったお弁当を食べた100人ぐらいの乗客が体調不良を訴えてるらしい。
中には「ご飯が糸を引いていた」と言った話もあるらしく、怖いなーって思った。
ただそこのお店が出してるお弁当美味しそうだった。


◾️哲学者の言葉366
29℃ 足立区 東京都 日本"
2023-09-20,"好きなテレビ番組は何ですか？
→日向坂で会いましょう。あちこちオードリー

◾️気になるなー
人を評価？する言葉で「あの人頭いいからなー」って表現。何か気になるなー
このモヤモヤの理由はなんだろう。

耳毛と鼻毛って何で太いんだろう。
毛穴が大きいのからかな。


◾️哲学者の言葉366
26℃ 足立区 東京都 日本"
2023-09-21,"あなたの道はどこにつながっていますか？
→

ISOの審査だった。
問題なく進んで午前中には終わった。
すんなり行って良かった。

関東鉄源の総会に参加。
銅鉄商事の桑原さん、SG社長の塩貝さんと同年代だとういうことがわかった。
急に親近感。

その後ルージュに行った。
みさきさんこワンピースの丈が短かったなー。
28℃ 千代田区 東京都 日本"
2023-09-22,"最近耳にしたなかで、一番ショッキングなニュースは何？
→八重洲の工事現場で落下事故

TRIworksでAGC横浜テクニカルセンターのスレート撤去作業だった。
手際というか、段取りが悪過ぎて時間がかかり過ぎて、何だかなぁって感じだった。

◾️哲学者の言葉366"
2023-09-23,"秋分の日

久しぶりに10時ぐらいまで寝てた。
昨日のTRIworksの仕事が疲れたんだなー。


◾️哲学者の言葉366
23℃ 足立区 東京都 日本"
2023-09-24,"いちばん最近ダンスに行ったのはいつですか？
→ダンスとか苦手です。

三郷市の環境フェスタに参加した。
暇と言うほど暇ではなく、忙しいと言うほど忙しくもなかった。

◾️哲学者の言葉366"
2023-09-25,"貴方は計画的な方？それとも経験や勘でやってしまう方？
→どちらかと言えば計画的にな方かもしれない。

東京オリンピックでスケボーの金メダルを取った女性の解説時の「真夏の大冒険」って言う解説。アレ何なの？
大冒険って！
アジア大会を見て改めて思う。


◾️哲学者の言葉366
23℃ 足立区 東京都 日本"
2023-09-26,"今日は____で楽しんだ。
→

▪️気になるなー
「産業医になってほしい芸人ランキング」
マジでどこで回答を取ったのか。
この回答にどこに需要があるのか？

◾️哲学者の言葉366
22℃ 足立区 東京都 日本"
2023-09-27,"拒否されてもうまく対応できますか？
→できる方だと思う。

ラグビーで「ハカ」をやってる時の相手チームは何を思ってあの時間を過ごしてるのかなー。


◾️哲学者の言葉366"
2023-09-28,"今どのぐらいおなかがすいていますか？
→朝カップヌードルのチリトマト味を食べたから、全然お腹空いてない。

絢子と家事を協力するとかしないとかで、声を荒げてしまったんだけど、まだまだ心の鍛え方が足りないな。
何が気になったんだろう。
言葉尻を捉えて「家事は女性がやるもんだと思ってる」って言われたのが気に入らなかったのか。

◾️哲学者の言葉366
28℃ 足立区 東京都 日本"
2023-09-29,"悪い知らせは遠回しに言いますか？そのまま伝えますか？
→遠回しに伝えるかなー

久しぶりに一日中三郷にいた。
現場にも少し出たけど、荷物が少なかったなー。
ラグビーW杯でサモアに勝った。
ラグビーのアドバンテージが長すぎるって思うんだけど、誰かとこの話を共有したい。



◾️哲学者の言葉366
28℃ 三郷市 埼玉県 日本"
2023-09-30,"マンネリからどう抜け出しますか？
→淡々とやるべき事をやって、時間が解決するのを待つ

朝井リョウの「死にがいを求めていきているの」を読んだ。
「何者」みたいに強烈な承認欲とそれに気づかないままの人達を冷静な視点と言葉で、解きほぐしていくような小説だった。
ナンバーワンよりオンリーワンの時代。ただし「自己責任でね」というフレーズは今の時代をまさに表現してと思った。
朝井リョウの作品はすごい心を抉るし、自分のすぐ横にいる人達や自分だったり、出来事だったりする。距離感が近すぎる。

◾️哲学者の言葉366
27℃ 足立区 東京都 日本"
2023-10-01,"何かのオタクですか？
→何かのオタクになりたいと思っている。

鈴華の誕生日でサンシャインのガチャガチャに行ったら、ワンピースのカードが売ってた。
軽い気持ちで6箱頼んだら30,000円超えて、冷や汗が止まらなかった。後悔がすごかったなー。

ユニクロがディズニーとコラボして、ミッキーのロゴというかイラストが全面にプリントされてるTシャツとかを販売してる。
そもそも大人がミッキーのプリントされてる洋服を着て街を歩いてるのを見たことがない。
ミッキーのプリントが大きくされているTシャツを買った人はどこで着てるのかなって純粋に疑問に思った。

◾️哲学者の言葉366
25℃ 足立区 東京都 日本"
2023-10-02,"熱望しているのは何ですか？
→お金を稼ぎたいね。

スポ根漫画って何だろう？


◾️哲学者の言葉366
24℃ 足立区 東京都 日本"
2023-10-03,"最近いちばんつまらなかった映画は？
→エブエブはつまらなかったと言うか、評価されるポイントがわからなかった。

TRIworksで杉並区の現場を下見に行った。
帰ってきて財布が無いことに気づいて、杉並区まで戻った。無かったから電話しようと車の運転席側の下を見たら、財布があった。
マジで変な汗と安堵感が凄かった。
見つかってよかったー

◾️哲学者の言葉366
24℃ 足立区 東京都 日本"
2023-10-04,"あなたの恋愛事情を３つの単語で表現してください。
→受け身、自己中心的、無関心

アイドルとかグループの1人が何かで取り上げられて、記事とかになると必ず「◯◯は隠れて努力してるから」とか「◯◯は頑張ってるから」とかの発言があるけど、何を知ってるのかって思う。

映画のCMで試写会に来た人の発言を流してるのがあるけど、フィクションの映画に対して「奇跡ってあるんですね」って言って泣いてる人がいたけど、フィクションなんだから奇跡があるのは当たり前だなと思った。

https://news.yahoo.co.jp/articles/577b50f5057403250dc2011c4fd78f027f54fa51
わざわざ難しい言葉使う必要ってあるのかな。

三菱UFJ銀行の担当者が来て、担当が変わるとの話。その雑談の中で、担当の1個上の先輩（26歳ぐらい？）が子供の頃から関東、東京で過ごして働いてて、今回の異動で鹿児島行きを命じられたから銀行を辞めるって話があって、ざわついたらしい。
転勤を素直に受け入れる人と地域を限定される人なら、転勤を受け入れる人が報われるといいなって思うけど、実力が伴わなかったら出世できないんだろうな。
今の頭取は、1〜2年千住中央支店にいてその後はずっと本部勤めらしい。
なんだかなーって思った。

◾️哲学者の言葉366
19℃ 足立区 東京都 日本"
2023-10-05,"あなたを不安にするのはどんな質問ですか？
→将来の目標とか。何もないんだよなー。

鈴木さんのクオリティーで笑った。
鈴木さんが
・半日で終わる→1日以上かかる
・2人で大丈夫→3人以上必要
・経費が例えば6万円→半分以下で大丈夫

中村さんがいない時に、鈴木さんとAGCからテント解体の仕事取れなかったですね、って話をしてて盛り上がってだ時に、中村さんが来て「なになに？」って聞ける人が羨ましい。


◾️哲学者の言葉366
20℃ 足立区 東京都 日本"
2023-10-06,"新しい友人がいますか？
→一番新しい友達は篠田洋輔かな。

恋愛で失敗してる人って、つまり自分を知らなすぎるのかなって思った。

◾️哲学者の言葉366
23℃ 台東区 東京都 日本"
2023-10-08,"いちばん大きな夢は何ですか？
→年商100億円かな

さいたま新都心でプロントに入った。
テレビが点いてて、時間なのかアニメが流れてた。斬新だな。しかも字幕付き。サービス精神なすごいね。ただ、このアニメ何か絵が古い
17℃ さいたま市中央区 埼玉県 日本"
2023-10-09,"スポーツの日

2日酔いで何もできなかった。
もう2日酔いするぐらい飲みたくない。
1日潰れるし、記憶なくてずっとモヤモヤした。"
2023-10-10,"ふと思ったんだけど、
例えばパン好き芸能人とかが、番組でパンの試食を言われた時に
「自分は忖度しないで、まずかったらはっきりと不味いって言っちゃうよ」
っていうくせに、絶対「美味しい」っていうやつ。
アレなんなんだろうな。
その前フリいらないと思うんだけどな。

◾️哲学者の言葉366"
2023-10-11,"素晴らしいと感じるものは何ですか？
→アイドル達

今日だけで砥石の特別講習を受けた。
6時間ぶっ続けでWEBで受けた。
ずっとカメラで録画してるっぽかったけど、色んな事してたからあっと言うまに終わった。

鈴木さんのラーメン屋での暴言、ホントそういう人嫌だなーって思う。

◾️哲学者の言葉366
20℃ 足立区 東京都 日本"
2023-10-13,"____には我慢できない。
→店員さんに横柄な態度をとる人が信じられない

今日はAGCで20000歩近く歩いた。
さすがに足が痛いなー。


◾️哲学者の言葉366
18℃ 足立区 東京都 日本"
2023-10-14,"どんな表現を使いすぎていますか？
→「ヤバい」「マジっすか」「さすが」

お休みをいただいて、ほぼ一日中ゆっくりしてた。読書をほぼしてたけど、良い一日だったなー。
そろそろ情報処理の勉強を再開しなきゃ。

◾️哲学者の言葉366"
2023-10-16,"今日は____時に起きました
→AGCに行くために5時に起きました。

鈴木さんが3日かかる仕事が結局1日で終わった。やはり工程管理が甘いのだろうなと思った。


◾️哲学者の言葉366
21℃ 足立区 東京都 日本"
2023-10-17,"AGCの現場で中村さんが乗ったユンボを倒してしまった。
ケガがなくて本当によかった。
AGCの安全の方が10人ぐらい集まってきてすごい光景だった。
ただほぼおじさんで、こいつらはきっと経験だけで物を言ってくるやつらだなと思った。
青山さんはなんかイキってたけど、違う現場の会社の職長みたいな人に「ユンボの起き上がらせ方が違う」と言われて、シュンとしてた。
イキるからだよと思った。
佐々木所長は隠ぺい体質があるのかなと思った。

青山さんが中村さんに「これだからゆとりは」とか人格を否定するようなことを言ったらしい。今の時代にそんな人がいるんだなと驚くと同時に、死ねばいいのにとも思った。中村さんが録音してたらどうなっていたか。

この話をあやこにしたら「きっと青山さんも後に怒られたり、周りの人がついてこなくなるようなきっと悪いことが起きる」と言われて、そういう考え方もあるなと思ったし、何か気持ちが楽になった。
そうやって相手にも悪いことが起こればいいと思うと、何もかも許せる気がする。"
2023-10-18,"今生きている著名人で、一緒にお酒を飲みたいのは誰？
→大泉洋

社長に昨日の事故の報告を行う際、私がいないことにしてもらって何か申し訳なさと優しさが感じられてありがたいような後ろめたいような。
鈴木さんと中村さんには頭が上がらないなー

サッカーでも、野球でも、バスケでも、W杯において解説者が必ず「初戦が大事」って言う。
でもそれって、当たり前だよね！

◾️哲学者の言葉366
20℃ 足立区 東京都 日本"
2023-10-20,"あなたが頼りにしている人は？
→佐々木さんかな

緊急KYtで、トラックが当然のように入ってくるって話から、それだったらパイロン立てればいいんじゃないか？と提案したら、何となく反対だったから素直に取り下げた。
その後、佐々木さんから「横山さんは色々行ってるから、提案できるんですよね」って言われて救われた気がした。

久しぶりに引取りに行った。
エアコン（1t）ぐらいのものを積んだんだけど、片側に積まれて何となくずっと傾いてる気がして怖かった。
ゆっくり運転したし、むしろ渋滞になれって思ってた。

◾️哲学者の言葉366"
2023-10-21,"最近覚えた新しい言葉は？
→思い出せないなー

午前中に引取りに新山下まで行った。
ずっと横浜に行ってる。
もう横浜飽きたなー。

◾️哲学者の言葉366"
2023-10-22,"今日を俳句（５・７・５）で表すとしたら？
→日曜日　何にも無いって　幸せだ

休みが多いといいよなー
休みが多く欲しいなー

◾️哲学者の言葉366
20℃ 足立区 東京都 日本"
2023-10-23,"いちばん最近、声が聞きたくなった電話した人は？
→そんな人はいないかなー

佐々木さんと飲みに行った。
途中林さんのモヤモヤ話に花が咲いた。
佐々木さんの方がモヤってた。

その後ルージュに行った。
3周年記念週間とのことでした。

◾️哲学者の言葉366"
2023-10-24,"「どうしてる？」の返事を詩で書いてください。
→急に難しすぎる質問。大喜利に近い。

社長と千葉銀行の支店長と打ち合わせ。
初めから金利を0.5%で提案してくるところがかなりの勢いを感じた。
まぁそれにプラスされるから0.75ぐらいになるのかな。
19℃ 足立区 東京都 日本"
2023-10-25,"今日言ったなかで、もっとも正直な言葉は？
→

浜屋に出荷。
余裕でした。
運転するだけって楽ですね。

◾️哲学者の言葉366"
2023-10-26,"自分の体についてどう思いますか？
→お腹がすぐ痛くなりがち

1日事務所にいた。
伊坂幸太郎の「陽気なギャングの日常と襲撃」を読んだ。絶対前も読んだことあるのに、全然覚えてなくて、新鮮な気持ちで読み終わった。
ただ、絶対読んだことあるのに1ミリも覚えてないことに悲しみもありました。

◾️哲学者の言葉366
23℃ 三郷市 埼玉県 日本"
2023-10-27,"いちばん最近の、もっとも間抜けだったことは？
→

AGCの事故が結果的に問題なかったから良かった。
カシワバラの担当の関係で、午後の仕事が無くなったから直帰した。
良い一日だったなー。

◾️哲学者の言葉366
20℃ 足立区 東京都 日本"
2023-10-29,"キャンプする？ホテルに泊まる？
→絶対にホテルに泊まりたい


泥上げでした。
作動油なのか、オイルなのかわからないけど、水が抜けてなかったからドロドロでした。

◾️哲学者の言葉366"
2023-10-30,"「もう結構」と言えますか？
→言える方だと思う。

AGCで違う現場がスタートとなった。
ほうしょうさんとたんのさんというおじいちゃん2人と一緒に仕事したけど、良い人が滲み出てたなー。あんな穏やかな人になりたいと思った。

◾️哲学者の言葉366"
2023-10-31,"ハロウィーンはどうしますか？どんな扮装しますか？
→まったく興味がなく、仮装してる人を見ると引いちゃうか、笑っちゃうタイプ


テールゲートリフターの講習だった。
半分ぐらいは寝てたかなー。
ゆっくりとした一日だった。


◾️哲学者の言葉366
19℃ 三郷市 埼玉県 日本"
2023-11-02,"今、いちばんお金がかかっているのは何？
→食費、養育費、電気代かな

AGCのH鋼の切断、吊り下ろし作業をやった。降ろす時は軽く怖かったなー
鈴木さんと中村さんが軽く言い合いになった。まぁ仕事の話だから別に良いんだけど、個人的に誰かが言い争ったり、怒ったりするのを見るのが一番のストレスだなと改めて感じた。

◾️哲学者の言葉366"
2023-11-03,"文化の日

20時着でIKEAの本店に引取りに行った。
AGCの件以来、安全について敏感になってるせいか運転もずっと緊張してた。
入口の高さが、2.5m弱で帰りは2.5以上あったからエアコンの外機も積めたなって思ったり。

◾️哲学者の言葉366
20℃ 足立区 東京都 日本"
2023-11-04,"今日____を作りましたか？
→今日はTRIworksの仕訳表を作りました。

会社に行って、午前、午後共に結構な時間寝てしまった。
そろそろ座って寝る専用の枕買っちゃおうかな。

◾️哲学者の言葉366
22℃ 足立区 東京都 日本"
2023-11-06,"昨日は何時に寝ましたか？
→22時ぐらいに寝たなー

ルージュでついてくれた女性に「今までで一番美味しかった食べ物は何ですか？」と聞かれて、「イタリアで食べたマルゲリータ」って答えてしまった。
マジでイキってしまって恥ずかしい。
ホント恥ずかしい。


◾️哲学者の言葉366
23℃ 千代田区 東京都 日本"
2023-11-07,"あなたのヒーローは誰ですか？
→キムタクかなー

今日AGCの現場に鍛冶屋が来てた。
その内の1人が距離感と声のボリュームが全然合ってなくて、笑ってしまった。
本物のバカなのかなって思った。
あと、カシワバラの伊藤さんにコンビニの場所を聞いた鍛冶屋の1人が、そのバカにコンビニの場所を話したら、伊藤さんに向かって「俺、堀之内小学校」って言い出して、何だコイツーって思った。
ホントに耳が悪いのか、本当にバカなのか。
マジでびっくり人間に出会った。

◾️哲学者の言葉366
20℃ 足立区 東京都 日本"
2023-11-08,"話していてつまらなかった話題は？
→自慢話は基本的につまらないなー

1日ゆっくりしました。
ありがたかったなー

◾️哲学者の言葉366
22℃ 足立区 東京都 日本"
2023-11-09,"定時に仕事をあがりましたか？
→上がりました

あかね氏と焼肉からのダイキチへ。
あそこ行くとトークが冴え渡るのは何でだろうなー。良い感じだよね。

◾️哲学者の言葉366"
2023-11-10,"何に楽しみを見つけますか？
→読書かな。

八洲ファシリティーズに引取りに行った。
相変わらず黒モーターは重いよね。
アレは気をつけないとケガします。

◾️哲学者の言葉366"
2023-11-11,"いつも避けてしまうものは？
→めんどくさそうな事

相模原の病院に引取りに行ったんだけど、思ったより遠かったのと途中トイレに行きたくて困ったよね。
たまたまなのか中央道が混んでて軽く焦ったなー。
そして五反田へ引取りに行った。
細い道に迷った。

◾️哲学者の言葉366"
2023-11-12,"人生で欠けているものはありますか？
→他人の気持ちを理解しようとする気持ち

ゆっくりできた。
鈴華をテスト会場まで送ってその後池袋で色々買ったりしたけど、池袋は目的があればずっといられるし、何がどこにあるかわかってるから過ごしやすいなー。

◾️哲学者の言葉366
11℃ 足立区 東京都 日本"
2023-11-13,"あなたそのもののような歌はありますか？
→そのような歌はないけど、たまたまラジオから、ゆずの「いつか」が流れてきて大学時代の佳奈のことを思い出した。

例えば「休みの日に夫婦でキャンブに行く」と言うと大絶賛されるけど、「休みの日に友達とキャンプに行く」と言うと、そうでもない風潮なんなんだろ。
恐らくアメリカとかだと大絶賛もされずに普通のことなのかもしれない。
日本が今までそのような文化がなかったから、そのような風潮になるのかもしれない。

◾️哲学者の言葉366
11℃ 足立区 東京都 日本"
2023-11-14,"何かうさばらししたいことがありますか？
→特にないです。

特にやることがなかった1日でした。

◾️哲学者の言葉366"
2023-11-15,"今日の目覚めは____だった。
→いつも通り可もなく不可もなくでした。

肩の痛みが少しずつおさまってると言うか、ある一定のところで落ち着いたと言うか。
筋肉がついたからなのかなって思ったり。

◾️哲学者の言葉366"
2023-11-16,"今、はまっていることは何ですか？
→モンストの「影の実力者になりたくて」コラボかな。
アニメは絵がキレイで面白かったんだけど、漫画は絵が下手と言うか、全体的に丸い感じがしてあまり好きじゃないなと思った。

◾️哲学者の言葉366"
2023-11-17,"いちばん最近、話をした友人（たち）は誰？
→きたっちかなー
　きたっちには自分のつまらない話ができる唯一の人かもしれない。

社長と葬儀会社のむすびすの中川社長と面会した。凄腕の経営者らしいけど、よく知らない会社でした。

◾️哲学者の言葉366"
2023-11-18,"今、なりたい職業は何ですか？
→プログラマーになりたい

善方さんと一緒に引取りに行った。
豊田さんの話で盛り上がって、豊田さんって話題が尽きない方だなーって思った。
むしろちょっと羨ましいよなって話で笑った。
今度から何かあったら「（話題提供）ありがとうございます」って言おうかな。

◾️哲学者の言葉366"
2023-11-19,"いちばん最近SNSをチェックしたのはいつですか？
→SNSをあまりやっていない。
　SNSをやるぐらいなら本を読みたいなと思う。

まりこちゃんに誘われて上野動物園へ。
子供の「むくちゃん」がなついてくれてよかった。周りの子供で一番人見知りしない子供だったなー。
久しぶりに子供を抱っこしたけどやっぱりそれなりに重いんだなー。
良い体験でした。

◾️哲学者の言葉366
13℃ 足立区 東京都 日本"
2023-11-20,"やりとげなければならないことは何ですか？
→三郷営業所を稼げる集団にする

AGCでカシワバラの佐々木さんが吠えてた。
自業自得と言えばそれまでですが、あんな言い方をされたら萎縮して、むしろ事故ると思った。

◾️哲学者の言葉366"
2023-11-21,"好きな靴は？
→スニーカーかな。

中村さんと480kgの機器を積んだ。
メチャクチャ押した時に肩を痛めた。
こんなこともあるよね。

篠ちゃんが美女木で事故った。
報告をしないことで社長に叱られた。
まぁ俺が悪いね。
こんなこともあるよね。

林さんが冷静だった。
やればできるじゃん。

◾️哲学者の言葉366
14℃ 足立区 東京都 日本"
2023-11-22,"やってみたいことは何ですか？
→軽く海釣りをしてみたい

深夜3時に寝て、6時に起き、ホンダ和光ビルへ。
約700個の段ボール（1つ10kgぐらい）をひたすら台車に積んだ。
16時から三郷市環境保全団体の50周年記念式典に出席。
20時に新橋で畠山さんと軽く飲んでからのルージュへ。
1時までいたらしいけど、疲労とお酒で記憶が飛び飛びだった。
その後ねこ屋へ。
もう疲れた。

◾️哲学者の言葉366"
2023-11-23,"勤労感謝の日

昨日の影響で16時まで寝てた。
起きてもフラフラでしたし、食欲もなく完全な二日酔いで最悪だった。
ホントに睡眠って大事だなと思った。

◾️哲学者の言葉366"
2023-11-24,"最近、アドレス帳から消した人は？
→特にいない。

体調が悪過ぎて早めに帰った。
もう無理したくないよ。

◾️哲学者の言葉366"
2023-11-25,"今日、どのくらい水を飲みましたか？
→そんな飲んでない。

まだ何となく体調が悪いなー。
特に胃のあたりが良くない。

アサガミの仕事を中村さんとやった。
メチャクチャイージーだったけど、製品を扱うから、そこは特に気を遣わなきゃなと思った。

羽生結弦が離婚した。
理由がメディアや周囲の騒がしさに耐えられないのと、家族を守りきれないからとのことらしい。
ジャニーズと違ってるのに、ここまで人気？があるのはなんでなんだろう。
ただ自分としては羽生結弦の一挙手一投足が何か鼻について、あまり好きじゃない。

◾️哲学者の言葉366
11℃ 足立区 東京都 日本"
2023-11-26,"家族を３つの単語で表現するとしたら？
→休息、笑い、学び

14時に相模原着で仕事だった。
まだ胃の調子が良くない。
困ったなー。

◾️哲学者の言葉366
9℃ 足立区 東京都 日本"
2023-11-27,"あなたが影響を受けた人は？
→メッシ
　同じ時間に生きられて、全盛期のスーパープレーを見られて本当に幸せ。感動。

埼玉部会の役員会に出席。
中浦和駅の鰻屋、美味しかったなー。
違法ヤード適正化について議論があったけど、
・そもそも「違法ヤード」の定義は？
・「違法」はどの法律に対して違法なのか？
・そもそも登記等はされているのか？
・されていない場合、そもそも法律の適用範囲なのか？
・逆に法律を厳しく運用した場合、自分たちはしっかり法律の範囲内なのか？
・違反した場合でも、行政罰ならば罰則も弱いし、適用されるまで時間がかかる。そうなれば罰則を受けても業務を続ける可能性も。

→色々考えなければいけない問題が多い。
　そもそも登記とかされてなければ法律も適用されないのでは？という意見に納得した。

◾️哲学者の言葉366
13℃ 足立区 東京都 日本"
2023-11-28,"いちばん最近リスクをおかしたのは？
→交際費の使い過ぎかなー


◾️哲学者の言葉366"
2023-11-29,"あなたの気分を５つの単語で表現するなら？
→憂鬱、恐怖、諦観、陽気、倦怠

事故が続くなー
10/17:中村さんat AGC
11/21:篠田さんat 美女木総合
11/28:近藤さん at セコム三郷営業所
11/29:林さん at 三郷で車追突

細かい事故でガス抜きじゃないけど、それで収まって欲しい。

◾️哲学者の言葉366"
2023-11-30,"今日、もう少しで____するところだった。
→思いつかない…

アサガミ美女木倉庫にて、先日の事故についての協議。
SBSのお母さん、強烈だったなー
娘に「余計な事を言うんじゃない！」って怒ってたけど、いざ会議の場では余計な事しゃべってたなー。
久保田所長にも助けられた。
おかげで修理費が折半になった。
ありがたい。

◾️哲学者の言葉366
12℃ 足立区 東京都 日本"
2023-12-02,"今日覚えておきたいと思ったちょっとしたことは？
→6573でETCのバーをどれだけのスピードで行けるかを試した。

林さんの幹事で、佐々木さん、中村さん、篠田さん、善方さん、小島さん、畠山さんと飲んだ。
佐々木さんがすごく酔ってたのが、来た瞬間にわかった。畠山さんにすごく話しかけてたのがその兆候だと思う。
その後、小島さんの旦那さん、たつをが来てくれて飲んだんだけど、楽しかったなー。
向こうはどうだったかはわからないけど。


◾️哲学者の言葉366"
2023-12-03,"十段階で言うと、どのくらい幸せ？
→8とか9とか。

休みでした。
ゆっくりできてよかった。
回復できそうだ。

◾️哲学者の言葉366"
2023-12-04,"どのようにして終わりが来るか知りたいですか？
→抽象的な質問すぎて、答えがわからない。
「どのようにして終わりが来るか知りたいものがありますか？」という質問だとしたら、ワンピースとか呪術廻戦とかの漫画の最後が知りたい。

鎌田さんにAGCに行ってもらえるか打診した。
結果、引き受けてくれたから良かった。
何とかこなして欲しいな。

◾️哲学者の言葉366
11℃ 足立区 東京都 日本"
2023-12-05,"恋しいのは誰ですか？
→ひできと三木かな

あまり三郷にいない日々が続いていますが、早く家に帰れていいなー。


◾️哲学者の言葉366
10℃ 足立区 東京都 日本"
2023-12-06,"今日____を手に入れました。
→上田晋也の本を手に入れました。
　前2作とも面白かったなー。

会社をほぼサボってゆっくりした。
鈴木さんから急遽掃除機を買ってきてくれって言われて、竹の塚のコーナンプロに行ったけど、安全靴がいっぱいあって良かったなー。
次はあそこで買おうかな。

◾️哲学者の言葉366
12℃ 足立区 東京都 日本"
2023-12-07,"来年はどこにいると思いますか？
→本社にいるかもしれない

結構忙しめな1日だった。
午前：AGCで事故現場の片付け
午後：帰って事務仕事
夜：埼京会・埼玉部会忘年会
その後：ルージュ

埼京会・埼玉部会の忘年会では諏訪さんがすぐ帰った。だったら何で来るんだろうか。
金田さんと結構話した。なかなか面白い人だったなー。
桑原さんと結構話せるようになった。

ルージュで2時間ぐらいいたけど、37,000円ぐらいだった。
ルージュで過去一で安かった。でも他の場所、南越谷とかよりは高いのか？？
よくわからなくなってる。

◾️哲学者の言葉366"
2023-12-08,"今日のあなたはどれくらいやる気がありますか？
→結構頑張ったと思う。

コカコーラでアスベスト含有天板の解体作業だった。イージーだった。
でも、今後こんな案件が増えてくるのかなと思った。
金田さんがジャスト吉田さんの車のフロントにぶつけてガラスとサイドミラーとフロントパネルを壊した。
何だかなー。

◾️哲学者の言葉366
13℃ 足立区 東京都 日本"
2023-12-09,"最近いちばん気前よくふるまったのは？
→佐々木さんと畠山さんとルージュに行った時に結構お金払ったなー

家庭用脱毛器で脱毛を始めた。
効果が出るといいなー。

◾️哲学者の言葉366"
2023-12-10,"今日、何に驚きましたか？
→特にないです。

昨日急に鈴木さんから今日🚗回せるか？と連絡があって、佐々木さんと行ってきた。
マジで急に言うのやめて欲しい。

ミュージシャンのライブで絶対にアンコールやるの何でだろう？
絶対にアンコールするのに。


◾️哲学者の言葉366
15℃ 足立区 東京都 日本"
2023-12-11,"何に喜びを見出しますか？
→話をしてて周りがメチャクチャ盛り上がった時かな。

なかなか分刻みのスケジュールだった。
アルファサポートに行って、AGCのガラなどを捨てた。何でも捨てられそうだったなー。
その後コマニーで篠ちゃんの手伝い。
最後に鈴木さんと金曜からの大阪の打合せ。

◾️哲学者の言葉366"
2023-12-12,"あなたのウィッシュリストにのっているのは？
→ITの知識とテクニックを身に付けたいなー

林さんがJALで塩ビ管を壊したらしい。
何か事故ばっかり続けて、説得力が無くなってくるよなー。
正しいことを言っても、「でも事故起こすじゃん」って思われる。

◾️哲学者の言葉366"
2023-12-13,"いちばん後悔していることは？
→みさきさんとの関係かもな

三郷の安全ルールを集中して作った。


◾️哲学者の言葉366"
2023-12-14,"どうしてあなたは印象的なのでしょう？
→明るいからかな。

1人でルージュに行った。
別にいいんだけど20万かかった。
ヘネシー12万で8万も残り何かあったかなー。
何か不思議な会計だったなー。

◾️哲学者の言葉366"
2023-12-15,"控えめ？やりすぎ？
→控えめな方だと思う。

大阪1日目。
7〜8時間運転して着いた。
思ったより近かったのか、遠かったのかって感じだった。
一軒目で新世界の串カツを食べた。
串カツって苦手な部類だったけど、どれも美味しかった。
次にお好み焼きとたこ焼きを食べた。
どちらも美味しかったけど、たこ焼きは生地が塩味強めだった気がする。
その後またお好み焼きとおでんを食べた。
とにかくお腹がいっぱいだったなー。

◾️哲学者の言葉366"
2023-12-16,"どうしてもやめられないことは何ですか？
→タバコですかね。

大阪府2日目。
やはり休憩を取らずに仕事した。
結局19時過ぎに終わった。
何か鈴木さんの仕事で時間通りに終わった事ってあったかなー。
夜食べた鶏料理がすべて美味しかった。
河童ラーメンも美味しかった。

◾️哲学者の言葉366"
2023-12-17,"新しい町に引っ越さないといけないなら、どこに行く？
→大阪。何食べても美味しかったなー

大阪3日目。
何だかんだで仕事が終わったのが12時過ぎだった。
新大阪駅のクルーおじさんのチーズケーキと551に並んで買った。
551は帰ってから食べたけど美味しかったなー。

◾️哲学者の言葉366"
2023-12-18,"何について話すのが好きですか？
→メッシ

味覚が無くなって、病院に行った。
コロナかと思ったけど違ったから一安心。

◾️哲学者の言葉366
7℃ 足立区 東京都 日本"
2023-12-19,"今日、一つ変えることができるとしたら、何を変える？
→

◾️考えさせられるテーマ
・孤独とは？
・孤独は伝染する？
・孤独とSNS
・周りの目を気にしなければ幸せになる方法はたくさんある

ENEOSホールディングスの元会長、現社長、現常務取締役が全員セクハラで辞職。
コンプライアンス担当の副社長も引責辞任。
このニュースいくつか思うことがあって、
・セクハラ気質なんて、重役に付く前にわかっていたはず。それなのに重役に付いていたのは会社としてセクハラ気質の人が出世する？かわいがられた？
・酩酊してセクハラしたとのことだが、結局セクハラする人は酩酊してなくてもするんだろうな。
・ENEOSの重役が行くような食事場所は、かなり秘密を厳守できる場所だと思う。それなのに漏れるということは、あまりにも酷かったのか、敵対勢力が動いたのか、ハニートラップ的なことがあったのか。色々想像できます。
・バレたお店の信用度はどうなるのか？
色々考えさせられるニュースでした。

◾️哲学者の言葉366
8℃ 足立区 東京都 日本"
2023-12-20,"理想の休暇は？
→一日中1人で家にいること

近藤さんの事故を隠蔽した件で叱った。
その続きで林さんに近藤さんが「安全会議やりましょうよ」って言ったら、林さんのスイッチが入ってしまい、最後は泣き出した。
近藤さんはずっと穏やかだったのに、林さんのあの言い方はパワハラって言われてもおかしくないよね。

◾️哲学者の言葉366"
2023-12-22,"最近、誰か新しい知り合いができたか？それはどんな人？
→銅鉄商事の桑原社長とよく話すようになった。

何か豊田さんと林さんにムカついて、それはそれで何か悔しい。

◾️哲学者の言葉366"
2023-12-23,"好きなシリアルは？
→シリアルが嫌いです。

今日は穏やかな1日だった。
でも、トラック運転してると何かずっと不安に駆られる。
尾久橋通りの西日暮里に行く途中の急な坂を上手に坂道発信できて良かった。
DATの後楽園ビルで上手にコンテナ交換できて良かった。

鎌田さんから1月からAGCに行けないと話があったようだ。
カシワバラの伊藤さんは鎌田さんのこと褒めてたなー。
何か裏で夏見さんが動いてるようで、本社工場の閉鎖に動こうと思った。


◾️哲学者の言葉366
7℃ 足立区 東京都 日本"
2023-12-24,"最近の変化を書いてください。
→脱毛を始めた。

M-1の決勝でした。
予想では、
・令和ロマン
・ヤーレンズ
・さや香
だった。
結果、この通りになって軽くビックリした。
令和ロマン面白かったなー。

◾️哲学者の言葉366"
2023-12-29,"あなたの願いごとのベスト３は？
→

夢の話
ソレイユで集まってて、なぜか大型コンテナを乗って運転してた。
高速のカーブでハンドルがロックされて、高速外に車ごと落ちた。
車外に放り出されて、下が川だったから、川に落ちれば大丈夫かなーって考えてたら、風が吹いてその風に乗って、フワリと更に上昇した。
ジェットコースターで落ちる時の感覚が、実際にもあって、それで起きた。
何だったんだろうなと思う。

佐々木さんと篠ちゃんと一休で飲んだ。
最近はタクシーが捕まらないから、しっかり終電で帰りました。

◾️哲学者の言葉366
5℃ 足立区 東京都 日本"
2023-12-30,"先週食べたものをあげてください。
→覚えてない

年末でゆっくりとした1日でした。
禁煙しようかなーって思ったり思わなかったり。

◾️哲学者の言葉366
11℃ 足立区 東京都 日本"
2023-12-31,"今年のいちばん大切な思い出は？
→いちばんと言われると、中村さんがAGCで目の前で事故ったことかな

紅白を結構見た。
浜辺美波と橋本環奈の歌がちょっと見てらんなかったな。

◾️哲学者の言葉366
11℃ 足立区 東京都 日本"
2024-01-01,"元日

あなたの目標は何ですか？
→本で学んだ事を実践する

「せっかち勉強」っていう日テレのテレビ番組が面白い。
いろんな雑学があって勉強になるなー。
また雑学の本を読もうかな。

◾️哲学者の言葉366
8℃ 足立区 東京都 日本"
2024-01-02,"人は変われると思いますか？
→自分次第で変われると思う

日々のニュースに対して、常に持論を持って接していきたい
8℃ 足立区 東京都 日本"
2024-01-03,"今、読んでいる本は何ですか？
→年末年始で結構本を読んだ。ブクログ参照

実家に帰って、母さんともりもり寿司を食べに行った。やはり美味しいなー

◾️哲学者の言葉366"
2024-01-04,"今日、いちばんよかったことは何ですか？
→穏やかに過ごすことができました。

明日から仕事かと思うと悲しくなる。
休みが少ないよなー。
毎日テレビ見て、早い時間からお酒飲んで、本読んでっていう素晴らしい日々が終わってしまう。

テレビ番組で「1万人が選んだ」とかのランキング番組、本当に1万人に聞いたのかな。
怪し過ぎる。

◾️哲学者の言葉366
11℃ 足立区 東京都 日本"
2024-01-05,"いちばん最近行ったレストランはどこですか？
→年末に行った一休かな

痩せたい…
痩せよう…

◾️哲学者の言葉366
5℃ 三郷市 埼玉県 日本"
2024-01-06,"今日は____でつらかった。
→今日は、食べ過ぎでつらかった

安全祈願で西新井大師に、社長、常務、前田専務、北山さん、鈴木さんで行った。
祈願が終わって、木曽路で食事をしたんだけど、相談役が急遽来れなくなったので、相談役分の食事が、私に回ってきた。
ホントに食べすぎて、お腹が膨れすぎて、自分史上一番太ってると思う。
痩せたいなー

◾️哲学者の言葉366"
2024-01-07,"貴方はラッキー？ラッキーじゃない？なぜ？
→ラッキーだと思う。今までの人生で困ったことがあまりない。

ダイエットをしようと思い、また「あすけん」を始めた。有料で始めたので、無理せず続けていきたい。

スーパーマリオザムービーを見た。
久しぶりに映画を見たけど、テレビで観れると他のことをしながら観ちゃったりするから、なかなか集中できなかった。
でも、そんな時代なのかなとも思う。

◾️哲学者の言葉366
8℃ 足立区 東京都 日本"
2024-01-08,"成人の日

今、頭の中でなり続けている曲は何ですか？
→KinKi Kids「雨のmelody」

映画を見た
・スパイダーマン ノーウェイホーム
・線は、僕を描く
・スーパーマリオ ザ ムービー
・MONDAYS

線は僕を描くの、清原果耶が可愛かった。でもああゆうツンとしたキャラの役多いなー。
でも霊媒探偵の時は良かったかも。

SIXPADをもらったので始めた。
効果が出るか楽しみ。
恐らく継続が決めてなんだろうなー。

SNSをやめようと思う。

松本人志が芸能活動を中止するらしい。
一つの時代が終わったなって思った。
何かテレビのバラエティー番組を見るのをやめようかな。

◾️哲学者の言葉366
10℃ 足立区 東京都 日本"
2024-01-09,"りんかと蓉の血液型がAB型だった。
りんかはわかる気がする。蓉はB型だと思って。
蓉に「AB型と聞いてどう思った？」と聞いたら、
「10万人に1人で嬉しい」と言ってた。
蓉らしいなと思った。
特別感が好きというかなんというか。

金曜日が安全祈願で午後はほぼ休みで、
土曜日休んだから、実質4日間休みだった。
すごい休めた気がしてよかった。
で、今日から仕事し始めたけど、
メチャクチャ事務処理を行った。

三郷の所長に飽きてしまった。"
2024-01-10,"今日は平凡な一日？それともいつもと違った？なぜ？
→いつもと同じ平凡な一日だったかなー

中村さんと下見をした時の帰りの車で、この前のたつをと吉田さんが来てくれた飲み会の話になった。
中村さんは頑張ってたという篠ちゃんの話を伝えたところ、4人ぐらいになると自分が話さなくなるって言ってた。これは何でだろうと言ってた。
これはなかなか言語化できない症状の一つかもしれない。
その中で、俺がめちゃ喋ってて尊敬するって言ってた。
その表現が「空ぶかしがすごかった」って言ってて、思わずツッこんでしまった。

豊田語録
「ヤードの人間と仲良くすると、早く荷下ろしできるよ」
なかなかの発言だ。

■哲学者の言葉366"
2024-01-11,"今日あなたは____を失くしました。
→仕事に対するやる気を無くしました

午前中は家で仕事。
午後は賀詞交換会。

◾️哲学者の言葉366
7℃ 中央区 東京都 日本"
2024-01-12,"好きなアクセサリーは何ですか？
→指輪かな

昨日の飲み会から帰ってきたのが、2:00過ぎだったから、とにかく眠かったなー。

MVJに行った。
人数が増えてて、案内担当の方々いてすごくやりやすかった。

◾️哲学者の言葉366
9℃ 足立区 東京都 日本"
2024-01-13,"次の旅行はどこに行きたいですか？
→韓国かな

石鍋邸に向けての準備でほぼ一日が終わった。
昨日のカレーとか前々日の焼肉とかが響いたのか、体重が2kgも増えてた。
悲しい…

◾️哲学者の言葉366
3℃ 足立区 東京都 日本"
2024-01-14,"貴方はリーダーですか？後からついていく方ですか？
→リーダーになることが多かったなー。

「蜜蜂と遠雷」のスピンオフで「祝祭と予感」を読んだ。「蜜蜂と遠雷」が名作で、本当に良かったんだけど、ところどころ忘れてる部分があったから、「祝祭と予感」も思い出しながら読んだ。
でも思い出してくると、あの時と楽しかった読書体験を感じて、温かい気持ちになった。
実写映画は全然ダメでしたけど。

◾️哲学者の言葉366
9℃ 足立区 東京都 日本"
2024-01-15,"今日のランチは、10点満点で言うと何点？
→武蔵浦和のうどんを食べた。10点。

山田さんと事務所の机を作った。
机自体は簡単だけど、時間がかかったなー。

◾️哲学者の言葉366"
2024-01-16,"誰かにお金を借りていますか？或は貸していますか？
→銀行からお金を借りている

石鍋邸初日。
生木を三立建設に捨てに行った。
初めて行ったのだけど、受付の女性の感じが悪かった。「初めてです。」と伝えたら、少し優しくなった。
営業の方が挨拶してきたら、更に少し優しくなった。
やはり窓口の人の対応次第で気分も変わるんだなと思った。
土浦はどうなんだろうなぁ。

◾️哲学者の言葉366
5℃ 足立区 東京都 日本"
2024-01-17,"今日着ているもののなかで、いちばん古いものは？
→靴かもしれない。

埼玉県の産廃協の賀詞交換会に佐々木さんと出席した。
先日の鉄リの賀詞交換会と違って、主催者と来賓の挨拶が短かった。
このように挨拶は短ければ短いほどいいよね。

その後佐々木さんと飲みに行ったけど、あんま仕事の話しなかったなー。
そんな日もあるよね。

◾️哲学者の言葉366
8℃ 北区 東京都 日本"
2024-01-18,"今日おだやかになれることは？
→マインドフルネスかな。

「ありがとう」の対義語は「当たり前」
有難う→難しいこと
だから「当たり前」と思ってはいけない

しんちゃんときたっちと渋谷で韓国料理を食べた。大学時代にサッカー合宿にいって、車内が臭くて、みんな自分の身を潔白だと証明するために全裸になった話が最高だった。
あの話、笑ったなー。

◾️哲学者の言葉366
12℃ 新宿区 東京都 日本"
2024-01-19,"今日食べたものを３つあげてください。
→ハンバーグ、ご飯、八天堂のいちご味

誕生日でしたけど、穏やかな一日だった。
あかね氏とご飯に行く約束をしてたけど、何か疲れちゃって断ってしまった。
年々気力の衰えを感じる。

◾️哲学者の言葉366
10℃ 足立区 東京都 日本"
2024-01-20,"恨んでいることはありますか？それは何？
→恨むという感情にあまりなったことがない

マジで穏やかな一日中だった。
こんな日がずっと続けばいいのに。
6℃ 足立区 東京都 日本"
2024-01-21,"楽しみにしていることは何ですか？
→オードリーのライブDVDが出ることかな

午後からルコネットワークの仕事だった。
積込み10分ぐらいで、コンテナにシートをしないで走ったんだけど、やっぱり不安になって途中でシートをしたよね。
やはりそこはしっかりやらないとです。

マインドフルネスで、ネガティブな感情や負の感情になったなも気づいた時は、語尾に「と思った」と付けて、自分を客観視すること。


◾️哲学者の言葉366
11℃ 足立区 東京都 日本"
2024-01-22,"安定を求めますか？それとも冒険を求めますか？
→冒険かなー

ミッキーマウスの著作権が昨年で切れたらしい。だから2次創作が可能になったから、どんなパロディ作品が出てくるのか楽しみだなー。


◾️哲学者の言葉366
12℃ 千代田区 東京都 日本"
2024-01-23,"あなたは解放されたい？何から？
→仕事の責任かなー

インチ＝インチ×2.54
初めて知った。
良いこと知ったなー。"
2024-01-24,"もし自分の会社を始めるとしたら、どんな会社ですか？
→お客さんの要望を少し超えるプログラマーの仕事したいかなー

車の調子が悪い。
何かカタカタ音がする。
何か外れそうです。

◾️哲学者の言葉366"
2024-01-25,"あなたをあなた足らしめているのは何ですか？
→

今日で石鍋邸の解体が終わった。
なんだかんだで予定通りでした。

◾️哲学者の言葉366"
2024-01-26,"今日あなたは____がもっと必要だった。
→モチベーション

特に何もなく終わった1日でした。
お昼に食べた、武蔵野うどん 澤村はやっぱり何度食べても美味しいなー。

◾️哲学者の言葉366"
2024-01-27,"今日のあなたを芸術で表現するとしたら？
        ジュールリアリズム？モダニウム？ダダ？
→モダニウムかな。よくわかってないです。

佐々木さん、篠田さんと一休で飲みに行った。
マジどうでもいい話しかしなかったなー。
11:15ぐらいに西新井に着いたんだけど、全然タクシーなかったなー。
歩いて帰ったけど、それはそれで良かったかもしれないなと思った。


◾️哲学者の言葉366"
2024-01-28,"あなたにとって「家」とは？
→最高、でなくてはならなくて、精神安定の場所

朝から新宿行って、エッグベネフィクトとフレンチトースト食べて、優雅でしたね。
お店は半分が外国の方でしたね。


◾️哲学者の言葉366
10℃ 足立区 東京都 日本"
2024-01-29,"いちばん最近観たテレビ番組は？
→日向坂46「日向坂で会いましょう」

セック株式会社に、佐々木さんと山田さんと行ってきた。
蓉が体調悪いとのことで、午後はずっと家にいた。何か自分も頭痛い気がしてきた。

◾️哲学者の言葉366
7℃ 足立区 東京都 日本"
2024-01-30,"忘れてしまいたいことは何ですか？
→特にないかもです。

TRIworks、LIXILの初日。
なかなかの重量物で人がたくさんいて助かったなー。

◾️哲学者の言葉366
9℃ 足立区 東京都 日本"
2024-01-31,"誰になりたいですか？
→アメリカの大統領かな。
　何か秘密文書とかを見てみたい。

LIXIL2日目。
鈴木さんの不手際が多くてストレスになる。
ちゃんとして欲しい。

山上さんをプレス場の担当から外せとの常務からの指示。
これだけは譲れないかなー。
会社のためにならない。利益が減るし三郷営業所内部で揉めるし。

◾️哲学者の言葉366
13℃ 足立区 東京都 日本"
2024-02-01,"山上さんがミズカミさん行きのプレスが返品になったことで、常務がお怒りになったようで、各方面に怒り散らしていて「山上さんをプレス場からはずせ」と吠えているようだ。
で、私と佐々木さんは山上さんをプレスから外す気は無いので、どうやったら常務を説得できるかを考えた結果、数字を出すしかないとの結論に至った。
だから昨日の夕方2人でホワイトボードに書き出して、そのままにしていた。
今日、常務が三郷の朝の朝礼で、みんなに物申すみたいなことを言っていたけど、恐らく朝、昨日のホワイトボードを見たのだろう。
朝礼にも出席しなかったな。
何か思うところがあったのだとは思うけど、こっちとしても会社の利益を確保するためにはしょうがない部分はあったと思う。

三井住友銀行の渡辺さん来社。
前から何となくウマが合わないなと思っていた方ですが、
何か今日は様子が違った。
私がそんなに心を開いていないのがわかるのか、
急に自分のことを話し始めた。
これってよくビジネス書にある、自分のことを開放すれば、
相手も心を開く的なやつを実践しているのかと思ってしまって、
少しゾッとした。
すごく質問してきて、めんどくさかったな。
すごく一生懸命仕事しようとしているのはわかるんだけど、
質問が抽象的すぎて、回答に困る場合がある。
ただ、これを反面教師にして、抽象的な質問はやめようと思った。

◾️哲学者の言葉366
9℃ 足立区 東京都 日本"
2024-02-03,"十段階で評価すると、どのくらい悲しいですか？なぜ？
→悲しくないです

最近ママタレがテレビに出て、夫の愚痴とかを言う番組が多いけど、段々ウザくなってきたなって思いました。
この感情がなかなか言語化できない。

◾️哲学者の言葉366
11℃ 三郷市 埼玉県 日本"
2024-02-04,"今、外の天気は____。
→曇り。そして寒い。明日雪らしい。

今日は130tのラフターを入れて、ギロチンの修理だった。
130tのラフターって、そのまま来るんじゃなくて、現場で組み立てるんだと知った。
高さとかの問題があるんだろうなー。


◾️哲学者の言葉366
6℃ 足立区 東京都 日本"
2024-02-05,"何度も何度も聞いてしまうものは？
→今だったら、creepy nutsの「bring bang bang bomb」かな

TRIworksの鈴木さんの突然の依頼で、25時に幕張のイオンで引取の仕事があった。
たまたま今日はすごい雪で積もった状態での引取りだった。
チェーンを巻くのが大変だったけど、中村さんがいてくれてよかった。
鈴木さんも一緒に引取りに来てくれたけど、鈴木さんがいなかったらひどい現場だった。物量は多いし、雪で足は冷たいし、時間は遅かったし。
市川ICから3kmぐらいの道が凍ってて、怖かったなー。

◾️哲学者の言葉366"
2024-02-06,"求めているのは安心？それとも刺激？
→刺激を欲しつつ安心した生活がいいなー

久しぶりに徹夜した。
運転中が一番眠いんだよな。
心地よい温かさと振動が気持ちいいんだろうなー

朝、三郷営業所で雪かきしてたら、会う従業員から「昨日、深夜の引取りに行ったんですか？」と聞かれた。
みんな行かないとか中止になったとか思ったんだろうね。

午後は帰って寝てました。

◾️哲学者の言葉366
4℃ 足立区 東京都 日本"
2024-02-07,"買わなければいけないものを３つあげるとしたら？
→

相変わらず鈴木さんの行き当たりバッタリ感の段取りはすごいな。
銀座の外構工事の引取り。
レンタル品を借りて、残土を捨てに行って、何か1日が終わった。

◾️哲学者の言葉366
6℃ 足立区 東京都 日本"
2024-02-08,"恋をしていますか？
→していないですね。

埼京会の役員会でやってしまった。
記憶がない。
本当に嫌な気持ちになる。
日本酒をもうやめよう。

◾️哲学者の言葉366"
2024-02-09,"どのくらい朝寝坊しましたか？
→成田メタルの会議に遅れるぐらい寝坊した。8:40ふんぐらいに目が覚めた。

昨日の埼京会のカラオケ屋にカバンを忘れてしまった。
でも、見つかって良かった。
鉄リサイクル工業会の全国大会の実行委員会だった。
予算が4,000万超えてくるんだなーって思った。
その後、畠山さんと軽く飲みに行った。
全然お酒も進まなかったし、何かずっと疲れてた。

◾️哲学者の言葉366"
2024-02-10,"今日のあなたは、動物にたとえると何でしたか？
→ずっと動いてたからマグロかな。

残土×2回
産廃×2回
ずっと動いてたなー。

産廃の処理先をまとめなきゃな。
産廃の処理先を知ることができるのは、勉強になる。

◾️哲学者の言葉366"
2024-02-11,"建国記念の日

今日は、どうやって仕事に行きましたか？
→今日は仕事がお休みでした。

蓮のホームステイを見送りに成田空港に行った。
何か楽しそうにしてて良かったなと思った。
帰りにイオンモール幕張でご飯を食べた。
だるまっていうとんこつラーメン屋で食べたけど、あんまり豚骨豚骨してなくて食べやすくて美味しかった。

◾️哲学者の言葉366"
2024-02-12,"振替休日

今最大の障害物は何ですか？
→運輸の連中の仲の悪さ。マジで頭悪いなと思う。

引取りとギロチン工事の立会いだった。
結局朝から夕方までいたけど、仕事が捗ったのと軽く眠れて、それはそれで良かったなと思う。

◾️哲学者の言葉366"
2024-02-13,"人にどんな質問をするのが好きですか？
→座右の銘を聞きたいけど、聞けない

イオンモール幕張に深夜2:00に引取り。
起きてて行くのはいいんだけど、帰ってきたのが4:00ぐらいだった。

◾️哲学者の言葉366"
2024-02-14,"今日、誰かにキスしましたか？
→してない

イオンモール幕張への影響で、日中すごい眠くなるのかなと思ったら、結構平気だった。
まだ体力があるのかな。

◾️哲学者の言葉366"
2024-02-15,"傷ついた心を癒す方法を書いてみてください。
→あまり傷つかない。

AGCへ引取りと言うか、残土処理で行った。
久しぶりにカシワバラの佐々木所長と会ったら、鈴木さんのことで怒ってた。
鈴木さんにはもっとしっかりして欲しい。

レンタルした4tユニックの最大積載量が2.3tぐらいしかなくて、完全に過積載で捨て場に行った。
ずっとドキドキしてたから、ホントにやめてほしい。
2回目も過積載で、感覚としては2回目の方が重かった気がする。

◾️哲学者の言葉366"
2024-02-16,"いちばん最近行ったコンサートやライブは？
→恐らく安室奈美恵のfinallyツアー

今日の深夜もイオンモール幕張の引取りだった。担当の大野さんが、解体業者？を叱ってた。やっぱり安全に関しては厳しい目で見ていかなければならない。
で、三郷に帰ってきたのが5時で1時間だけ寝たような寝なかったような。
起きた時は、篠田さんの新断の台貫を取らなきゃしか考えてなく、何かフラフラだった気がする。
その後LIXILつくばへ。
終日作業したけど、そこまで眠くならなかった。きっと体力があるのかなと思う。
21:00ぐらいに家にいて、ピークで眠い。

◾️哲学者の言葉366
9℃ 足立区 東京都 日本"
2024-02-17,"今日起きたことで、何かを変えられたら、何を変えたい？
→起きてしまったことは変えられないから特に何も思わない

LIXILで終日作業。
辛い毎日ですね。"
2024-02-18,"今日着ているのもののなかで、一番高価なのは何ですか？
→アップルウォッチかな

日曜ですが、LIXILで作業。
スクラップを4回土浦に運んだ。
だいぶスッキリしてきた。"
2024-02-19,"これまでの人生で、いちばんの変人は誰ですか？
→今一緒に仕事している鈴木さんかな

浅岡先生との会議
美女木倉庫に南砂のコマニーの荷物確認
メスコの北条さんとギロチン工事の金額と請求書の確認
内部統制会議
と目白押しだった。
内部統制会議での恵子さんが空回っていて、少しかわいそうだった。
話がどこに着地するのか？何が聞きたいのか？が明確になっていないと、
話が聞きづらいのかなと思った。"
2024-02-20,"今日、使いすぎた言葉は何ですか？
→「鈴木さんがヤバい」かな

LIXILで運搬作業。
2回走れた。
終わったあと、小倉商事の岩崎さんと鈴木さんと私で打ち合わせ。
初めは少しピリピリしたけど、結果なんか雑談してたからよかった。
今回は赤字になってもしょうがないと思った。"
2024-02-21,"最近の流行語は何ですか？
→「VIVANT」かな

本田金属に下見。
→2時間ぐらいで終わる仕事だなと思った
急遽東大白金台キャンバスに蛍光灯の箱を届ける
→担当の方となかなか会えなくて、30分ぐらい待った
センコー野田へ
→順調に終わっているようでよかった。イージーな現場だと思う

面接の稲本さんから直接会いたいと言われた。
「どんな人かみたい」とのことだったが、何とも言えない感情になった。"
2024-02-22,"今日一日、どんな気分でしたか？
→常に追い込まれている感情

リゾートトラストと打ち合わせ
→最後までどうゆう内容かわからなかった
急遽、凸版印刷の朝霞工場へアスベストの検体採取作業
→こちらも余裕でした

3M会に間に合わなかった。
でも、ホントめんどくさいよなー
自分たちで何とかすればいいのに。

4℃ 足立区 東京都 日本"
2024-02-23,"天皇誕生日

最近いちばん恥ずかしかった買い物は？
→同じ漫画を２冊買ってしまった。

引き取りで清和ビジネスの案件で虎ノ門の福祉医療機構に行った。
積み込み自体はプロ積込み士みたいな人がいて、すごい早く積み込みが終わった。
中途半端な時間に終わって、結局何もできない休みになった。
ただ脱毛はできて良かったです。

◾️雑学
・1時間はどうして「60分」なのか
・日本のお金の単位は、なぜ「円」なのか
・星が瞬くのはなぜ？
・好きなことをしている時は、なぜ疲れない？
・人間だけが「言葉」を話せる理由
・チームのナンバー１投手をなぜ「エース」と呼ぶのか
・蚊に刺されても「痒くならない」人がいる
・お坊さんはなぜ「坊主頭」にしているのか
・目覚まし時計の「4番目の針」は何と呼ぶ？
・なぜ「よそ様の敷居」を踏んではいけないのか
・暗闇でガムテープを剥がすと？
・飛行機はなぜ「高度１万メートル」を飛ぶの？
・「純喫茶」って何が「純」なの？
・プロ野球では「おろしたての白いボール」は使わない？
・海外と日本、学校での「お掃除事情」が違うわけ
・テレビでは、どこまで「裸」を映していいの
・酔っ払いは、どうして犬に吠えられるの？
・カジノの国で、「カジノに入れない人たち」
・「名字」って、どうやって決められたの？
・シルバーシートはなぜ「シルバー」なのか？
・セブンイレブンはのレジには「謎のボタン」がある？
・相撲だけ、なぜ「取る」という
・「握手」の起源とその効果
・「視線」だけで心の動きがここまでわかる？
・「目の色」が違うと「見え方」も違う
・墓参りで墓石に水をかけるのはなぜ？
・大型客船の窓は、なぜ丸くて小さいのか？
・外国人観光客に「予想外のもの」が大人気
・なぜ、メジャーリーガーはしょちゅうガムを噛むのか？"
2024-02-24,"今日あなたは____を手に入れすぎた。
→何も手に入れていない

２週間ぶりに休みをもらった。
何をしたのかは覚えていないけど、掃除、洗濯、脱毛、読書など身の回りのことをやった。

◾️雑学
・日本初の「美人コンテスト」が行われた場所は？
・富士山に最初に登った女性の「パーフェクトな名前」って？
・誰もが知るあの会社は「存在しない単語」を社名にした
・お祝いするときの「胴上げ」の習慣は、どこで始まった？
・世界で初めて「熱気球」に乗ったのは？
・船の「「潜水式」には、ちょっと怖いルーツがある
・「ブラックリスト」に最初に載った人は？
・初めての「ビールかけ」に寄せられたクレームとは？
・最初に「ホームシック」と認められた人は？
・初めての輸血に使われた血は？
・世界初の内視鏡は「⚪︎⚪︎用」？
・「インクが垂れない万年筆」が生み出された理由
・おもちゃの「ガラガラ」は、最初のおもちゃではなかった
・「クラブ」って、もともとどんな人の集まり？
・昭和初期に大ヒットしたふりかけの名前は？
・落語の噺に「題名」がつけれらた、合理的な理由って？
・便利な「インスタント味噌汁」のルーツは？
・「さっぽろ雪まつり」で最初に雪像を作ったのは？"
2024-02-25,"覚えているなかで、いちばん最近見た夢は？
→何か現実の続きが夢になったなー。仕事関係だった気がする

◾️雑学
・文豪トルストイがレストランで言ったジョークとは
・ピカソはなぜ「つるっぱげ」にしていたのか
・アインシュタインの「マイペースすがいたスピーチ」
・ベンジャミン・フランクリンの「飲み屋での節約術」って？
・1年で145曲も作っていたシューベルトの「迷宮」
・マホメットの「すごい奇跡の起こし方」
・チャーチルの「意外な趣味」って？
・心優しきニュートンが、ハエを捕まえたたら
・織田信長が長男に付けたとんでもない名前
・勝海舟のとんでもない「暗殺者撃退法」
・イソップの「寓話のようなエピソード」
・大隈重信がいっさい文字を書かなかった理由
・一休さんと新右衛門さんの、笑える「トンチ対決」
・平民宰相・原敬はラブレターの内容を暴露されて
・熱血宰相・ビスマルクの機転？
・友人が急遽決めたサザンオールスターズの名
・有吉弘行が「得意の毒舌」を言わない理由
・子供のことの高倉健さんが「首にかけた注意書き」
・ソクラテスが処刑の前に言った「さすが一言」
・名言付きカレンダーで儲けた意外な人物
・「最期の言葉」が謎に包まれている偉人
5℃ 足立区 東京都 日本"
2024-02-26,"捨てられないものをひとつあげてください。
→本はあまり捨てられないですね

新しい現場の方の面接を行った。
以前、自分が面接できなくて建石さんにお願いしたら「所長にお会いしたい」と言ってきた方。何とも言えない気持ちになったけど、実際に会ってみたら、色んな資格を持っていて高スペックだった。でも結局断られてしまった。

蓮がオーストラリアから戻ってきた。
何か友達と仲良くやってたのを見て、蓮も蓮なりにコミュニティーができているんだなと思った。

◾️雑学
・お刺身に、どうして菊の花を飾るの？
・お子様ランチの旗を立てたのは誰？
・「生卵orゆで卵」は、どうすれば見分けられる？
・おめでたい時、なぜ赤飯を食べるの？
・清酒誕生のきっかけは「いやがらせ」だった？
・人気のお酒「獺祭」の「だっさい」って何？
・「ロマネコンティ」はなぜ高い
・「柿の種」は、ある失敗から生まれた
・サンマの「ワタ」が美味しいのには、理由がある
・焼き鳥の「カシラ」はどこの肉
・寿司屋の湯呑みはなぜ大きい？
・カップかき氷の側面はなぜ波型？
・「呑んだ泡盛」を減らさない方法
・ウナギはなぜ、腹は白いのに背中は黒い？
・プロの料理人が意識する「メイラード反応」とは？
・ご飯のことを「めし」という理由

◾️哲学者の言葉366"
2024-02-27,"あなたはオリジナル？それともリミックス？どうして？
→リミックス。何も0から生み出していない。

本田金属に集塵機の撤去に行った。
三好のパーキングで会議を佐々木さんとやっていたら、関越道で事故があったようで三好のパーキングで1時間ぐらい足止めを食らったよね。
何かタイミングが悪くて、結局本田金属での仕事は無くなったけど、三郷を出てから5時間ぐらいかけて移動して、三郷に帰ってきただけだった。

◾️雑学
・かつてヨーロッパで女性に道路側を歩かせた理由
・昔の映画で、ターザンがワニに勝てた理由
・「カウボーイの死因ナンバー1」が残念すぎる件
・「最後の一葉」の作者、O・ヘンリーには前科があった
・「死んだフリ」がうますぎる小動物がいる
・亀の寿命は、本当に「万年」？
・徳川綱吉にフンをかけた鳥はどうなった？
・花火の掛け声で有名な「玉屋」のセンチメンタルな話
・明治時代に1ヶ月で28万人を集めた「奇獣」とは？
・「へっぴり腰」って、漢字を書くと実は・・・
・「とばっちり」の語源は、下ネタだった
・つっこまずにはいられない「名ゼリフ」の日本語訳
・ナイアガラから命がけで生還した男の「意外すぎる死因」とは？
・「貫禄がある人」のそもそもの意味
・あのお笑いグループの命名時の「珍エピソード」
・おとぎ話の「鬼の数え方」でわかること

◾️哲学者の言葉366"
2024-02-28,"いちばん最後に病気になったのはいつですか？
→2年前の腎結石

ラジオを聞いてたら、
おばあちゃん、そのバッグどこで買ったの？
まゆみ値引きできません、で買ったのよ。
みんなで使うって素敵だね
フリマアプリ
の後、
創価学会ってCMで、何だコレって思った。
そして、そのCM聞いた時に中村さんが隣にいたからこの件に関してお話ししようと思ったんだけど、中村さんが創価学会だったらどうしようって思って、話を止めました。
5℃ つくば市 茨城県 日本"
2024-02-29,"このおまけの日に何をしましたか？
→無駄な会議だった

3M会開催。
何だかよくわからない会議だった。
ルールを決めて、それを守り切るしかないよね。

◾️雑学
・「万里の長城」は、実際、何の役に立ったのか
・自分の「名前のつづり」を統一しなかった大作家とは
・大航海時代、謎に包まれた「集団失踪事件」
・「紳士」って、もともとどんな人たち
・徳川家康が戦場に「側室の女性」を連れて行ったわけ
・明治維新の時に、東京を首都にしたのは誰
・実はすごく大変だった「切捨て御免」
・日本で最初に火葬にされた人物は
・江戸時代の人は、現代人よりも「酔っ払いづらかった」
・黒船の船員たちが「夢中で食べたもの」とは
・日本で最初に禁止された賭博は
・高野山に入ることを禁止された動物って
・樋口一葉が結婚するはずだったのは「あの大文豪」
・カメハメハ王がハワイを統一できたワケ
・日本初の「ツアーコンダクター」
・破壊されかねなかった、「世界一美しいお墓」って"
2024-03-01,"どうすれば、今日をもっとよい１日にできましたか？
→ポジティブ、元気、感謝

◾️雑学
・本好きの人なら必ず体験する「？」、「青木まりこ現象」って？
・「世界一イライラする曲」って、どんな曲
・住民のほとんどが「同じ名字」の島がある
・知っているようで知らない人体の3つの「くぼみ」とは
・「幸運の女神」の意外な正体って
・なぜ、世界一長い川の順位は入れ替わる
・日本一短い川の長さは
・世界一祝日が多い国はどこにある
・イギリスの都市伝説「ヒュー・ウイリアムズの奇跡」って
・サスペンスドラマの犯人は、なぜ断崖で告白する
・数学では、なぜ未知数wp「X」で表す
・哲学者アリストテレスが「誤解していたこと」って
・「囚人服」のイメージは、なぜ縞模様
・「転がってなくなる消しゴム」に頭に来て発明されたもの
・注意！YESとNOが逆な国
・猫が「座りながら作るもの」って
・ヨーロッパの人が数カ国語を話せる理由
・「ニアミス」って、距離で言うと何メートル
・日本の刑法で「最も重い罪」って
・奇想天外な植物の名前
・最も多くの犠牲を出した「人喰いトラ」
・高級な将棋の駒を見分ける方法
・「頭を切り取られても生き続ける、すごい生き物」とは
・人類にとっての「奇跡の一万年」って

◾️哲学者の言葉366"
2024-03-02,"しょっぱい？それとも甘い？
→

◾️哲学者の言葉366"
2024-03-03,"昨晩はひとりで寝ましたか？
→1人で寝れて嬉しかった。
毎日1人だけど。

Yahoo!の記事で珍しく笑ってしまった。
当たり前だろ！って話で面白かった。

DAT横浜にコンテナ設置。
15分で終わった。
内田洋行 調布市に照明器具を取りに行った。
20分で終わった。
運転時間はそれぞれ片道1時間ぐらい。
イージーな仕事だったなー。


◾️哲学者の言葉366"
2024-03-04,"お母さんに何を聞いてみたいですか？
→質問は特に無いなー

健康診断で休み状態だった。
東武環境の営業の方から連絡があり、昨日の未明に火災を起こしてしまったらしく、受入中止とのこと。
また木屑が出荷できないってモメるだろうね。

金沢商会さんからの荷物を受入れしてもらえないと佐々木さんから連絡があって、怒ってた。ヤードはホントに動かないというか、考えられないんだなと思った。

◾️哲学者の言葉366
14℃ 足立区 東京都 日本"
2024-03-05,"今、好きな言葉は何ですか？
→No pain,No gain

穏やかな1日になればいいなと思ったけど、やはり運輸が荒れてるとの話。
何なんだろうな。

◾️哲学者の言葉366
4℃ 足立区 東京都 日本"
2024-03-06,"あなたにとっての強敵は誰ですか？
→人はいないです。カッコつければ、自分かな

産廃の修了テストのために前日に大阪に行こうかどうか迷ってる。
ただ、とりあえず休んでみた。


◾️哲学者の言葉366
5℃ 足立区 東京都 日本"
2024-03-07,"____をやってみるのは、やめたほうがいい。
→人の悪口

大阪に産廃の修了試験を受けるために、始発で大阪に行くことにした。
舎人ライナーの始発に乗ったんだけど、そこそこ人が乗ってて驚いた。
心なしかお酒臭い気もするけど、恐らく60歳オーバーの方がそこそこ多くて、何でかなと思う。
30分で試験が終了して帰った。
新幹線内はほとんど寝てたなー。


◾️哲学者の言葉366
6℃ 足立区 東京都 日本"
2024-03-08,"いちばん最近聴いた歌は何ですか？
→creepy nutsのブリンバンバンバンボン

センコー商事の所長が見えられた。
ガソリンカードを提案された。
何か安かったな。

◾️雑学
・「作曲を教えて」と頼まれた、モーツァルトの返事
・発明王エジソンは、プロポーズも手が混んでいた
・童話作家アンデルセンには「あこがれの職業」があった
・岡本太郎の「鏡よ鏡・・・」
・伊達政宗が「茶碗にキレた」理由
・泥棒に入られた良寛さんが、つぶやいたひと言
・「いつ完成するんだ？」と聞かれたガウディのナイスな回答
・ディズニーがミッキーマウスを生み出した理由
・ビートルズの「大ヒット曲」に隠された秘話
・大女優エリザベス・テイラーの「究極のダイエット法」とは
・シャーロック・ホームズを生んだ作家は、名探偵だった
・アガサ・クリスティーの「執筆中に欠かせなかったもの」
・活字中毒だった作家サマセット・モーム、読む本が無くなって
・マークトゥエインとハレー彗星の「奇跡のような巡り合わせ」
・松尾芭蕉を苦しめた持病とは
・上杉謙信が「号泣して哀しんだこと」って"
2024-03-09,"今日、無視したかった人は____です。
→小倉商事の岩崎さん

アサガミの仕事で船橋で搬入作業をやった。
とにかくイージーだった。
養生のやり方を学んだ。

◾️雑学
・「吾輩は猫である」のモデルになった猫の名前は
・光源氏の「本名」を知っている
・こんな「こだわるを持つヒーロー」、誰でしょう
・次元大介、峰不二子の元ネタは
・ドラえもんの「しんちょう」に込められた秘密って
・アルプスの少女ハイジ、もう一つの物語
・ムーミン、身長の秘密
・お化けのQ太郎は、なぜ毛が3本
・ゴルゴ13が言った、衝撃のジョーク
・フーテンの寅さんの「職業名」、知ってる
・「巨人の星」の星飛雄馬は命拾いしていた
・「バカボンのパパ」バカになった理由って
・ガリバーが日本に来てついたウソとは
・西部劇「マカロニウエスタン」はなぜできた
・井原西鶴の「お金持ちになれる薬」って
・無観客なのに開催された、思い出したくない大相撲
・大相撲市場に残る巨人の勝敗は"
2024-03-10,"いちばん最近レンタルした映画は？
→映画借りてないなー

東都熱の引き取りで川崎に行った。
担当の方が、四千等身の後藤にそっくりでちょっとビックリした。
その後、清和ビジネスの案件で虎ノ門の福祉医療機構に行った。
一瞬で積み上がって、早く帰れてよかった。

◾️雑学
・お祭りの時の「わっしょい」って、どういう意味
・綱引きの掛け声、「オーエス」っていったい
・「いびつ」の語源になった、いびつな形のものとは
・「贅沢三昧」の「三昧」って
・言えるかな？英語の早口の言葉
・「ゴタゴタした話」を最初にしたのは誰
・「マメな人」の「マメ」を漢字で書くと
・「ヤバい場所」って、どんな場所
・「赤の他人」は、なぜ青でもなく黄でもなくて、赤？
・「天使」が出てくる粋な言葉
・「百聞は一見にしかず」には、続きがある
・ベランダで、洗濯物が「はしゃいで」いる
・もっとも多くの読み方をもつ漢字は
・「夜なべする」の「なべ」とは
・木戸孝允を「こういん」と読むことがあるワケ
・犬のことわざ、傑作選
・「凸凹」と「凹凸」の違いは
・「ケチな人」を漢字で書くと
・ベランダ・バルコニー・テラスの違いは
・湖・沼・池の違いは
・「挨拶言葉」の本来の意味"
2024-03-11,"今日、欲しかったのに手に入らなかったものは何ですか？
→時間です

何とかLIXILのアスベストの搬出の目処が立ってよかった。
一方鈴木さんは呑気に配車の依頼とかしてきて、何だかなぁって思った。
また私のメンタルも鍛えられた。

◾️哲学者の言葉366
11℃ 足立区 東京都 日本"
2024-03-12,"どこに住んでいますか？
→足立区

午後はビックカメラに行って、楽々精算用のiPadを買いに行ったら。
iPad miniがあったからそっちを買ってみたけど、楽々精算には画面がちっちゃいかなと。
まとめて3つ買わなくて良かった。
ただ個人的にiPad miniが欲しくなった。

◾️哲学者の言葉366
9℃ 足立区 東京都 日本"
2024-03-13,"１日が１時間増えるとしたら、何に使いますか？
→自分のための時間にしたい。例えば本を読むとか。

午後はビックカメラにiPadを買いに行った。
ビックカメラのアップルストアだと、購入金額の1%しかポイントがつかないから、さすがAppleだなーとは思うけど、自分のお金じゃないのにポイントがもらえて文句は言えないよね。

◾️哲学者の言葉366"
2024-03-14,"真実とは？
→知らなくていいこと

白戸さんの仕事で昭和ネオン（新所沢PARCO）に22時着で引取りに行った。
仕事自体は余裕でした。
帰ったのが2時ぐらいだったかなー。
次の日はLIXILに行かなきゃだったから、5時起き。3時間ぐらい寝れるから良かった。

◾️哲学者の言葉366"
2024-03-15,"話したくないことは何ですか？
→みさきさんとのことかな

LIXILのアスベスト搬出で、近藤さんと一緒に積込みと引取りに行った。
行きの道中は寝てたんだけど、帰りはずっと楽しく会話してた。
だけどMVJに行ったら、梱包が不完全すぎて突き返されてしまった。
近藤さんに迷惑かけたなー。
三郷で梱包をし直した時に、小野寺さんと山本さんが手伝ってくれてありがたかった。
私が18:30〜社長と神林先生と食事会があったので、梱包し直したアスベストをMVJに持っていく人がいなくて、川崎さんに依頼した。
川崎さんは私用があったのに、そっちをキャンセルしてMVJにアスベストを運んでくれた。
マジでありがたかった。
この恩は忘れないようにしたい。

社長と神林先生との飲み会の後、ルージュに行って、久しぶりにみさきさんと会った。
あの人たち、全然帰してくれないなー。

◾️哲学者の言葉366"
2024-03-16,"買いたいものは何ですか？
→PS5

高速走ってて、ふと横を見たらジジイが4人ぐらい乗ってる車で、全員が何か良い顔で笑ってて朝からいい気分になった。

ダイキンエアテクノの引き取りで川崎のユニオンビルに引き取りに行った。
10:00着で現場を出れたのが15:00ぐらいだった。
とにかく待機時間が長かったねー
ユニオンビルって言うぐらいだから、労働組合系の人が多いのかと思った。
そんな目で見てたら、そんな感じの人が多くビルに入って行ってて、
なんとなく納得した。
暗そうでインテリそうで、服装に気を遣ってない、みたいな。

◾️哲学者の言葉366
12℃ 草加市 埼玉県 日本"
2024-03-17,"新しいことを何かしてみましたか？
→脱毛を始めて、続けてます

オカムラの仕事でNHKに10:00着のところ9:30について、すぐ仕事させてもらえた。ただ、台車1台分の荷物だけで、「コレ今日持っていかなきゃいけないのかな？」って思った。
その後、赤羽にDATの引き取りで行った。
こちらも積み込み自体も30分程度で終わった。
こんな仕事が常にあったら運転手ってイージーだなと思う。

◾️哲学者の言葉366
19℃ 足立区 東京都 日本"
2024-03-18,"あなたの精神性を３つの単語で言うとしたら？
→諦め、鈍感、ポジティブ

今日でホントにLIXILが終わった。
最後まで大変だったな。
LIXIL（8:00）→MVJ（10:30）→三郷営業所（12:45）→高夫自動車（13:15）→板橋（15:00）→成田メタル安全会議（17:00）
全てが時間ギリギリでハラハラでした。

外環ですごい混んでいるから何かなと思ったら、ハリアーの下にアクアみたいな車が突っ込んでて、ハリアーがアクアの上に乗っかっていた。
どういう状況になったら、こんなことになるんだろうって思った。
少し眠かったけど、目が覚めました。
写真撮ればよかったなと思った。

◾️哲学者の言葉366
7℃ 足立区 東京都 日本"
2024-03-19,"あなたの仕事に対する考え方は？
→とにかく儲けて楽しく仕事をしたい。

引取りで西京橋へ。
あのあたりは20時過ぎると人がいるようでいないんだなー

◾️哲学者の言葉366"
2024-03-20,"春分の日

いちばん最近読んだ本は何ですか？
→「冬季限定ボンボンショコラ事件」米澤穂信
　　小市民シリーズの最終巻となった。面白くて好きなシリーズでした。
　　また何かの機会に復活してほしい

特に何もなく休みだった

◾️哲学者の言葉366"
2024-03-21,"今日、いちばん最初に口にした食べ物は____です。
→羽田空港で食べたうどん。あっさり味で美味しかった

マテックに行った
やっぱり飛行機は乗るだけでストレスがかかるなー
マテック苫小牧に行った。
とにかく凄すぎて、何が何だかよくわからなかったと言うのが本音です。

夜の食事が全部美味しかった
「居酒屋　古典家」
また行きたいなー。
カレーが美味しかったし、豆腐料理も美味しかった。
コーヒー焼酎っていう正式名称はわからないけど、それもとにかく美味しかった。飲み過ぎ注意だけど、いくらでも飲めそうだった。

すすきののキャバクラに渡邊課長、畠山課長、山田さんと行った。
何かあまり盛り上がらなかった。
やはり1人か佐々木さんと行くのが楽しいな。"
2024-03-22,"今日のニュースを書き留めてください。
→北海道の3月はめちゃ寒い。
　東京の感覚で行ってしまって、本当に寒くて死んじゃうかと思った。

吉田さんに会った。
本当に久しぶりで、変な意味ではなくすごく立派になってた。
嬉しかったなー。
少ししか話せなかったけど、嬉しかったな。
環境展で東京に来れるかもって言ってたから、会えるなら会いたいな。

飛行機の座席が絶対俺が窓際なのに、すでに我が物顔でおばさん的な人が座ってた。やはり何も言えなかった。まぁ通路側でもいいけど。
飛行機内で「十角館の殺人」を読んだ。20年前ぐらいの作品だけど楽しめた。
昔の作品だから、スマホとかないし、インターネットとかもそこまで普及していないから何となく今の感覚とは違うけど、楽しめたなー。
飛行機にしっかり本を忘れてきた。

千歳空港で飛行機の搭乗を待っている時に、社長に会って、社長にANAのプレミアじゃないことで怒られた。
国内線でプレミアにしても何のメリットもないと思うんだけど。
たかが1.5時間程度のフライトにわざわざ高いお金を払う必要が感じられなかったけど「上の人が良い座席とかで行かないと、下の人が上を目指したいと思わないでしょ」って言われた。
一理あるかと思うけど、上の人が節約することで下の人も見習う部分があるのかなと思った。
けど、社長が言うならそうなんでしょう。
8℃ 足立区 東京都 日本"
2024-03-23,"あなたはカントリー系？ロック系？ヒップポップ系？
→ヒップホップ系。わからんけど。

朝、田中さんから連絡があって「善方さんが真鍮を盗んだ」と言っていた。
色々調べた結果、善方さんが黒なんだろうな。
あまり信じたくないことだけど。
ショックです。

◾️哲学者の言葉366
9℃ 足立区 東京都 日本"
2024-03-24,"今日についてどんな空想をしましたか？
→昨日のことが夢であって欲しいと思った

久しぶりにゆっくりできた。
休みが本当に愛おしい。
明日みんなに何て言おう・・・。
社長にも報告しなきゃなー

◾️哲学者の言葉366
10℃ 豊島区 東京都 日本"
2024-03-25,"____で笑った。
→笑えない出来事が起こった

GPSのデータを見た結果、やはり善方さんが黒だった。
18時から善方さんと面談を行った結果、自ら自供した。
過去にも少しずつ持ち帰っていたようで、何か怒りとか悲しみとか無念とか、色々な感情がよぎった。
自分も情けないなーって思った。
自分の力の無さが原因だなと思った。
期待していた分、ショックも大きかった。

◾️哲学者の言葉366"
2024-03-26,"あこがれの人は誰ですか？
→メッシ

GLOBE産業に西京橋の廃棄物を搬出。
東京情報システムに佐々木亮くんと一緒に引き取りに行った。
とにかく雨が強い時間帯に行ってしまったため、結構濡れたな。
道中は佐々木亮くんから質問攻めにあった。
乗った瞬間から「真鍮ですか？」と聞かれ、善方さんのことだなーって思って、話をした。あんま覚えてないけど、色々聞かれたなー。
人のこと、仕事のこと、会社のこと。
最後に安全靴を経費で買ってくれないかって言ってたけど、買ってあげるよって言った時に、使ってないアシックスの安全靴があったのを思い出して、亮くんにあげた。

善方さんからセキュリティーカードやスマホを回収してなかったので、夜に来てもらって返してもらった。
その時に「会社を辞めようか辞めないか迷ってた」って言ってて、むかついた。
何か「ちょうどよかった」的なニュアンスが見てとれて、何だそれって思った。

夜はやはり西京橋に引き取り。
もう道も覚えてきたなー。

◾️哲学者の言葉366"
2024-03-27,"最近、幸福の絶頂だと感じたのはいつですか？
→休みがあること

西京橋のインターロッキングをGLOBEに搬出。
長岡鉄筋に795で引取り。
3往復ぐらいしたけど、道が狭くてなかなか運転の腕前を試される道だった。
資材置き場に795を入れる時に、プレジャーの元駐車場のパイプに795をぶつけてしまってあおりに穴を開けてしまった。
お恥ずかしいし情けない。
夜はまたまたた西京橋の現場に引き取り。
インターロッキングを結構積んだ。
ギリギリ過積載ではないと思うけど、ヒヤヒヤするよね。

◾️哲学者の言葉366"
2024-03-28,"今日のことで覚えておきたいのは何ですか？
→早く帰れるって素晴らしい

長岡鉄筋コンクリートに終日引き取りの予定だったけど、昨日で全て終わったから今日は午前中だけ仕事して、午後は帰った。
すぐ寝ちゃったなー。

ラジオを聴いてたら、わざわざラジオにメールを送って同棲相手にメッセージを送ってた。何か気持ち悪いなって思ったんだけど、何で気持ち悪いのか言語化できないなー

◾️哲学者の言葉366

13℃ 足立区 東京都 日本"
2024-03-29,"今日にふさわしい歌や詩の一節を書いてください。
→無闇にネットで調べたらいけないんだなー

会社からの帰りに軽い気持ちで絢子に「善方さんって前科とかあるのかなー」って言ったら、ネットで名前を引っ掛けてくれた。
そしたら「建造物の不法侵入と窃盗」の罪で判決が下ってた。
つまり前科があったんだなー。
それを聞いた時に、運転してたんだけど寒気がしました。
久しぶりに心の底から怖いなーって思った。

草加市のデジタル小電の引き取りに行った。
テクノプランニングの引き取りで稲城市まで行った。
現場の職人が俺の口癖を聞こえるように真似してて、軽くイラッとした。
とにかく道が混んでで、帰りにすごい時間がかかった。
年度末って嫌だなー

◾️哲学者の言葉366
16℃ 足立区 東京都 日本"
2024-03-30,"今日の色を選んでください。
→くすみ切った灰色って感じ

午前中下川さんの依頼で印刷ロールの搬入を行った。
10tとか13tとかあって、それを人力で押すとか鈴木さんは言ってたけど、絶対無理だなって思った。
それで鈴木さんを獨協大学前駅まで送ったけど、その後のオカムラの現場が学芸大学前だった。
土曜だし、人通りが激しいし、道は狭いし、一方通行だらけだし、マジで行くのに大変な現場だった。
次の方にちゃんと教えてあげなきゃなと思った。

常務と一緒に善方さんのヒアリング。
まだ処遇が決まっていないのに、働き出したことに常務は軽く怒ってたなー。
でも実際は冷静に対応されてて流石だなと思った。
善方さんとのヒアリングの中で、我慢できずに「ネットに名前がのってるけど、これは善方さんのことですか？」と聞いたら、正直に白状した。
20代の中盤頃は盗みで生活してたって言ってて、やはり怖くなった。

社長に報告したら、逆恨みが心配だし、被害金額も少ないことから、今回は告訴しないで穏便に済まそうかと言った話になった。

常務から田中さんからのヒアリングの話を聞いた。
精神科に行っているらしい。
この方も限界だなと思う。

◾️哲学者の言葉366
18℃ 足立区 東京都 日本"
2024-03-31,"これからないと生きていけないと言う発明品は何ですか？
→どんな言語も瞬時に翻訳機だと思う

今日で23年度が終わり。
業績的には問題なく終われたと思う。
またすぐに新しい年度が始まるけど、
毎年燃え尽き症候群になるんだよな。

◾️哲学者の言葉366"
2024-04-01,"誰をだましていますか？
→家族ですかね

今日から小倉商事の案件でJRからコンテナが搬入される。
この件で豊田さんから電話があって、無理だ的なことを言ってたけど、
結局何もやらないだろうから何も問題ないと思っている。

健介さんと藤沼さんが来てくれて、解体が始まった。
音がやはりうるさいですね。

◾️哲学者の言葉366"
2024-04-02,"いちばん親しい人は誰ですか？
→今は佐々木さんかな

本日は意味もなく休んだ。
3月が終わって、いきなり時間ができて嬉しい。
休めるうちに休みたいな。

土浦で1月に辞めた斉藤さんから、ホームページ伝いにメールが来て、「土浦の木村課長、柴田課長をはじめ、ほとんどの人からセクハラ発言等を受けた」との連絡が来た。
善方さんの件が終わったと思ったら、今度はセクハラですか。
大変です。

◾️哲学者の言葉366
15℃ 足立区 東京都 日本"
2024-04-03,"今日は楽しかった？それはなぜ？
→楽しくはなかった。ひたすら仕事したなー

山田さんが小倉商事からのコンテナ搬入に立ち会ってくれたので、事務処理に集中できた。
ありがたかったなー。

嵐のニノさんが言ってて、なるほどなーって思った発言
ドラマとかを3か月やって、最後に「勉強になりました」って言うのはやめよう。
現場はお金をもらって発揮する場だから、お金をもらってるのに勉強になる場ではない。
って言ってた。
なるほどなー。


◾️哲学者の言葉366
13℃ 足立区 東京都 日本"
2024-04-04,"今日、何かひとつ起こってほしいと願うなら、何ですか？
→小倉商事からのコンテナの解体で、戸張さんからクレームが出ないで欲しいって思った。

他人が握ったおにぎりが食べられないって言う人は、お寿司も食べられないのか？って記事を読んでちょっとウケた。

タクシーに「ストップ！カスハラ」ってシールが貼ってあるらしいんだけど、何かモヤっとする。言語化したいなー。

◾️哲学者の言葉366
18℃ 台東区 東京都 日本"
2024-04-05,"____に深く心を動かされた。
→

夢に田中みなみが出てきて、良い感じになってた。田中みなみが好きになった。

コンビニでペットボトルを買おうと扉を開けてる時に、奥からペットボトル補充してるのと同時になると、何か怖い。
向こうからこっちを見てると思うと怖い。

◾️哲学者の言葉366
11℃ 板橋区 東京都 日本"
2024-04-06,"いちばん最近テイクアウトした食べ物は何ですか？
→マックですね

家族でデニーズに夕食を食べに行ったら、隣の男女が会話してた。
その内容が「この値段を見ると、サイゼリアのコスパがいかにいいかがわかるよね。この値段だったらサイゼリアだったら、たくさん食べられる」っていってた。
別にいいんだけど、わざわざデニーズにいる時に言わなくてもよかったんじゃないかと。
品格が問われるなと思った。

◾️哲学者の言葉366
14℃ 足立区 東京都 日本"
2024-04-07,"今、どんな色の服を着ていますか？
→ネイビーのスーツ

蓮の高校の入学式に出席。
理事長が不適切な発言をしたようで、すべてが終わってから校長が謝罪してた。

朝録画していたネタパレを見てたら、トリオで真ん中の女性を挟んで2人の男が裸足だったっというネタだっだけど、要町から池袋行きの電車を待ってる時に、そのトリオの1人のような人が裸足で歩いてた。
面白かったのと驚いたのと、怖かったなと思った。

◾️哲学者の言葉366
17℃ 豊島区 東京都 日本"
2024-04-08,"秘めたる情熱は何ですか？
→早く仕事からリタイアしたい


https://news.yahoo.co.jp/articles/0207b7a292139cd3b859df67b33ab3197fcf0d1d
副作用？がなかなかの薬ですね。
でも脂肪が落ちるってすごい薬だなー

◾️哲学者の言葉366
19℃ 足立区 東京都 日本"
2024-04-09,"いちばんくつろげるのはどこですか？
→自分の家と自分の部屋

特に何もない1日でした。

◾️哲学者の言葉366"
2024-04-10,"今日やらずにすませた雑用は？
→

三八会に出席。
吉永メタルさんが廃業するとのことで、最後にお会いした。
よく喋っていたな。
ああいう時ってどんな顔して良いのかなって思う。

◾️哲学者の言葉366
16℃ 足立区 東京都 日本"
2024-04-11,"今日いちばん気に入った効果音は何の音？
→

コマニーの積み込みの手伝い。
コンテナをフォークで動かすのが全然うまくならない。
難しいなと思った。

◾️哲学者の言葉366
16℃ 足立区 東京都 日本"
2024-04-12,"最近新しく学んだことを書いてください。
→

内部統制会議、定例経営会議。

午後は休んでエアコン取り付け立ち会い。
やっとエアコンが付いた。
エアコンから涼しい風が出るって嬉しい。
これで今年の夏は快適に過ごせるかな。
次はりんかの部屋のエアコンを変えたあげたい。

◾️哲学者の言葉366
15℃ 足立区 東京都 日本"
2024-04-13,"日曜日の朝は、何をするのが好きですか？
→いつも通り起きて、掃除、洗濯など身の回りの整理整頓

LINEで「。。。」や「…」を使うのは、最近の若者は気持ち悪いらしい。
おじさん同士でやり取りするなら別に問題ないけど、会社でLINE WORKSを使っていて、若い方もたくさんいるから使わないように気を付けなくちゃなと思った。
便利なんだけどなー。
そういえば、畠山課長はよく使っているなと思った。

会社をほぼ休んで、銀座に社員総会用の手土産と、余興用の家電系を買いに行った。
銀座の歩行者天国の道沿いに座っている人、全員外国人説。

◾️哲学者の言葉366
16℃ 足立区 東京都 日本"
2024-04-14,"特に努力しなくても手に入るとしたらどんな才能がいい？
→

DATの相模原の現場に引取りに行った。
16時に赤坂に引取だったけど、金田さんが変わってくれた。
ありがたいなー。

昨年東京都内の現金の落とし物
・総額：44億
・落とし主が回収した額：33億
・落とし主が表れなくて、拾った人に渡った額：5億
・落とし主が表れなくて、拾った人も辞退した額：6億
→拾った人がもらう人よりも辞退した人の額の方が多い
　人間性が素晴らしい人が多い
　一方、拾った額にもよるのかなと思った。
　高額な金額を拾ったら、やはり欲しくなってしまうこともあるのかなと思った。
　それが悪いことだとは思わないけど。

◾️哲学者の言葉366"
2024-04-15,"インタビューしてみたいセレブは誰ですか？
→メッシ

終日本社で対応。
・トライチャーム
・帝国データバンク
・三井住友L&R来社
担当者が変更になったとのことでご来社された。
元担当の小板橋さんは出会った頃から髪の毛が伸びていた。
それを言ったら、わざわざ結んでいた髪の毛をゆすって見せてくれた。
何だろう、この言語化できない気持ち。

◾️哲学者の言葉366
19℃ 足立区 東京都 日本"
2024-04-16,"興味のある政治問題は何ですか？
→特にない

ニワシャーリングへ引き取りに中村さんと佐々木さんと一緒に行った。
機械を出すのが重かったなー。
すごい汚いというか乱雑だった。
犬がいたんだけど、老いた感じが辛い感じがした。
パッチもいずれこなるのかなと思った。

◾️哲学者の言葉366"
2024-04-17,"自分のいちばんの欠点は何だと思いますか？
→他人への関心のなさ

浜屋に3台で出荷。
その後、武蔵野うどん澤村に行った。
山田さんが味に感動してて、「プライペートでも行きたい」と言っていた。
何かそう言ってくれると、連れてきた甲斐があったなと思う。

エコマイニングの小畔さんが来社された。
ご挨拶したいと言って来て、小畔さんから何も言ってこないのは何だろう。
逆に気を遣ってしまった。
そっちからしゃべりなよって思った。

◾️哲学者の言葉366
18℃ 足立区 東京都 日本"
2024-04-18,"今日、解決できた問題を書いてください。

宇都宮への引き取りに山田さんと行った。
ゲートで何とか引き上げられたけど、
これって経験がなければ思いつかない方法だなっと思った。

旧前川図書館への入札で入札場所を間違えて、遅刻してしまった。
結果、失格となった。
山田さんと一緒に行ったんだけど、何か申し訳なかったな。

山田さんへの対応がよくわからない。
まだどこまで信用して良いのかわからないし、
どんだけ話していいものやら。
どんだけ仕事に対して犠牲にできるか。

◾️哲学者の言葉366"
2024-04-19,"亡くなった有名人と夕食をできるとしたら、誰がいい？
→

浜辺美波が夢に出てきた。
すごい可愛くて好きになった。
夢に出てくる芸能人が多くて嬉しいですね。

金子さんが事故にあった。
大きな事故だった。
奥さんが元看護師のせいか、冷静だった。

◾️哲学者の言葉366
16℃ 川口市 埼玉県 日本"
2024-04-20,"今日、何回くらい人をののしりましたか？
→1回かな

成田メタルのヤード条例に関して、北山さんが関わっていたけど、「成田メタルにかかりっきりだと、やまたけのヤード条例対策ができない」と社長に言って、外して欲しいとの話だったらしい。恐らく前田専務とウマが合わないのも理由の一つだと思う。
真相はわからないけど、途中で仕事を放り投げるのは私だったらプライドが許さないなと思った。

◾️哲学者の言葉366
23℃ 三郷市 埼玉県 日本"
2024-04-21,"「お仕事は何ですか？」尋ねられたら、どう答えますか？
→リサイクル業界で働いていると答えます。

休みは休みだったけど、事故の件で何も感じない一日だった。

◾️哲学者の言葉366"
2024-04-22,"あなたは、____が起こらないでほしいと願っている。
→タイムリーに事故が起こらないで欲しいと思っている。

ブライトウィング浅岡先生と打ち合わせ。
資料の作成、見せ方などは本当に勉強になった。

金子さんの奥さんから今後について聞きたいことがあるとの話があったので、社長と一緒に話を聞いた。
・金子さんが痛みで苦しんでいること
・家族が辛い思いをしていること
・防げた事故だったのではないか
といったことを言われた。
何とも言えない気持ちになって凹みました。
久しぶりに精神的な理由で痩せそうです。

◾️哲学者の言葉366"
2024-04-23,"ご両親はあなたをどんなふうに思っている？
→普通だと思っている。何も感じていないんじゃないかな。

朝から社長を交えて、事故対策を行った。
基本的には考えた対策の他に追加はなかった。
社長からは「豊田さんが原因」と言われてしまったけど、まぁ私のせいでもありますので。
社長の豊田さん評価がまたまた下がってしまった。

◾️哲学者の言葉366"
2024-04-24,"人生は公平？不公平？いろいろ？今日は公平？
→公平と思えば公平だと思う。
　全ては自分次第だと思う。

コベルコの重機の見積りが出てきた。
住友と比べてだいぶ安くて、住友にする理由がなかなか見つからないなと思う。

金子さんの奥さんに「限度額認定証明書」を送ってしまった。
労災だからいらなかったってことに気づかなかった。
それに対して「共有されていないと思い、ツライ思いをした」とメッセージがあった。やってしまったなーって思って凹んだ。

◾️哲学者の言葉366
15℃ 足立区 東京都 日本"
2024-04-25,"電話しなければいけない人は？
→レバントホテル東京の古川さんに電話する

運転手の渡辺さんと面談。
何か明るい方のような気もするけど、ちょっと空気感が違う気もする。
ただ37歳と良い感じの年齢だった。

マインドシェアさんとの打ち合わせ。
フェイスブックのページを作る案を出してもらった。
炎上することを気にしてたけど、ページを作るだけなら炎上リスクは低いとのことだった。
検討してみようかな。

◾️哲学者の言葉366"
2024-04-26,"いくらくらい小銭を持っていますか？
→20枚ぐらいで古銭入れを納めたいです。

運転手で小森さんって方と面接した。
良い感じの人だった。採用しようかなって思う。

午後は美女木倉庫でガラスを外す作業を手伝った。
確かに一人で作業するには危険な作業だと思った。

何か咳が止まらない。
風邪なのか、黄砂アレルギーなのか。

◾️哲学者の言葉366"
2024-04-27,"あなたはどんな「タイプ」の人間ですか？
→感情がないタイプの人間

社員総会だった。
反省はそんなにないけど、
金子さんの事故の件を話すときは緊張したかな。
相談役が今、そんなこと言わなくて良いのになと思う発言があって、
何だかなーって思った。
斉藤さんの講演とか良かったんだけど、
どれだけ三郷の皆さんに響いて行動に移るのかなと思った。
反省点として、スライドはある程度文字を大きくしないと一番後ろの人は見えないなと思った。

北山さんが三郷に対してなんか言ってたみたいだけど、
だったらやってみたら良いんじゃないって思った。
恐らく言い方に偉そうっていうか癖があるから、
誰もついてこないと思う。

◾️哲学者の言葉366"
2024-04-28,"一日だけ入れ替われるとしたら、誰になりたいですか？
→メッシ

昨日の疲れからなのか、ほとんど記憶がなく寝てた。
夜に鎌倉パスタにりんかとようと行った。
パンが食べ放題なのは良いなと思う。
ホント久しぶりにカルボラーナを食べたんだけど、
やっぱりチーズがダメなのかと思った。
気持ち悪くなっちゃうんだよなー。

◾️哲学者の言葉366"
2024-04-29,"昭和の日

バラし場の移動のために、佐々木さん、中村さん、篠田さんと一緒に非鉄の片付けと櫓の移動を行った。
午前中で一旦終了して、今日は帰った。

りんかの体調が悪そうで熱があった。
私の風邪がうつったのか、どっかからもらってきたのか。

eight jamという番組で「宇多田ヒカル」特集をやっていた。
やっぱいいよね。宇多田ヒカル。
ベスト盤が欲しくなった。
travelingはやっぱいいなと思った。

今の時代の音楽業界って、新曲同士で競うだけでなく、
昔の曲にも簡単にアクセスできるから、競争相手が多くて大変だなと思う。

日向坂46の番組を見てたら、大喜利を一生懸命やっているのが好感が持てるし、面白くて応援したくなる。編集の力もあるしオードリーの力もあるんだとうろは思うけど。

洗車をしたいなと思っているけど、雨が降るっぽいのでなかなか行けないなと思った。

◾️哲学者の言葉366
22℃ 足立区 東京都 日本"
2024-04-30,"あなたの人間関係を３つの単語で表すとしたら？
→

バラシ場の解体作業1日目
まずは屋根の下にある荷物を出した
無駄な物が多くて捨てまくった。
定期的に見回って捨てないとダメだなと思った

◾️哲学者の言葉366"
2024-05-01,"ごちゃごちゃしている？すっきりしている？
→すっきりしている

リコーさんが担当者が変わったとのことで来社された。
使えると思って複合機を導入するときに、スキャンをExcelっファイルとかに変換できる機能を月額いくらで追加したけど、結局使えなくて解約した。
無駄だったなと思った。
千葉銀行さんも来た。
いい融資提案があったけど、社長からNGが出て今期は追加で融資を受けないことになりそうだ。

◾️哲学者の言葉366"
2024-05-02,"ためらっていますか？
→何もためらっていない

バラシ場の解体作業2日目
全部を解体し終わった。
すっきりした。本当にいらないものが多くて驚いた。

◾️哲学者の言葉366
15℃ 足立区 東京都 日本"
2024-05-03,"憲法記念日

蓉の部活で必要なシューズを買いに行ったついでに、「菩提樹」という店に行った。たまたま前を通ったら行列ができていたから行ってみた。
人気店らしく、限定20食のハンバーグを蓉が食べていた。
一口食べて美味しさでビックリした顔をしていたのが印象的だった。
自分はロースカツを食べたけど、美味しかった。
どっかの姉妹店らしいけど、その姉妹店にも行ってみたいと思った。

蓉のシューズはステップスポーツというところに行った。
結構人がいて、人気店なんだろうなと思った。
店員さんも丁寧ですごい知識が豊富なように感じた。
陸上（走ること）が好きなんだろうなと思った。
店内で有名なナイキの厚底シューズを持ってみた。
本当に軽くてびっくりした。
ただ耐久性が低いと言っていたが、厚底部分が発泡スチロールみたいだった。
本番で使うのだろうけど、練習の時も使ってたらお金かかるだろうなと思った。
３２，０００円ぐらいしたと思う。

藤井青銅の「トークの教室」という本を読んだ。
トークの構成や心構え？的なことが書いてあった。
自分の感情が動いた事柄がトークになる
「なぜそう思ったのか」を自問自答して、丁寧に分析してみたいと思った

◾️哲学者の言葉366
21℃ 足立区 東京都 日本"
2024-05-04,"みどりの日

いちばん最近泳ぎに行ったのはいつですか？
→白小鳩のプールに行って以来かもしれないので、6〜7年前ぐらいかな。

昨日の夜から「涙の女王」を見始めた。
夢中になって徹夜で見ました。
韓国ドラマ典型の「すぐ泣く」「病気」「財閥」「ライバルがすごい嫌なやつ」「一旦主人公同士が別れる」「交通事故」「記憶喪失」「家族が仲悪い」などが盛りだくさんで、やっぱ面白いなーって思った。
主人公の女優さんがすごく綺麗な方だった。
栗山千明を10倍ぐらい綺麗にした感じだった。
主人公の男優さんは、やっぱり細マッチョだった。
韓国の俳優の体を見ると、自分も鍛えたいなーって思う。

【韓国ドラマランキング】
1位：梨泰院クラス
2位：愛の不時着
3位：涙の女王
4位：サイコだけど大丈夫
5位：ヴィンチェンツォ
6位：ザ・グローリー

◾️哲学者の言葉366
29℃ 足立区 東京都 日本"
2024-05-05,"こどもの日

今日は____でとても楽しかった。
→何も楽しくない

オカムラさんの引き取りに行った。

それ以外特に何もしなかった。

◾️哲学者の言葉366"
2024-05-06,"振替休日

いちばん最近行ったパーティーは？
→パーティーとかやらないっすね

休みが最終日となった。
休みが欲しくてたまらない年齢になった。

◾️哲学者の言葉366
20℃ 足立区 東京都 日本"
2024-05-07,"あなたの生涯を映画にするとしたら、演じるのは誰？
→誰でもない。

会社を休んでゆっくりした。
「恋は光」っていう映画を見たけど、なかなか良かった。
西野七瀬が役柄もあるけど、普通に演技できてた気がする。
馬場ふみかがカワイイなと思った。

「小説の神様」っていう、橋本環奈が出てる映画も見た。内容はまぁ面白くはなかったけど、橋本環奈の無駄遣いかなって思った。


◾️哲学者の言葉366
20℃ 足立区 東京都 日本"
2024-05-08,"かわいいと思う人は？
→田村眞子アナウンサー

常務と給与の打ち合わせを行なった。
常務は基本的に従業員に優しいから、給与を上げようとする。
今年度はインフレの影響もあってかなりのベースアップにした。

◾️哲学者の言葉366
17℃ 三郷市 埼玉県 日本"
2024-05-09,"先延ばしにしたいことは何ですか？
→豊田さんのこと、山﨑さんのこと、田中さんのこと、村松さんのこと

定例経営会議
三八会
マインドシェア打合せ
埼京会合同定例会←めんどくさくて休んだ

なんか慌ただしい1日だった。

◾️哲学者の言葉366
15℃ 足立区 東京都 日本"
2024-05-10,"今日一日をどんなふうにスタートしましたか？
→まだまだやる気が出ない1日でした。

トライワークスの習志野の現場に行った。
初めて行ったけど、そこそこ大きな建物だった。
隣が駐車場で車がしっかり止まっているけど、
傷つけないようにしてほしいなと思った。

◾️哲学者の言葉366"
2024-05-11,"自分のことをどんなふうに覚えていてほしいですか？
→面白い人だなって覚えて欲しい

浜松赤十字病院にインターロッキングの修理立ち会いに行った。
9時から始まって、11時には終わった。
ただ浜松は遠いなと思った。
スマホが無ければ眠くなるだけの距離だと思う。

◾️哲学者の言葉366"
2024-05-12,"じっくり調べてみたいものは何ですか？
→法律

旧家電ヤードの鉄板の囲いを切断する作業の立ち会い
14時ぐらいには終わった。
ギロチンの修理も同じ日にやってて、そちらは17時ぐらいまでかかった。
その間特に何もやってなくて、Netflixとか見て時間潰していた気がする。

◾️哲学者の言葉366"
2024-05-13,"今日あなたを愛してくれているのは誰ですか？
→パッチ

春日部労働基準監督署に行って、
金子さんの死傷病報告書を提出してきた。
また嫌な気持ちっていうか思い出して凹んだ。

夜はみさきさんとご飯に行った。
水炊きのお店で美味しかったな。
ただしょうがないけど暑かった。"
2024-05-14,"よきライバルの条件とは？
→同じ価値観であること、目標が同じこと

日本テクノの島倉さんが来た。
漏電のデータを見せてもらったけど1000を超えていて、
何だかなーって思った。
機械が古いからしょうがない一面もあるけどね。

島倉さんから同業者紹介してくださいアピールがすごくて、
ちょっとめんどくさくなった。

安全衛生委員会を行なった。"
2024-05-15,"あなたのいちばん功績は何ですか？
→功績なんてないよね

特に何もない1日でした。
23℃ 足立区 東京都 日本"
2024-05-16,"今週は何曜日がいちばんよかったですか？
→水曜日。無駄に休んだ。

贈る薔薇の本数で色々な意味がある
1本→ひと目ぼれ　運命の人
3本→告白　あなたを愛しています
10本→あなたはパーフェクト
12本→私と付き合ってください
100本→100％の愛
108本：結婚してください
999本→何度生まれ変わってもあなたを愛します

へーって思った。

◾️哲学者の言葉366
25℃ 豊島区 東京都 日本"
2024-05-17,"今日、____を捨てた。
→感情を捨てた。

金子さんの奥さんと三郷中央病院に行った。
金子さんの左手に力が入らないらしく、MRIを取りに来たとのことだった。
後遺症なのか何なのかわからないけど、大事に至らなければいいなと思った。

その時、「今こうゆう顔すればいいんだろうな」って考えながら表情と会話をしてた。
自分を後ろから見てる気分。
年取ってこの感覚が多くなってきた。

ミュージックステーションを久しぶりに見た。
企画みたいなVTRが流れてる時、ワイプで抜かれている人って、よく見るのはVTRを見てる顔が抜かれてて、ワイプを撮っているカメラの方を見ることってないことが多いと思うんだけど、恐らく韓国の女性アイドルグループがワイプで抜かれる度にカメラ目線でポーズとかしてて、時代なのか国民性の違いなのか、何かへーって思った。"
2024-05-18,"時間を遡って何かを変えられるとしたら、何を変えますか？
→有明興業の佐々木さんと飲みに行かなければってことかな

嵯峨さんとDATの引取りに行った。
車中でお父さんのことを聞いたら、かなり容態が悪いらしく難病指定の病気も持っているとのことだった。
不安定な運転手でやっていけるのかなって思った。
24℃ 足立区 東京都 日本"
2024-05-19,"最近した中で、いちばんクリエイティブなことは何？

特に何もしてなくてゆっくりできて良かった。
幸せです。"
2024-05-20,"愛ゆえにしたことで、いちばんクレージーだったことは？
→子供のことを思って、たまたまワンピースカードが売ってたから、6箱買ったら30,000円超えてビックリした。

例えば「今まで見た映画で一番は何ですか？」って質問は難しいなと思う。
聞かれても答えが難しいなって。
しかもセンス試されてる気がする。
もし聞かれたら「最近見たなかでは…」って答えるといいのかなって思った。
22℃ 足立区 東京都 日本"
2024-05-21,"あなたの給料はいくらですか？
→90万／月

成田メタル定例会議
AGCにコンテナ設置作業を佐々木さんを連れて行った
成田メタルの安全会議に出席

22℃ 足立区 東京都 日本"
2024-05-22,"最近、刺激的な会話をしたのはいつですか？
→刺激的とは？刺激的な会話してないなー

環境展に佐々木さんと山田さんと行ってきた。
アスベストの検査設備が3,500万で揃うとのことだった。
何か少しお金の匂いがする事業だなとおもった。

その後、鉄板料理→沖縄料理に3人で行った。
沖縄料理で泡盛のコーヒー割りを頼んだ。
美味しかった。

その後daikichiとルージュに行った。
久しぶりにルージュでアフターまで行った。
疲れたなー。
やっぱ調子に乗っちゃいけないね。"
2024-05-23,"どんなヘアスタイルですか？
→まんなかわけ

午前中は寝てました。
3Aコンサルタントと打合せ。

あかね氏とご飯に行ってからdaikichiへ。
新橋のパチパチっていうお好み焼き屋に行った。
AKB48の真夏のサウンドグットのポスターが貼ってあって、
そこにサインが書いてあった。
感動したなー。
料理も全て美味しくて、また来たいなと思った。

daikichiは混んでて良かったなと思った。"
2024-05-24,"今日、あなたをやる気にさせたのは何ですか？
→まだまだやる気が出ない

AGCにコンテナの引き上げに行った"
2024-05-25,"明日どこへでも旅に行けるとしたら、どこに行きますか
→

蓮の高校のイベント？の一環で、留学生を受け入れることになった。
6月中旬から2週間程度らしいけど、その2週間苦痛だなと思う。
どう接すればいいのかわからない…
20℃ 足立区 東京都 日本"
2024-05-26,"今日、あなたをしつこく悩ませたものをあげてください。
→毎日つまらないことで悩んでいる

DAT関係で厚木に引き取りに行った。
早く着いたら、早く用意がされていた
積み込みの時間は10分ぐらいで、すぐ帰って来れて嬉しかった。
こんなことがあるから運転手は楽だよなって思う。
22℃ 三郷市 埼玉県 日本"
2024-05-27,"今、あなたを快適にできるものは何ですか？
→エアコン

日本航空が事故続きで国交省に呼ばれて謝罪きたっていうニュースがあって、それの切り取りが写真が、女性社長が90度に体を曲げて頭を下げてて、役人だか大臣がそれを見てるっていう構図だった。
何か嫌な気持ちになったなー。
何か切り取りに悪意を感じるというか。"
2024-05-28,"あなたは北の人？南の人？それとも真ん中？
→すげー質問だな。わかんないけど北の方が好き

喫煙所の会話って、そこにいる全員が聞いていると思う。それがレベルの低い会話だったら、なおさら苦痛です。
今日は友達関係ぐらいの男女が女子の彼氏？の話をしてた。女子が別れた彼氏みたいな話をしててその人のことを「ほんとバカ」って言ってて、お前もそのレベルの低い会話、バカだろって思った。顔もかわいくなかった。
25℃ 港区 東京都 日本"
2024-05-29,"ドコモの伊礼さんがきた。
伊礼さんって電話の声が暗すぎて、困るレベル。
会うとそうでもないんだけどね。"
2024-05-30,"今日読んだものの中で、いちばんよかったのもは？
→その着せ替え人形は恋をする14巻

Yahoo!のニュースにまた「あいのりの桃」が出てきた。前はウザいぐらい出てて、最近はあまり見なかったけど今日急に出てきた。
少し懐かしさを感じるぐらいでした。
でもやっぱり「お前、誰だよ」って話だも思うし、この人の記事をタップしたことないんだけどなー。
27℃ 三郷市 埼玉県 日本"
2024-05-31,"お財布にいくら入っていますか？銀行の預金残高は？
→わからない

池袋西武の下見に行った。
なかなかの物量とめんどくささだなと思う。"
2024-06-01,"十段階で言うとしたら、今の健康状態は？
→7ぐらいかな

休みました。
来週の施工管理技士の試験勉強をした
ただ佐々木さんから池袋西武の工程表が送られてきて、
それの手直しに結構時間がかかった"
2024-06-02,"直感を信じますか？
→信じます

試験勉強を行なった"
2024-06-03,"今、いちばん会いたいのは誰ですか？
→メッシ

渡辺課長が来て、ヤードのレイアウト変更などを行なった。
豊田さんが相変わらず、三郷営業所の人の話を渡邊課長にしてて、
そういうの恥ずかしいって思わないのかなって思う。
あと、全て自分の手柄的に話すけど、何もやらないよねって思っている。
16℃ 足立区 東京都 日本"
2024-06-04,"今日____を書きました。

ロケットランチャーが北九州市の河原で見つかったニュースで、それはそれで面白いんだけど、ヤフコメで知識をひけらかすやつ、マジで痛いと思う。

25℃ 三郷市 埼玉県 日本"
2024-06-05,"いちばん最近食べた果物は？
→果物って食べないなー

埼玉部会、埼京会の通常総会に出席
司会をやらされた。
リハーサルは問題なかったんだけど、
本番は人が多くなってちょっと緊張した。

その後の懇親会ではマジシャンが来て、
やっぱ目の前でマジックをしてもらうと感動するね。
締めの挨拶を高山社長がやったんだけど、
いつもの恒例の締めの挨拶の途中で、
日本鉄リサイクル工業会の高井専務がすごい顔してたなー
二次会でその話を高山社長にしたら、やっぱ気付いてて、
あの顔に気付いてたのは高山社長と私しか知らないんだろうなって思った。
二次会は行ってみたら楽しかった。

その後、佐々木さんと山田さんに呼ばれて、
池袋へ。
前行ったキャバクラに少しだけ行ってその後、3時ぐらいまで飲んで帰った。"
2024-06-06,"家族のなかでいちばん仲がいいのは？
→絢子かな

午前中は寝てました
午後は本社でゆっくりしてた。
23℃ 足立区 東京都 日本"
2024-06-07,"今日、何にいちばん感謝しますか？
→

社長と夕方まで銀行の挨拶まわりに行った。
三菱の支店長は確かに偉そうだった。
政策金融公庫の支店長は静かな人だった。
商工中金は社長が明大ラグビー部のレギュラーだったって知った瞬間からテンションが２段階ぐらい上がってた。

夜は社長と山田さんとうっしっしで食事。
楽しい夜でした。
池袋西武が終わったらまた食事しようとのことで終わった。
次は九兵衛って話もあった
22℃ 荒川区 東京都 日本"
2024-06-08,"あなたはどんなときに落ち込みますか？
→無駄に怒っちゃった時、感情的になってしまった時

結構ヤバめのニュースだなと思った。
↓
見た目や容姿で人を判断する「ルッキズム」。外見至上主義とも訳される価値観が若い世代を中心に加速している。背景にあるのは、SNSで流れてくるキラキラな世界。「見た目が何より大事」と、整形を希望する中高生も増えている。AERA 2024年6月10日号より。

【調査結果を見る】自分の容姿に関心を持ったきっかけはなに？

＊  ＊  ＊

 無邪気に発せられた一言が思春期の心にぐさりと刺さった。

「ブタ、ブタ」

 東北地方に住む女性（40）は、10代の頃に兄弟や従兄弟から何度もそう繰り返されたことが忘れられないでいる。どれだけ嫌だと伝えても、やめる気配はなし。もともと感じていた体形へのコンプレックスが、さらに強くなった。

「同級生に言われることもつらかったけれど、それ以上に一番身近な親族にからかわれることが一番こたえました」

 大人になってからも引きずってしまい、人前でうまく話せないことが何度もあった。最近になってようやくトラウマは薄れていったが、思いは切実だ。

「子どもの頃は自分のいる世界が狭く、同級生や大人の言葉に傷つくことが多くありました。その時に受けた容姿への評価が大人になっても影響すると知ってほしい」

 見た目や容姿で人を判断することを「ルッキズム」という。外見至上主義とも訳され、SNSの発展で急速に広まったともいわれている。

■まるで違う顔になっている、二重整形する生徒が増加

 AERAが5月中旬に実施したアンケートでは「ルッキズムという今まで形容できなかったことが、言葉として出てきたことがいい」（40歳・女性）という意見もあったが、多感な若い世代ではルッキズムが過剰になりがちなようで「（子どもたちから）『自分はブスだから努力してもしょうがない』『一軍にはなれない』という言葉をよく耳にする」（小学校教諭・27歳・女性）という声も寄せられた。

 プラン・ユースグループが2022年に実施した意識調査では、15歳から25歳までの女性の56.2％が「SNSをきっかけに自分の容姿に関心を持った」と回答。「友人との会話」や「雑誌、テレビなどのメディア」を上回る結果で、SNSの影響力の大きさが浮き彫りになった。

 Xやインスタグラムなど、多くのSNSには過去の閲覧・検索履歴に応じておすすめの投稿を表示させるアルゴリズムが取り入れられている。欲しい情報に簡単にアクセスできる半面、自分の容姿が気になり始めると、そればかりに固執してしまうリスクは大きい。

 若い世代におけるルッキズムが、

「『けっこうヤバい状況になっているな』と衝撃でした」

 と話すのは、関東地方の公立高校に勤める男性教諭だ。衝撃を受けたのは昨年2月に目にした、ある美容クリニックの二重整形をすすめる広告だ。

〈たった3年の高校生活。1秒でも長くカワイイ私で過ごしたい〉

 制服姿の3人の女子高生がさわやかに走る写真に、そんなキャッチコピーが躍る。10代の子どもたちに二重であることが正しいことだと植え付けるような内容に驚いたが、他人事ではないとも感じた。

「高校入学時と卒業時とでは、まるで違う顔になっている生徒もいます。特に二重整形が多い。クラスに一人とまでは言いませんが、そのくらいの感覚です」

 男性教諭の学校では、今年の眼科検診で初めて「カラーコンタクトをつけている生徒が多すぎる」と医師から指摘された。生徒たちの容姿への意識が年々強まっていることを感じている。

■「見た目さえ良ければ」SNSで変化した序列意識

「部活離れが進み、放課後は生徒に介入しない風潮が強まっていることも原因ではないでしょうか。子どもたちにとってはリアルよりSNSの世界でどう見られるかということが大事で、一日3時間以上SNSを見ている生徒はざらにいるのが現状です」（男性教諭）

 男性教諭の勤務する学校では、数千人のフォロワーを持つ「インフルエンサー」が在籍していて、その生徒に憧れて入学してくる生徒もいるなど影響力は大きいという。

 社会学者で石巻専修大学の高橋幸准教授は、SNS社会でルッキズムが加速する背景には二つの問題があると話す。

「自分の身近だと思っていた『普通の高校生』がSNSに上げる写真や動画を見ていると、無意識のうちに自分と比較してしまい、現実とメディアの世界との線引きがしづらくなります。また、Xやインスタが稼げるコンテンツになったことで、外見の良さが経済と密接になった。SNSは視覚優位のメディアなので『見た目さえ良ければ、自分もこうなれたのではないか』という序列意識も強まったのではないでしょうか」
25℃ 足立区 東京都 日本"
2024-06-09,"よい友人とは？
→お互いを尊重し合える仲ですかね。

2級建築施工管理技士の一次試験だった。
会場が拓殖大学だったけど、キレイな大学だった。
試験は何かできたようなできなかったような。40問中23、4問は自信がある方だけど、残り1.2問取れてないと受からないかなと思った。
過去問をしっかりやって、予想問題的な物で知識の定着を測る勉強法が効率いいように思った。
23℃ 足立区 東京都 日本"
2024-06-10,"浜屋の井ノ口さんが退社するとのことで挨拶に来てくれた。
いい人だったなー。
次の会社のことは何にも聞かなかったけど、もう少し元気があるといいのかなと思った。でも次の職場でも頑張って欲しいなと思う人だった。"
2024-06-11,"成田メタルの安全会議にWebで参加した。
成田メタルって絶妙に遠いんだよな。"
2024-06-12,"三郷の自動車破砕業の更新調査にきた。
油水分離槽が汚くて、訂正されてしまった。
そこに溜まっている汚泥から有害な成分が出てしまったらしく、
木幡興業さんが吸い取ってくれないんだよな。
困っちゃう。"
2024-06-13,"定例の経営会議
内部統制会議
と会議の連続だった。
考えてみると、特に内容って覚えてないんだよな。
意味があるのかないのか。"
2024-06-14,"トライワークスの安全会議だった。
その後、みんなで飲みに行った。
その後佐々木さんと南越谷のいつものバーに行った。
ひびきさん？が可愛かったけど、そんなに面白い人では無かったなって思う。
テキーラの一気をやったけど、そこまで面白く無かった。
その後、武村さんの行きつけのクラブに行った。
あさひさんって方が横についてくれて飲んだけど、
そこまで面白い方ではなかった。
鈴木さんが遠目で見る限り、ずっとクールだった。"
2024-06-15,"朝、すっかりコマニーのお台場の仕事があるの忘れてて、
起きたら9時だった。
久しぶりに冷や汗と後悔とですごい嫌な気持ちになった。
次の週って勘違いしてたってことにして、篠ちゃんには謝った。
次の日をしっかり考えてお酒を飲まなきゃと改めて胸に刻もう。

夜にみさきさんとさっちゃんとで飲みに行った。
Creepy NutsのLIVEに行くとか言ってたけど、お金の払い込みを忘れてたらしく行けなかったらしい。
台湾料理やで飲んだサワーみたいのが爽やかで美味しかった。
その後さっちゃんのお店の猫屋でセルフ飲みを行なった。
そこでミセスグリーンアップルが嫌いって話から、カラオケに行った。
なんでミセスグリーンアップルが嫌いなんだろう。
なんか爽やかすぎるって言うか、軽いって言うか、頑張れの押し付けって言うか、が理由なのかなって思うけど、まだまだ深堀りが必要ですね。"
2024-06-16,"シェーンが来た。
迎えに池袋に行った。
めちゃ細くて、背が高い子だった。
とにかくいい匂いがする。
そして絶妙な緊張感がすごい。"
2024-06-17,"取締役会だった。
いつもの焼肉屋って美味しいんだけど、とにかく食べすぎてお腹がいっぱいになった。
その後、リンさんのやっているスナック？に行った。
リンさんは相変わらず面白い人だったな。
その後、佐々木さんの得意のあれが出ちゃって、南越谷に行くことになった。
一軒目はあさひさんのところに行った。
前回よりも面白かったけど、微妙な感じでした。
二軒目は佐々木さんの行きつけのところだった。
名前は忘れちゃったけど、ギャルっぽい子で、その子は面白かった。
テキーラ観覧車をまた飲んだ。
ゲームをやって、トランプのエースを引いたらテキーラを飲むってやつで、
5枚中4枚がエースの中、私だけエースを引き当てなかった時は、興奮しました。"
2024-06-18,"前日の飲み過ぎが祟って、ほぼ潰れていた。
家族はシェーンを連れて、ディズニーシーに行ったようだ。"
2024-06-19,"本社で仕事するって感じで、三郷に行かなかった。
やる気が出てこない。"
2024-06-20,"あなたの自伝の冒頭部分を書いてください。

金曜ロードショーで、映画の字幕をワイプで高速で流す意味が全然わからない。
ちょっと考えてみたい。

◾️これからの日本の論点2024
論点1：生成AIが社会・経済に革命をもたらす。重大リスクへの対応が求められる
・オープンAI
・サムアルトマン
・マイクロソフト
・生成AI
・LLM（大規模言語モデル）
・ユニコーン
・イーロンマスク
・×AI
・北京智源人口智能研究院（BAAI）
・ディープフェイク
・テクノロジー規制
・メタバース

論点２：グローバルサウスの怒りが世界を揺らす
・グローバルサウス
・BRICS
・QUAD
・AUKUS
・上海協力機構（SCD）
・I2US
・G20
・国連改革の必要性
・食料、エネルギー危機
・米欧による「二重基準」
・過去の植民地問題
・中南米などの反米左派政権
・トランプ前大統領

論点３：相次ぐ重要選挙。民主主義に真の危機が迫るか
・民主主義
・グローバルインフレ
・台湾海峡問題
・20ヵ国地域首脳会議
・欧州議会
・選挙不正
・米連邦議会選挙事件
・広島G7サミット
・経済的威圧
・グローバルサウス"
2024-06-21,"フジテレビ系連続ドラマ「おいハンサム!!」（season1は2022年、同2は今年5月まで放送）が映画になった。21日から公開される。いずれも監督・脚本はフジ出身の山口雅俊氏。インタビューに応じた山口氏はこの映画を故・竹内結子さん（2020年、40歳で没）に捧げたいという。【高堀冬彦/放送コラムニスト、ジャーナリスト】

【写真8枚】“美少女すぎる”中学生時代の「竹内結子」さん

「おいハンサム!!」は約2年前のseason1開始時点では、ほとんど話題になっていなかった。主演が旬な若手俳優というわけでもない吉田鋼太郎（65）で、放送枠も0時をまたぐ深夜ドラマ（土曜午後11時40分）だったから無理もない。ところが、放送が始まった途端、SNSは大賑わい。雑誌は特集を組んだ。

 過去に類似作品が見当たらず、斬新だったからだ。ホームコメディであるものの、ナンセンス調でも人情喜劇でもない。吉田が扮する主人公、やや暑苦しいが憎めない父・伊藤源太郎と家族の日常が淡々と描かれる。

「今の時代に合う、ホームドラマの新しい形をなんとしても生み出したいという強い気持ちがありました。家族の群像劇が広く受け入れられるにはどうしたらいいのか、自分の中で試行錯誤した結果でした」（山口雅俊氏、以下同）

 プロの評価も高く、日本民間放送連盟賞の番組部門テレビドラマで優秀賞など多くの賞に輝いた。人気と評価に後押しされ、今年4月からはseason2が放送された。そして今度は映画になった。

 源太郎の家族とは、妻・千鶴（MEGUMI）、長女・由香（木南晴夏）、次女・里香（佐久間由衣）、3女・美香（武田玲奈）。この5人の言動には一定のリアリティがあるものの、観ているとプッと吹き出してしまう。山口氏はごく普通の人間が持つ滑稽さや狂気を描くのが抜群にうまい。

 たとえば、season2で源太郎は偶然、長女・由香の日記を見つけた。読みたくて仕方がない。父親なら誰だってそうではないか。妻の千鶴は「読めばいいじゃない」と軽く言うが、良識ある父親でありたい源太郎は我慢する。

 ついには欲求を堪えきれず、千鶴の勧めもあって読んでしまったものの、そこには元日から2日分しか書かれてなかった。あとは真っ白。「3日坊主以下か……」。千鶴はその日記帳をメモ代わりに使っていた。源太郎は我が子にあきれ果てたが、読むか否かで悶々とした彼の姿にもおかしみがあった。

 源太郎のみならず、3姉妹も会社員。それぞれの職業人としての哀歓はほぼ均等に描かれる。千鶴の主婦としての日々もそう。また、3姉妹は独身なので、その恋愛事情も等しく表される。

「今の時代のホームドラマは、そうであるべきだと思います」

 平成期までのホームドラマは親か、あるいは子供の誰かにスポットライトが当てられた。しかし、実際の家族はそれぞれが主人公。このドラマは現実に沿っている。新しさを感じさせる理由の1つだ。

ノーマークの深夜ドラマが映画に

 映画になってもそれぞれの日常が描かれる。特別な設定は用意されていない。

「登場人物たちが突然海外に行ったり、殺人事件に巻き込まれたりしません（笑）」

 ドラマと映画の世界観は同じだという。

「このドラマのファンの方は、ダラダラと観るのが楽しいという人も多いと思いますので、『映画になったら、どうなっちゃうんだ』と心配されているかも知れません。でも、そういう人にも『これは確かに映画にする意味がある、大画面で見てよかった』と思ってもらえるようにつくってあります」

 映画での源太郎は頼まれてテレビ出演したところ、不規則発言を連発してしまう。大丈夫なのか。長女・由香は知らない男からの間違い留守電メッセージを心待ちにする孤独でトホホな日々。

 次女・里香は既婚のデザイナー・原（藤原竜也）への思いを断ち切るため、京都へ“恋愛疎開”するが、そこで一波乱ある。3女・美香は貧乏漫画家で一応は婚約者的な存在のユウジ（須藤蓮）とはたぶんダメな感じになっている。

 山口氏は3姉妹をどう見ているのだろう。

「まず由香役の木南さんはリアクションの芝居とか受けの芝居が抜群です」

 確かに由香のウソがバレたときなどの表情は笑える。

「木南さんはお芝居として成立させることが出来るだろうかっていうギリギリのシーンも軽々と成り立たせてしまう。まさにプロフェッショナルでいつも頼りにしています」

 佐久間が演じる里香はseason1では結婚しており、大阪に住んでいたが、これには裏事情がある。

「佐久間さんにはぜひ出てもらいたかったんですが、season1の撮影時の彼女はスケジュールがなかった。でも、この作品にはどうしても佐久間さんが必要だった。伊藤家と別に住んでいることにすれば、別撮りでなんとかなる。それもあって既婚者にしました。成人した3姉妹の全員が、ずっと同じ家にいるのも不自然なのだから、ちょうどいいなと」

 その後、里香は精神的に幼い夫の大輔（桐山漣）の浮気が発覚したことによって離婚した。佐久間のスケジュールも徐々に取れるようになり、別撮りの必要はなくなった。

 美香役の武田は、山口氏脚本・演出のTBSの連続ドラマ「新しい王様」（2019年）で主演の藤原竜也の相手役に抜擢され、「おいハンサム!!」でブレイクした。現在はテレビ朝日系（制作・朝日放送）の「あなたの恋人、強奪します。」（土曜深夜2時30分）に主演している。

「武田さんの声や日本人離れしたスタイルの良さは、ものすごくコメディ向きなんです。幅広い表現力もある。世間が気付いてなかっただけなんですよ」

「誰よりも原作を尊重」

 山口氏の俳優の才能を引き出す力は折り紙付きだ。過去にはフジの「カバチタレ！」（2001年）で常盤貴子（52）と深津絵里（51）をコメディエンヌとして広く認知させた。窪塚洋介（45）の知名度と評価を決定的にしたのも常盤貴子とダブル主演した同「ロング・ラブレター～漂流教室～」（2002年）にほかならない。

 2010年からTBS系（制作・毎日放送）の連ドラと映画で大ヒットした「闇金ウシジマくん」シリーズでは、山田孝之（40）を主人公の闇金業者・丑嶋馨役に起用。山田は俳優としての幅を飛躍的に広げた。

「ウシジマくん」は同名漫画が原作で、作風はシリアスかつダーク。丑島は極悪キャラだ。従来のキャスティングの常識なら、アクション系のコワモテな俳優が起用されそうな局面だが、山口氏の考え方は違った。丑島に原作以上の清潔感とチャーミングな一面を持たせ、群像劇の味わいを付けることにより、視聴者層と観客層を拡大させた。

「おいハンサム!!」もそう。これまで家庭人のイメージが薄かった吉田鋼太郎を3姉妹の父親役に起用したことが成功につながった。

「源太郎はちょっとウザくて強いパパ。昭和のホームドラマの頑固オヤジとはかなり違います」

 それが吉田にぴったりと合い、本人のドラマの代表作に加わった。それだけではない。出演者全員、損をした俳優が見当たらない。全員がハマり役。当たり前のようで、最近のドラマでは珍しい。

「成功する作品というのは、何となくそうなるものです」

 山口氏のドラマ、映画は原作者も損をしない。青年向け漫画が原作だった「カバチタレ！」にはドラマ化後、女性も飛びつき、発行部数が激増した。1972年の「ロング・ラブレター～漂流教室～」は楳図かずお氏の原作漫画を再評価する声が高まった。どちらも大胆に改変してあるが、トラブルは一切なかった。

 山口氏が「原作を映像化しようとする作り手は、誰よりも原作を尊重し原作に詳しくなくてはならない」という信念を抱いているからだろう。

「適当に原作を持ってきて、『これがやりたい』といえばプロデューサーを名乗れるかも知れませんが、それは実は本当のプロデューサーではない。最終的に作品の全責任を背負ってこそのプロデューサーです」

「かけがえのない存在だった」

 伊藤理佐氏原作の「おいハンサム!!」もそう。原作は漫画でクスリと笑えるハートウォーミングなコメディだが、山口氏によって爆笑を誘いつつ日々の生活や人生のための指針や教訓に満ちた内容になった。それでいて原作の持ち味、スピリットは一切崩されていない。

 山口氏はこの映画をフジ「ランチの女王」（2002年）、同「不機嫌なジーン」（2005年）で組んだ竹内結子さんに捧げたいという。意外な気がするが、そこには深い後悔の念がある。

「ドラマのseason1で源太郎のこういうセリフを書きました。『どんなに身近な店でも、いつでも行けると思わないこと。どんなに大切な人でも、いつでも会えると思わないこと。結局、積極的にかかわろうとすることでしか、その関係は守れないんだ』」

 山口氏は生前、竹内結子本人から「（次の役のオファーを）待ってますよ」と伝えられていた。しかし竹内はすでに堂々たる主演クラスで、そのポジションにふさわしい役や企画が固まるまでと、連絡を控えていた。

「小さい役やまだ思い付き段階の企画であっても、たとえそれが事務所に門前払いされても、もっと頻繁にやりとりし、彼女とかかわるべきでした。僕にとって竹内さんは大切な役者、かけがえのない存在だったのですから。ドラマ『おいハンサム!!』の源太郎のセリフはこう続きます。『だから……、あれこれ遠慮するな。あれこれ考えるな。電話をしろ。手紙を書け。会いに行け。あとで後悔しないように』。これが竹内さんを失った僕の強い思いなのです」

 山口氏のドラマ、映画には例外なく本人の哲学が込められている。

◾️これからの日本の論点2024
論点４：日本の株式市場。日経平均株価のバブル超えあるか
・脱デフレ
・パフェット氏の大手商社株買い
・経済正常化
・値上げ
・賃上げ
・中国経済減速
・ガバナンス改革
・東証の「PBR改善要請」
・自社株買い
・NISA拡充

論点５：見えてきた日銀・異次元緩和解体の姿
・修正、正常化
・短期決戦
・持久戦
・長期金利操作
・量的緩和
・質点緩和
・不確実性
・持続性
・副作用
・春季労使交渉
・賃上げ
・基準金利
・適用金利
・マイナス金利解除
・ゼロ金利解除
・量的緩和解除

論点６：岸田税制は火の車〜膨らむ支出、定まらぬ財源〜
・巨大な政府
・モダン　サプライサイド　エコノミクス
・ニュー　ワシントン　コンセンサス
・ワイズ　スペンディング
・GX経済移行債
・バラマキ
・財政ファイナンス
・国債費
・カーボンプライシング
・パンとサーカス
20℃ 足立区 東京都 日本"
2024-06-22,"ゴミ屋敷片付け案件で横浜に行った。
期待していたゴミ屋敷ではなくて、一軒家の外に出ている8リューベぐらいのゴミだけでちよっと拍子抜けだった。

◾️これからの日本の論点2024
論点７：大幅拡充の新NISA。積極活用か尻込みかで資産の二極化が鮮明に
・貯蓄から投資
・資産所得倍増プラン
・つみたて投資枠と成長投資枠
・インデックス型投信
・アクティブ型投信
・テーマ型投信
・仕組債
・インフレ
・英ISA
・信託報酬
・デリバティブ（金融派生商品）

論点８：少子化が止まらない日本。これから直面する「人口爆縮」とは
・合計特殊出生率
・異次元の少子化対策
・将来推計人口
・児童手当
・子育て連帯基金
・消費税
・希望出生率
・団塊ジュニア世代
・人手不足問題
・省人化
・タスクシェア
・人口爆縮

論点９：綱渡りの電力供給、脱炭素と安定供給を両立するエネルギー政策は
・脱炭素
・安定供給
・資源高騰
・電力値上げ
・原発再稼働
・再生可能エネルギー
・新電力
・インフレ抑制法（IRA）
・水素
・CCS
・GX（グリーントランスフォーメーション）基本方針
・エネルギー基本計画"
2024-06-23,"シェーンがビリーアイリッシュのポップアップストアに行きたいとのことで、表参道に行った。
久しぶりに表参道に行って、ポップアップショップが始まるまでリンカと歩き回って、すごい懐かしくて楽しかったな。
蓮がシェーンとの生活が限界なのか、友達と遊びたいって怒って、途中で帰っちゃったのは、まぁしょうがないよねって思った。
帰ったことに対して絢子が怒ってたけど、しょうがないよってなだめた。

◾️これからの日本の論点2024
論点１０：岸田政権、いつまで何を？党総裁の再選戦略と両にらみ
・衆院解散・総選挙
・自民党総裁選
・新しい資本主義
・デジタル田園都市国家構想
・貯蓄から投資へ
・安全保障関連３文書
・GX・DX
・首相プレミアム
・憲法改正
・ポスト岸田

論点１１：「アジャイル」でないと勝てなくなる
・アジャイル
・ムーアの法則
・電気自動車（EV）
・電費
・人工知能（AI）
・オレンジ効果
・収穫逓減
・複利
・指数関数
・開発サイクル

論点１２：VUCAワールドを生き抜くカギは「ソフトな資本」
・VUCA
・人的資本
・心理的資本
・ネット・プロモーション・スコア
・エンゲージメント
・バーンアウト
・出生率
・関係性資本
・心理的安全性
・「罰と恐怖」による経営"
2024-06-24,"次なる社会活動は？
→

人材紹介会社のネット打合せで、畠山さんと参加したのだけれど、畠山さんの名前が「Holic Worka」でウケる。

全体の安全会議でまた金子さんの事故の件で、発表があった。
何かしょうがないけど、田中先生がやりたいだけだったんじゃないかなって思った。何か納得いかないって言うか、そんな話聞いてなかったけど、資料を用意しといてよかった。

◾️これからの日本の論点2024
論点１３：ESG、ブームは去り成熟の時へ
・環境問題
・人権
・企業統治
・α
・β
・米大統領選
・欧州委員会
・物言う株主
・資産運用会社
・ラリー・フィンク氏

論点１４：企業はバフェット氏の期待に応えるか
・バフェット
・日経平均
・総合商社
・PBR
・ROE
・マージン
・FRB
・日銀
・アニマルスピリッツ
・M&A

論点１５：人手不足が迫る。持続的な賃上げと構造改革
・ベースアップ
・ルイスの転換点
・人手不足倒産
・2024年問題
・最低賃金
・労働生産性
・社内公募制
・リスキリング
・ジョブ型人事制度
・人的資本経営
・アルムナイ
・フレキシキュリティー
35℃ 三郷市 埼玉県 日本"
2024-06-25,"みさきさんと猫屋に行ってから、ルージュへ。
早く帰るつもりだったけど、なんだかんだ遅くなってしまった。
宮川さんが辞めるとのことで、最後にお会いできてよかった。
色々お世話になったなー。
ルージュで出会った20歳の女の子（るりさん？）が可愛かったんだけど、気が強そうだなって感じだった。
短いスカートでパンツが見えてしまってたんだけど、恥ずかしかった。
アフターでカラオケに行ったんだけど、そこに大将（金子さん）とさっちゃんも来た。
何かさっちゃんが怒ってて、少し気まずかった。

◾️これからの日本の論点2024
論点１６：ビックテックの覇権はまだ続くのか？新スター台頭のチャンスは？
・GAFAM
・マグニフィセント・セブン
・イノベーションのジレンマ
・ディスラプション
・生成AI
・深層学習
・大規模言語モデル（LLM）
・オープンAI
・ChatGPT
・Bing
・Bard

論点１７：消費落ち込む日本、インバウンド回復でどうなる
・Z世代
・インバウンド
・ライブストリーミングショッピング
・ライブコマース
・バイヤー型消費
・モノ消費からコト消費
・オーバーツーリズム
・値上げ
・PBシフト
・単位価格の上昇

論点１８：2024年の大統領選、バイデンVSトランプの再対決か？
・米大統領選
・文化戦争
・憲法修正25条
・スーパーPAC（政治活動委員会）
・長老支配（ジェロントクラシー）
・ネガティブ・パーティザンシップ（負の党派制）
・人口妊娠中絶
・不法移民問題
・赤い州（レッド・ステート）
・青い州（ブルー・ステート）
・激戦州（スイング・ステート）
・第3党
・ノー・レーベルズ（無銘柄）"
2024-06-26,"いちばんの贅沢は？
→朝8時ぐらいに起きて、好きなことをやる休日

シェーンとの最終の夜。
渋谷にメキシカンを食べに行った。
途中豊田さんから電話があって、山崎さんがJALの早出の件でなんか言っていることに対して怒ってた。
こっちもシェーンとのことがあるから、イラってしまった。
そもそも豊田さんと基本的なスタンスが違うから話が平行線になる。
それもそうだし、豊田さんは自分のことをまずはしっかりやれって思う。
自分の仕事と向き合えとは言ったけど、どこまで響いているのか。
ただ、話をしていて自分の感情があまりないとは改めて思った。

論点１９：経済安全保障論が半導体からグリーンにも広がる
・経済安全保障
・技術覇権
・米中対立
・米EU対立
・日米韓協力
・グローバル・サプライチェーン
・米CHIPS法・IRA法
・半導体
・グリーン・テクノロジー
・通商政策・産業政策

論点２０：切迫する台湾有事、最悪の事態直視し、重層的備えを
・台日同時有事
・中国共産党政権
・寿命を意識する独裁者
・ウクライナ侵攻
・非正規戦
・在台米軍
・台湾軍の戦略機動
・国民保護
・南方領土
・中国大動乱

論点２１：習政権に米欧から「覇権主義国家」の烙印」「２０３５戦略」に黄信号
・覇権主義
・2035戦略
・ゼロコロナ
・白紙運動
・中国の全盛期30年
・米中逆転
・米中分断
・社会主義革新価値観
・中国式の現代化
・習近平新時代

論点２２：ブレない尹大統領の死角、韓国総選挙で日韓にブレーキか？脱・不人気がカギ
・韓国総選挙
・元徴用工問題
・韓国のZ世代
・「NOジャパン」運動
・日韓の失われた10年
・李在明（イ・ジェミョン）
・北朝鮮の核・ミサイル問題
・北朝鮮の国防5ヵ年計画
・日朝首脳会談
・日本人拉致問題

論点２３：終わり見えぬウクライナ侵攻、カギ握るプーチン体制の行方
・オレンジ革命
・ハイブリッド戦争
・戦術核兵器
・ザポロジエ原子力発電所
・エフゲニー・ブリゴジン氏
・国際刑事裁判所（ICC）
・新興5カ国（BRICS）首脳会議
・ロシア大統領選挙
・中ロ戦略的パートナーシップ"
2024-06-27,"一番最近ピザを食べたのはいつ？どんなピザでしたか？

シェーンが帰った。
なんとなく緊張感から解放されて。
シェーンの特徴
・背が高い
・めちゃ細い
・結構喋る
・全然食べない
・日本語全然喋らない
・もしかしたらゲイより
・コスメとか好きだったなー
・常にいい香りを見に纏ってた

自分的にはいい経験になった。

◾️2024年世界を変える100の技術
００１：文書生成AI（質問に答えたり、説明文を書いてくれたり、議事録を要約してくれる）
００２：プロンプトエンジニアリング（AIの回答をうまく引き出すプロンプトを用意する）
００３：画像生成AI（文章で説明するだけで、欲しい画像を生成してくれる）
００４：オープンソースLLM（自社の環境で、自社だけの生成AIを構築し、活用できる）
００５：日本語LLM（より自然な日本語で文章の作成や質問への回答ができる）
００６：RLHF-人間のフィードバックに基づく強化学習（人間の好みや意図に合うように人間がAIに情報を与える）
００７：AI生成コンテンツの探知（AIで作ったコンテンツかどうかをAIで判断）
００８：ディープフェイク対策（AIで作った本物そっくりの偽画像などを探知）
００９：エッジAI（カメラやクルマなど利用者の手元に近いデバイスにAIを搭載）
０１０：畜産AI（発情兆候の検知や体重推定などにAIを利用）
０１１：AIうつ診断支援（機能的MRIで評価された脳の活動指標をAIで分析、うつの診断を支援する）
０１２：適応学習（生徒の学習履歴などを使い、AIが習熟度に応じて問題や教え方を変える）
０１３：歩行解析ソフト（動画を撮影するだけで高齢者などの歩き方を解析できる）
０１４：マテリアルズ・インフォマティクス（AIなどを使って材料の開発を支援）"
2024-06-28,"あなたの気分を天気予報で表すとしたら、天気は____。
→常に曇り空

カシワバラの長沼さんと葛西で飲んだ。
長沼さんは車で来たらしくお酒を飲まなかったけど、
結構盛り上がったなー。
AGCの設備予算が25億あるらしく、すごいなって思う。
AGC関連の仕事で1億ぐらい稼げるといいね。

◾️2024年世界を変える100の技術
０１５："
2024-06-29,"ダイキンの引き取りで八王子に行った。
9時着だったのに、40分ぐらい遅れた。
西新宿ジャンクションがすごい混んでた。
甘くみてしまってたなー。

◾️2024年世界を変える100の技術
０１５：グリーンコートコンクリート（二酸化炭素を吸収または固定できる）
０１６：生物発光（発光する植物で夜の都市部を明るく照らす）
０１７：木造耐火構造（木造建築が燃えても一定時間、持ち堪えられるようにする）
０１８：太陽光発電舗装（人や車が通っても壊れない太陽光パネルを道路に設置する）
０１９：透明太陽光発電用パネル（壁面や天窓などガラスを設置できる場所に取り付けられる）
０２０：オフグリット住宅（送電網（グリッド）がいらない（オフ）住宅でどこにでも設置できる
０２１：IOT防犯（窓にセンサーを付け、不正に開かれた場合、住人に連絡する）
０２２：接触・微破壊式ドローン（搭載したドリルでコンクリート壁面に穴を開ける）
０２３：生コンクリート数量管理（生コンの打設数量を算出、無駄を減らす）
０２４：コモングラウンド（センサーデータとビル内の空間情報を集め、多用途に使う）
０２５：垂直測位（人がいる位置の高さを測定する）
０２６：建設3Dプリンター（3次元の壁や型枠を現場で造形）
０２７：BIM（コンピューター上の3次元モデルで仕上げなどの属性データを管理）
０２８：宇宙建設（段ボール製テントで宇宙基地を模し、宇宙生活の方法を検証する）
０２９：次世代パワー半導体（電力損失を小さくできる次世代素子）
０３０：ベロブスカイト太陽電池（低コストで製造、折り曲げられる）
０３１：量子センサー（原子や分子の挙動を観測し、微弱な信号や生体内の活動を調べる）
０３２：チップレット（大規模回路を小規模な回路に分割し、要求仕様に合わせて組み合わせる）
０３３：空間再現ディスプレー（裸眼でVR（仮想現実）が見られる装置）
０３４：XR HMD（頭部に付けると映像と現実を重ね合わせて見られる）
０３５：立体音響（音源に位置情報を加え、臨場感ある音場を実現する）
０３６：核融合（重水素などを融合。高エネルギーを出す。実用は2030年代という見方がある）
０３７：高温ガス炉（セラミック材料を使い、1000度程度の熱を取り出せる原子炉）
０３８：空気と太陽光でアンモニア合成（水素を使わず常温常圧で生産できる可能性を持つ）
０３９：人口光合成（二酸化炭素や水から水素や炭化水素を生成）
０４０：陸上養殖（海の魚などの水産物を陸上の水槽で養殖）
０４１：ソフトロボット（生物のようにしなやかに動き、点検などに利用）
０４２：ハイパースペクトル画像撮影（人の目では知覚できない連続的な色の変化を検知できる）
０４３：球状歯車（XYZの3方向に自由に回転できるモーターなどを作れる）
０４４：樹脂のケミカルリサイクル（テールランプなどに使われるアクリル樹脂の廃品を化学分離し原料に戻す）"
2024-06-30,"シェーンがいなくなって久しぶりの休日。
シェーンのおかげで、匂いに敏感になっていい匂いがする家にしたくなった。
フランフランでフレグランスを買ったのと、事務所も何か臭いから、事務所用にも買った。
シェーンの匂いにたどり着けなかったけど、嗅げば思い出すと思う。

◾️2024年世界を変える100の技術
０４５：水素エンジン車（水素を燃料とする内部機関車）
０４６：ハイブリット専用エンジン（多くの車種に積める汎用性と振動の低減を狙う）
０４７：合成燃料（再生可能エネルギー由来の水素と二酸化酸素から作った燃料）
０４８：燃料電池システム（乗用車に加え、トラック、建機、定置電源にも搭載できる）
０４９：グリーン鋼材（製造工程の高炉から排出される二酸化炭素を減らした鋼材）
０５０：セルロースナノファイバー（軽量で高強度の素材を植物から作る）
０５１：自動配送ロボット（2023年4月に快晴道路交通法が施行され、公道走行が解禁された）
０５２：ドローン配送（人手を介さず商品などを配送）
０５３：エアタクシー（eVOLTの商用運行が始まる）
０５４：自立航行潜水機（検査用アームを持ち、海底パイプラインの検査を担う）
０５５：完全自動運転（運転手が乗らず、システムが運転の全てを担う）
０５６：ステア・バイ・ワイヤ（ステアリングホイールとタイヤを電気信号で接続して制御する）
０５７：青色レーザー溶接（非鉄金属である銅の溶接や加工に強い）
０５８：サメ肌を模した機体外板（微細な三角形の凹凸構造を採用、摩擦抵抗を低減し、燃費改善を目指す）
０５９：アンボックストプロセス（別々に用意したモジュールを一体にして、車両を作る工法）
０６０：多重特異性薬（法的に結合し、破壊するなど、これまでとは異なる仕組みで効果を出せる薬剤）
０６１：老化細胞除去療法（自然の成分などを用いて老化細胞を除去する治療法）
０６２：経鼻投与型製剤（従来、注射薬しかなかった製剤で、簡便な経鼻投与が可能になる）
０６３：エクソソーム治療（細胞由来の物質をエイジング治療に活用）
０６４：植物性プラスチック針によるワクチン投与（蚊の針から考案した植物性の針を利用）
０６５：極細使い捨て関節内視鏡（外径1．25mmと注射針並みに細く、関節の内部を確認できる）
０６６：心電計付き血圧計（心房細動を早期に発見し、治療に繋げる）
０６７：神経活動測定（脳神経の活動を電磁気や代謝変化を使って測定する）
０６８：手術支援ロボット遠隔操作（遠隔地からネットワークを通じて手術支援ロボットを操作する）
０６９：介護ロボット（感知・判断・動作ガデkリウ介護用機器）
０７０：医療品の在庫管理クラウド（薬局の課題である在庫管理を容易にする）
０７１：人工肉（植物や培養した動物の細胞を材料にする）
０７２：ナノジーン育種（ごくわずかな遺伝子に働きかけて品種を改良する）
０７３：RNA農薬（遺伝子の機能を阻害し、特定の害虫だけ駆除）
０７４：ビーガンレザー（菌糸系の繊維を使って皮の代替素材を作る）
27℃ 足立区 東京都 日本"
2024-07-01,"あなたは水？氷？それと蒸気？
→水かなー

何か話題がない時は、エッセイを書いてみる。
文字にすることで、刻むことができ感情を乗っけることができる。
オードリー若林の話。
なるほどなー。って思う。
多分日記もそこまで深掘りできると良いものができるんだろうな。

◾️2024年世界を変える100の技術
０７５：
28℃ 三郷市 埼玉県 日本"
2024-07-02,"今日____をキャンセルしました。
→本当に偶然なんだけど、10年日記を書こうと思ったけど、押し間違えたから一旦キャンセルした。

また言ってるかもしれないけど、小便器で社会の窓からチンコを出すのではなく、ベルトを外して上からチンコ出す人ってなんだろう。
自分のがデカいことの周りへのマウントなのだろうか。
もう少し深掘りしたい。

最近流行りの女優さん：山田杏奈

◾️2024年世界を変える100の技術
０７５：ストレス軽減アプリ（自然音を聞いたりしてストレスを軽減を支援）
０７６：瞑想アプリ（心の落ち着きや安眠などを支援する）
０７７：更年期対策（体に付けるセンサーでデータを集め、健康維持に関して助言する）
０７８：顔認証決済（顔を映すだけで商品を買える）
０７９：パスキー（パスワードなしで認証ができる）
０８０：BaaS（銀行の機能をクラウドサービスで提供する）
０８１：甘噛みロボット（指を出すと柔らかく噛んでくれて、幸せな気分になる）
０８２：液中描画（食品由来の描画飲料で、液体中にイラストなどを描く）
０８３：アバター生成サービス（自身の三次元アバターを作り、動画を配信できる）
０８４：産業メタバース（産業ごとに用意し、熟練作業者の不足などに備える）
０８５：人材マッチングアルゴリズム（従業員や部門の希望に基づき、人材配置を最適化する）
０８６：シリコン型量子コンピューター（超伝導型と比べ、温和な条件でノイズを制御でき、小型になる）
０８７：量子誤り訂正（０と１を重ね合わせる量子ビットのエラーを訂正）
０８８：量子暗号通信（情報の漏洩や盗聴を量子力学の原理で防ぐ）
０８９：送信ドメイン認証（なりすましメールを見抜く技術でAI技術の発達で重要性が高まる）
０９０：分散型ID（利用者が公開鍵暗号を利用してIDを発行、本人だと証明できる）
０９１：衛星コンステレーション（多数の小型衛星を連携させ、一つのシステムとして動かす）
０９２：IOWN（光通信技術を中心に据えた次世代ネットワーク構想）
０９３：無銭給電／無線充電（IOTデバイスやセンサーのバッテリー交換や給電に無線を利用）
０９４：五感遠隔転送（遠隔地にあるもに触ったり、においを嗅いだりできる）
０９５：BMI（脳とコンピューターを繋ぐ）
０９６：オープンデータ・エコシステム（企業や業界が団結し、情報を共有する仕組みを作る）
０９７：オルタナティブデータ（SNSやIOT機器、決済履歴、衛星画像などから得られる新たなデータ群）
０９８：OSINT（公開情報を突き合わせて分析し、知見を得る）
０９９：webassembly（あらゆるブラウザー上で実行できるファイルフォーマット）
１００：Rust（高速かつ安全性の高いプログラムを開発できる言語）
29℃ 酒々井町 千葉県 日本"
2024-07-03,"いちばん最近行った海岸は？
→特にありません。

その場にいない誰かの発言を会話しているときに、首を上下に振り分けてその人の発言ですよをする人、アレってなんだろう。
落語家なのかな。なんか違和感を感じます。

最近好きな歌：君はハニーデュー（日向坂46）

25℃ 足立区 東京都 日本"
2024-07-04,"____はおもしろい
→りささんとのLINEはおもしろい

今日は暑かったです。
山田さんと二郎系ラーメンの2回目。
つけ麺を食べたけど、量が多かったなー。
もう食べられないなー。

Apple musicのサブスクに入ろうか迷っている。たかが1,000円/月なのに。
LINEのスタンプ購入と一緒で何か踏ん切りがつかない。
ビールとか簡単にコンビニで買うのに。
この気持ちというかを言語化して欲しい。
32℃ 三郷市 埼玉県 日本"
2024-07-05,"あなたのモットーは？
→

2、3週間探してたAirPods Proがカバンの中から見つかった。
家にあるのはわかってたけど、ちょっと不安になってたから見つかって良かった。
必死で探してる時は見つからないのに、ふとした瞬間に見つかる事ってあるあるです。
32℃ 足立区 東京都 日本"
2024-07-06,"あなたのいちばんの親友は？
→

午前中から午後3時ぐらいまで、ダラダラと家にいた。
何か意味があったような無かったような。
もっと意味があることをした方がいいのか、こうゆう意味のない時間も必要なのか。
とにかく休みたい。
32℃ 三郷市 埼玉県 日本"
2024-07-07,"次に読みたい本は？
→たくさんある。伊坂幸太郎の過去作品かな。

久しぶりにジョギングをした。
お尻と太ももに肉が付いてるのがわかった。
太ったんだなー
でも、気づけて良かった。
継続して走れればなって思った。

蓉の英検の付き合いで茗荷谷にある中央大学に行った。すごいキレイでびっくりした。
キレイな大学生ってだけで素敵ですね。

◾️気に入った言葉
動じない、求めない、期待しない、振り返らない
引退です、なんて言うのはおこがましい。そのうち誰からも必要とされなくなるんだから、そうしたら煙のように消えてなくなればいじゃない
高峰秀子
29℃ 足立区 東京都 日本"
2024-07-08,"失わざるをえなかったのは何ですか？

今日社長から渡邊課長から言われたんだけど
1.鉄パイプが広がっている
2.TRIworksの仕事で配車が回らない

1はわかる。その通りだし、今週片付けようと思っている。
2は意味がわからない。
恐らく渡邊課長も言われたから、社長に言ってるだけだと思うけど、回らないという印象がない。
何かモヤモヤする。
30℃ 足立区 東京都 日本"
2024-07-09,"今日は____で愉快な一日でした。
→

東京都知事選挙があって、結局小池百合子さんが3期目に当選した。
一方、候補者の1人だった石丸さんが2位の得票数だった。
ただ、ネットだけの情報だけど、石丸さんはなかなかのキャラクターのようだ。
そこだけの判断になるが、何かあまり好きではない感じ。
でも何であまり好きではない感じなのかを自分の中で分析することで、その人に対しての怒りの感情がなくのるのだと思う。

29℃ 足立区 東京都 日本"
2024-07-10,"いちばん最近両親と話したのはいつですか？

今日からセンコー杉戸の現場
やってみると解体に時間がかかるよと、物量の多さに驚きでした。
途中で西武池袋の安全講習のため15時に帰った。
西武池袋の安全講習に行ったけど、一言で言うならビビらせるなーって感じだった。
火災事故があったのはわかるけど、すごい厳しめだった。
とにかく事前に書類の提出が必要なんだなって思った。"
2024-07-11,"もしあなたが文学作品の主人公だとしたら、誰ですか？

センコー杉戸2日目。
予定では今日で解体が終わる予定だけど、全然終わらなかった。
20時ぐらいまで仕事したんだけどなー。
久しぶりに現場に出たから、体が筋肉痛と重さ、ダルさがひどいです。
久しぶりに高所で作業したけど、高い所はストレスって言うか疲れが倍になるって言うか。"
2024-07-12,"____は完璧。

センコー杉戸3日目。
今日は安全会議と社長と佐々木さんと山田さんとで社長でお寿司に行かなきゃ行けないので、15:30までしか仕事ができなかった。

社長とのお寿司は銀座の「福もと」と言うお店だった。"
2024-07-13,"ほろりとさせられるのは何ですか？
→

例えば、「銅という感じは金と同じくと書くから、銅メダルも金メダルと一緒」みたいなことを言う人って、何かドヤってる感じがして何か引いちゃう。


26℃ 足立区 東京都 日本"
2024-07-14,"秘密がありますか？いくつもありますか？

停電だって言うから朝から行ったら雨だったから、明日に延期になった。
何だよーって思ったけど、10tウイングの荷下ろしと、4tコンテナの荷下ろしを行った。
10tウイングの荷下ろしは結構大変だったけど、ヤードが広かったから、それなりにできた。
広いって素晴らしい。
その後かんのうさんのPCを買いに行った。


◾️気に入った言葉
・「やりたい、やってみたい」と「やってみた」では、天と地ほどの差がある（イモトアヤコ）
・勇気って言葉の代わりに、試しにやってみる（糸井重里）
・恥ずかしいが追いついてくる前にやる（燃え殻）


25℃ 足立区 東京都 日本"
2024-07-15,"海の日"
2024-07-16,"セットアップが始まったらすぐに「Shift+F10」→コマンドプロンプトで「oobe¥BypassNRO.cmd」と入力→再起動が行われる→Wi-Fi設定で「スキップ」を選択→ローカルアカウントを作成できる。

注：OneDrive利用中の場合、「デスクトップ」「ドキュメント」などの各フォルダは「/c/Users/ユーザー名/OneDrive」の中に配置されるが、OneDrive削除後は通常のフォルダ構成に戻る。削除のフォルダは残ったままになるが、念の為個人でバックアップを取っても良い。
注：7月10日に実施した内容をもとに紹介しています。環境によって差異がある可能性があります。


23℃ 足立区 東京都 日本"
2024-07-17,"どうやったらあなたを助けられますか？
→"
2024-07-18,"完璧な日にするのに、なくてはならないものは？
→"
2024-07-19,"捨てるべきものは何ですか？
→"
2024-07-20,"今、傷ついていますか？

朝、走り始めて1週間ぐらいたった。
体重も減ったし、体の調子もいい。
続けていきたいなって思う。


32℃ 足立区 東京都 日本"
2024-07-21,"いちばん最近あなたを怒らせたのは誰ですか？
→豊田さん
何で起こったのか？
・容量を得なかったから
・結局自分が気持ちよく働きたいという自己中心的な話だったから

「言語化大全」という本を読んだ。
内容的には目新しい物はなかったけど、自分の感情に言葉をつけてあげるというのは、良い試みだと思う。
意識してみよう。



35℃ 足立区 東京都 日本"
2024-07-22,"いいアイデアを得るために、どこに行きますか？
→"
2024-07-23,"いちばん最近、作った料理は？
→"
2024-07-24,"冷蔵庫に何が入っていますか？
→

次の日からの西武のために、徹マンをやることになった。
初めは、篠ちゃん、中村さん、山田さん、私の4人だった。篠ちゃんが彼女とテレビ電話繋ぎながらやってて、面白かったなー。
その後篠ちゃんが帰って、3人でやったけど、中村さんがハマりまくって強かったなー。
久しぶりの麻雀は楽しかったんだけど、肩と首が疲れた。でもまたやりたいですね。"
2024-07-25,"貴方の絵を描く芸術家を雇えるとしたら誰を選びますか？
→ダリですかね。

今日から西武池袋の搬出作業開始。
5Fから始まったけど、とにかく物量が多い。そしてトラック1台に対する積込みが上手にできなくて、台数がかかりそう。
21:30〜次の日の6:30ぐらいに終わったけど、長いな。山田さんがいなかったらとにかく暇と言うか、長かったと思う。
搬出作業で依頼したファルカーさんの集めて来た人が半分外国の方で、独特の臭いをまとってますよね。"
2024-07-26,"あなたは働き者？それとも怠ける者？
→怠け者

西武に4tで引取りに行ってからの荷卸し。
4tウイングは乗りやすいですね。
西武に行くのにいつも東池袋で降りるけど、西池袋から降りて行った。
こっちはこっちで行きやすいかも。
音を出すのが憚れたけど、恐らく大丈夫だと思うけど、ダンプしたいなー。

コストコのクッキーが美味しい。
特にチョコレートが挟まってるのが美味しい。
止まらなくなる。"
2024-07-27,"今、どんな香りがしますか？
→ファルカーさんが連れてきた外国の方の匂いがする

深夜荷下ろしした。
音は出るけど、そこまでではないと思う。

昼間走った。
暑かったし、湿気もすごかったけど気持ち良かった。ルーティーンにしたいのと、体力をつけたい。そして体重も減って来ている。
嬉しいですね。


36℃ 足立区 東京都 日本"
2024-07-28,"ここまでの一年を振り返る言葉を書いてみてください。
→

オードリーのラジオで言ってた話
アメトークで「東京芸人」をやってた。
その話をしてて、大阪の人は優しい。東京の人は冷たい。
例えばボケた時に「何それ？機嫌いいの？」みたいに言ってくるのが冷たい。
って言ってた。
自分に当てはまることがあって面白かった。

今日も走れて良かった。
走り終わった後、メチャクチャ汗が噴き出るけどそれはそれで気持ち良かった。

今日は2:30頃まで西武だった。"
2024-07-29,"いちばん最近、陸路で旅行したのは？
→

西武の搬出にいる青髪の女の子の話題で佐々木さん、山田さんと盛り上がった。
みんな好きだったんだなーって思ったし、よく見てるし、全員ジジイだなって思った。"
2024-07-30,"今日は____でいつもと違った１日だった。
→"
2024-07-31,"今日はひとりぼっちでしたか？

「バカなふりして聞いてみよー」ってフレーズ、モヤっとする。
つまり自分は頭良いって言ってるのかな。


33℃ 足立区 東京都 日本"
2024-08-01,"冷たいシャワーが必要ですか？
→"
2024-08-02,"今いる部屋の様子を教えてください。
→"
2024-08-03,"何について嘘をつきましたか？
→"
2024-08-04,"いちばん最近、飛行機に乗ったのはいつですか？
→"
2024-08-05,"今日____を壊しました。
→"
2024-08-06,"あなたは誰？
→"
2024-08-07,"最近でいちばん素晴らしかった食事は？
→"
2024-08-08,"十分お金を稼ぎましたか？
→"
2024-08-09,"いちばん最近送ったメールを書いてください。

自分も気をつけなくちゃなって思うのが、鼻を啜ること。
鼻を啜る音ってちょっと不快だなって思う。
鼻をかむ音も不快だけど。


35℃ 八潮市 埼玉県 日本"
2024-08-10,"この瞬間、何から逃げようとしていますか？
→"
2024-08-11,"山の日

パスポートにいくつスタンプが押してありますか？
→"
2024-08-12,"振替休日

明日のために決心したことはありますか？
→早く寝ること

蓉の部活の靴を買いに、またステップに来た。
そして菩提樹でハンバーグを食べた。
自分のランニング用シューズも買った。
ちゃんと走ろうと思う。

朝方に食べる、日高屋のニラレバ炒めが最高に美味しかった。
日高屋って安くて美味しいなー


34℃ 文京区 東京都 日本"
2024-08-13,"土曜日の朝にするのが好きなのは、どんなことですか？
→清掃と脱毛

昼にアリオに行ってGUで作業用のポロシャツを買った。
インナーを着た上にポロシャツスタイルが一番楽だと思う。


33℃ 足立区 東京都 日本"
2024-08-14,"今日しなければならないことは全部できましたか？
→"
2024-08-15,"今日の時点で、自分の体のどこがいちばん好きですか？
→

表参道のパン屋に行ったら、日テレの岩田アナがプライベートでいた。
すごいキラキラしてて、可愛かった。
彼氏らしき人が格闘家っぽい体型だった。


35℃ 足立区 東京都 日本"
2024-08-16,"答えるのが好きな質問は何ですか（いくつでも）
→"
2024-08-17,"刑務所で５年間過ごすと、その機会に何ができると思う？

別にいいんだけど話
社長から「横山くん、山田室長」ってあって、山田さんは肩書かい！って話"
2024-08-18,"服のなかで好きなのは何ですか？
→スーツ

土浦の若いアルバイト（女）が、仕事の帰り際にJAに寄って、帰りに鉄パイプで作られた柵を壊して逃げてしまったらしい。
そのことを車を変えて保険証券を会社に出す時に、会社にいってきたらしい。
その話をあやこから聞いて、自分は「そんなの自分の責任だから会社が何かをする必要なんてない」って言ったんだけど、専務は菓子折りを持って、しかも渡邊課長を連れて直したらしい。
俺が冷酷な人間なのかなって思ったけど、やはり佐々木さんも同意見だった。"
2024-08-19,"今日は____がすごくつまらなかった。
→

豊田さんと山崎さんが言い争いしてた。
「お前おかしいよ！」って山崎さんが2回ぐらい言ってた。確かに豊田さんはおかしいとは思うけど、何をあんなに怒ってたのかよくわからない。"
2024-08-20,"あなたは今、誰のチームにいますか？
→自分のチーム

佳奈と同じ香水の匂いがした。
フェラガモだった気がするんだよなー。
匂いは記憶を呼び起こしますね。
あの香水欲しいなー"
2024-08-21,"今日を１４０字かそれ以下で表現すると？
→

自分の事を「バカだから」とか「頭悪いから」とか言う発言を聞くと、何か嫌な気持ちになるんだけど言語化できない。"
2024-08-22,"忘れられないことは何ですか？
→

走りたいなって思うんだけど、なかなか寝ちゃって走れないなー。"
2024-08-23,"誰でも次善の策を持つべきだ：はい or いいえ？
→はい。持っておくべきだと思う。

「その着せ替え人形は恋をする」が連載終わっちゃいそうで寂しいなと思う。"
2024-08-24,"創造性に必要なものを書いてください。
→インプットとアウトプットのバランス

ジャンボさんから今までの概算請求が来た。
19日の解体工の4人はやまたけに請求しないからって言っておきながら、しっかり計上されててなんだかなーって思った。

工程会議に出席して、作業開始まで時間があったから池袋を歩いてみたけど、食べ物屋さんから何から何でもある町だなって改めて思った。
でも今日は1人だから、餃子の王将に行きました。
良い街だけど、西武は嫌いになりそう。
35℃ 足立区 東京都 日本"
2024-08-25,"お父さんに何を伝えたいですか？
→感謝しかないですね。

今日も走ったんだけど、上半身裸で走るおじさん何なんだろう。
このモヤモヤ感を言語化したい。
29℃ 足立区 東京都 日本"
2024-08-26,"あなたの人生でいちばん大事なのは何ですか？
→

閑納さんから来月末で辞めるとの話があった。
まぁいいけど。

今日は西武池袋の仕事を休んだ。
マジで寝たなー。
すげー寝た。
ありがたかった。"
2024-08-27,"いちばん最近、体を鍛えたのはいつですか？
→ついに体重が63.8kgまで下がった

西武池袋B2階コンポスト解体再チャレンジ
初めは絶望でまたダメかなって思ったけど、200vのプラズマが使えるようになってからはスピードが上がった。
希望が見えて嬉しい。"
2024-08-28,"あなたの勝利のダンスはどんな感じですか？
→そんなの無いっすね

コンポスト解体が終わって良かった。
プラズマの威力を思い知った。
初めからプラズマ入れて、サンダーを4台入れたら初日からいい感じだったかなー。

そろそろ体調が悪くなってきたような気がする。
後は気合で何とかするしかない。"
2024-08-29,"夕食に何を食べましたか？
→

レイバンのサングラスを買った。
一つの目標を達成できた。
次の目標は何にしよう。"
2024-08-30,"いちばんささやかな楽しみは何ですか？
→

久保史緒里が夢に出てきた。
高校の先輩と後輩って感じで、卒業式の場面だった。
梅澤さん、岩本さん、久保史緒里の同期の卒業した人も出てた。
久保史緒里から乃木坂と久保史緒里の大量の写真と、マフラー×2、グレーのパンツをもらった。
梅達に「何か寂しいよ」って俺が言ってた。
「就活頑張れよ」とも言ってた。

久保史緒里といい感じだけど、付き合う感じではなく、でもお互い好きみたいな設定。
卒業式から帰る時に、久保史緒里は袴田とポニーテール姿で、これから撮影って感じだった。
その時に会って、
久保史緒里「まだ（プレゼント）見てないでしょ？」
俺「見たよ」
久保史緒里「どうだった？」
俺「可愛かった」
久保史緒里「私のこと？」
俺「そうだな」
とか言ってた。
久保史緒里と少し一緒に歩きながら、色々話してて、久保史緒里がスタジオに行く時に、俺が今まで名前で呼んだことないのに、「史緒里、頑張れよ」って言って別れた。
その後その建物に警察が大量に入ってきて、物々しい雰囲気で終わっていくっていう、何か映画みたいな夢だった。
久保史緒里のことが好きになった。
26℃ 足立区 東京都 日本"
2024-08-31,"いちばん最近出席した結婚式は？
→

池袋西武も最後だなー。
思い出深い現場になりました。"
2024-09-01,"教える方ですか？教えられる方ですか？
→教える方が多いかな

今日で池袋西武が終わった。
最後の最後でカゴ台車の引取り車両がこないっていうハプニングがあったけど、何とか工期内に終わって良かった。
とにかく疲れたような、あっという間だったような。"
2024-09-02,"あなたの家はきれいですか？
→綺麗な方だと思う。

佐々木さんと池袋駅西武の打ち上げをした。
池袋駅の居酒屋→ダイキチ→南越谷
すげーお金使ったなー。
ダイキチは安定の面白さだった。
南越谷のひびきさんは可愛かったなー。
あんな人だったっけなー。"
2024-09-03,"大いなる力を感じるのは、どんな場所ですか？
→

よくネットニュースとかで「お金持ちがやってる3つのこと」とか「◯◯して気づいたたった一つのこと」とかあるけど、見やすいのと同時に、そんだけしか無いんかい！って思う

池袋西武の残りをやった。
帰りに「無敵家」に寄った。
昔食べて美味しかった気がしたけど、あんま美味しくなかった。
つけ麺食べたけど、全部食べられなかった。
胃が小さくなってるんだろうなー。
「無敵家」もう一回行って、普通のラーメン食べたいなー。
26℃ 足立区 東京都 日本"
2024-09-04,"5年後の自分はどこにいると思いますか？
→

何でかわからないけど、ブルーのデニムに白のTシャツだけ着てる女子（男子）に対して、何かダサい感じがしてしまう。
基本似合ってるって思わないからかもしれない。"
2024-09-05,"今日は____を学びました。
→

講習に行くっていう予定で休んだ。
最高ですね。
走ったけど、調子良かったなー。
舎人公園を2周できた。

太りたくないなー。"
2024-09-06,"いちばん最近観たオンライン動画は何ですか？
→「野球部に花束を」を見た。何かコメディーで面白かったような気がするけど、記憶がない。

今日は遅めに夏季休暇（1日目）をとった。
トークサバイバー3を見たぐらいだった。
ゆったりした日でした。

今日も走ったけど、昨日も走ったから何か足が重かった。
32℃ 足立区 東京都 日本"
2024-09-07,"今日着ているもので、いちばん新しいのは？
→Apple Watch

今日はリリカラへの引き取りで、1階〜屋上へ２トン車で何十回も往復した。
ただそれだけで9時〜18時まで過ぎていった。
仕事したようなしてないような。

林さんを営業にする案が出てきた。
俺は別に構わないと思うけど、佐々木さんは軽く否定的だった。
29℃ 足立区 東京都 日本"
2024-09-08,"誰に嫉妬していますか？
→

ひどい夢を見た。
前も見たんだけど、絢子から離婚するって言われた。理由はわからないけど子供達を連れて家を出ていくとのこと。
何とか折り合いをつけて理解しようとした時に、夏見さんと一緒になるって話で飛び起きた。
ひどい夢だけど、絢子に捨てられないようにしなきゃって思った。
27℃ 足立区 東京都 日本"
2024-09-09,"恐怖を感じるとき心に浮かぶのは何ですか？
→

ずっと事務処理をしてた。
TRIworksの8月の収支がいかつくてビックリした。ホントかなー。合ってるか不安になる。
30℃ 三郷市 埼玉県 日本"
2024-09-10,"これは本当に困ったものだ：____。
→豊田さん

やすこが24時間テレビのマラソンランナーだった。終わって、こぞって芸能人がやすこと食事をしましたーって写真を上げてるんだけど、コレなんなんだろう。
それを記事にするのもどうかも思うけど。
そしてそれを見てこんな気持ちになる自分にもどうかしてるなとも思う。
誰もが悪いし、誰も悪くない気もする。"
2024-09-11,"小学２年生に何かアドバイスするとしたら？
→

近藤さんが今度は積荷を落として、後続車に傷をつけた。
ケガはなかったようだけど、一歩間違えれば重大事故になってた。
結構頻繁にやるよなー。
処罰を考えないと。
30℃ 足立区 東京都 日本"
2024-09-12,"この瞬間、何を追いかけていますか？
→

今日は本社にいて、その後走って、埼京会に行った。
ゆっくりした1日でありがたかったけど、何もせずにいたのでISOとかギリギリです。
連休中にいくつかこなさなければならないなと思った。

絢子と澤村うどんに行った。
大盛りにしたんだけど、お腹いっぱいになった。
絢子も気に入ってもらったようでよかった。
川口のイオンにもあるみたいで、今度行ってみようかなって思った。
30℃ 足立区 東京都 日本"
2024-09-13,"ちょっとしたことだけれど、ずっと悩んでいることは？
→

JALのパーテーション解体作業だった。
一つずつ順番に壊していけば何とかなるんだなって思った。"
2024-09-14,"あなたを助けてくれるのは誰ですか？
→

朝4時にみさきさんから何度も電話がかかってきて、何とか出ましたけど何を言ってるのかよくわからなかった。
何か人間が信じられないとかなんとか。
そもそも人間を信じる方がバカを見ると思う。

今日から3日間お休みです。
やることはあるけど、気ままにやればいいから嬉しいなー。

マインドフルネス復活。
すっかり忘れてた。
また続けたいなと思う。
33℃ 足立区 東京都 日本"
2024-09-15,"人生でいちばん大切な人は誰ですか？
→

エッグスシングスに急遽行くことになった。
9:00開店に間に合わせて行ったけど、9:30にはメチャクチャ並んでた。
エッグベネディクト食べたけど美味しかった。ポテトフライも美味しかった。
その後池袋にメガネを買いに行った。
その後トークサバイバー見てってすごい行動した1日だった気がする。
33℃ 足立区 東京都 日本"
2024-09-16,"敬老の日

佐久間宣之の「ごきごんになる技術」を読んだ。
似てる部分も多くて、良かった本だった。
「混乱したり動揺したり、腹立たしいことが起こった時は、感情と自分を切り離す」
感情は、ただそのありようを観察する。
その上で今、できることをする。
→実践して行きたいです。
28℃ 足立区 東京都 日本"
2024-09-17,"好きなスナック菓子は何ですか？
→

🟰LOVEの大谷さんがカワイイと思えるようになった。
Xで見まくったけど、写真より動いてる方がカワイイと思った。
30℃ 足立区 東京都 日本"
2024-09-18,"今日____を決断した。
→

東洋英和女子大学に下見に行った。
女子大生は授業中とのことで、全然いなかった。下見した場所が藪の中で、一瞬で蚊にさされた。
実際に作業するのは来年以降とのことだが、コレ夏の時期だったら虫刺されに気をつけないと仕事できないなって思った。"
2024-09-19,"最近開拓した場所はどこですか？
→

ISOの再認証審査だった。
審査員がおじいさんで、イマイチ何を言ってるかわからなかった。
ど正論を言ってましたけど、ISOのために何かをやるってことはないんだよなー
29℃ 足立区 東京都 日本"
2024-09-20,"好きなテレビ番組は何ですか？
→

ISOの再認証審査だった。
消防点検をやってなかったから、本来なら不適合で認証されないけど、審査員の好意で何とか通してくれた。
ありがたかった。
そして11:00には終わったから良かった。
ただ普通な感じで「西新井まで送ってください」って言われて、マジかーって思ったけど、審査を通してくれたから何とも言えない気持ちになった。"
2024-09-21,"あなたの道はどこにつながっていますか？
→

新しいカギで先生と芸人がコントや漫才をする企画だった。
純粋にいい企画だなーって思わなくて、何か言語化できないモヤモヤ感があった。
何だろうなー。"
2024-09-22,"秋分の日

久しぶりに4t平車を運転した。
何かフワフワした感じで集中できなかったなー。
でも仕事は簡単でよかった。

◾️気になる言葉
「楽しいことは成長させてくれない」
26℃ 足立区 東京都 日本"
2024-09-23,"振替休日

今日にふさわしい名言や格言を書いてください。
→

イオンモール川口に澤村うどんを食べに行った。
本店と違ってメニューは少なめだけど、同じ味でした。

帰ってきてグランメゾン東京を一気見した。
マジで良かった。
22℃ 足立区 東京都 日本"
2024-09-24,"いちばん最近ダンスに行ったのはいつですか？
→ダンスしてない

夏休みを取った。
蓉とボンディーに行った。
やっぱり美味しかった。
次はガヴィアルに行ってみたいと思った。
22℃ 足立区 東京都 日本"
2024-09-25,"貴方は計画的な方？それとも経験や勘でやってしまう方？
→どちらかと言えば計画的な方かな。

Amazonのコミックの一覧を見てたら「転生したら◯◯」が多くてビックリした。
マジ転生が流行ってる。今更だけど。

池袋のキッチンABCに行った。
食べログ評価3.7ぐらい。
11時ピッタリに行ったら8人ぐらい並んでたな。10:45ぐらいに行ったら誰もいなかった。
今回は黒カレー&オリエンタルライスとチキン南蛮。
あの値段と量とクオリティーだったら確かに人気店かも。
今度は違う食べ物を食べたいね。
22℃ 足立区 東京都 日本"
2024-09-26,"今日は____で楽しんだ。"
2024-09-27,"拒否されてもうまく対応できますか？"
2024-09-28,"今どのぐらいおなかがすいていますか？"
2024-09-29,"悪い知らせは遠回しに言いますか？そのまま伝えますか？"
2024-09-30,"マンネリからどう抜け出しますか？"
2024-10-01,"何かのオタクですか？"
2024-10-02,"熱望しているのは何ですか？
27℃ 足立区 東京都 日本"
2024-10-10,"最近、楽しい会話をした相手を書いてください。
→

daikichiのあかねさんからお店を辞めたとの連絡があった。
36歳ぐらいからずっとお世話になってたから、寂しいのとこれからどうしたらいいのかなって思った。
辞めたけどご飯とか行きましょうって言ってくれた。何か友達になれたらいいよね。"
2024-10-11,"素晴らしいと感じるものは何ですか？
→

日暮里駅から後ろ姿がマジであのちゃんの子がいた。御徒町で降りたから何とかして顔が見たいと思ったけど、結局見れなかった。
すげーモヤモヤするけど、コレはこれで良かったのかもしれない。

黒崎さんの決起集会に参加。
その後焼肉行って、その後佐々木さん、山田さんと軽く飲んで、その後南越谷に行った。
またすごいお金を使ってしまった。
ひびきさんは日向坂の佐々木美玲に似てると思った。
22℃ 台東区 東京都 日本"
2024-10-12,"今日を一言で表すと？
→

朝の6時に帰ってきて、そのまま寝たね。
何にもしない1日。
ホントもったいないも思う。
あの南越谷のお店、帰してくれないんだよなー。

オードリーの東京ドームLIVE Blu-rayを見始めた。何かオープニングとか感動したし、何となく内容知ってるんだけど、改めて面白いって言うか。

佐々木さんと篠ちゃんと北千住で飲みに行った。何かいい町だった。昼と夜とでは全然雰囲気が違うし、客層も全然ちがうなって思った。
何となくだけど、若い人が多い気がした。
22℃ 足立区 東京都 日本"
2024-10-13,"____には我慢できない。
→

ワークオールの仕事で日本橋に引取りに行った。一瞬で積込みが終わって、楽な仕事だった。しかも荷降ろしも無しだからありがたかったなー。
21℃ 足立区 東京都 日本"
2024-10-14,"スポーツの日

どんな表現を使いすぎていますか？
→「別にいいんだけどね」

DATの仕事で新宿のど真ん中に行った。
担当の女性（首藤さん）が何か可愛げだった。
すぐに積み終わって楽な仕事だった。
マジでこんな仕事ばっかりだったら、運転手って楽だよなー。

「地面士たち」を見た。
綾野剛って影があるけど優しい人みたいな役をやらせたらすごいいい表情をするなと思った。

21℃ 足立区 東京都 日本"
2024-10-15,"通勤にどのぐらいかかっていますか？
→40分ぐらいかな

鴇田さんの携帯が壊れたとのことで、成田のdocomoショップに行ったけど、結局のところ店頭では手続きできなくて、5時間ぐらい無駄でした。
成田って遠いんだよなー。
だから何もできない1日でした。

犬を散歩している人で、犬はすごい毛がフサフサしてて手入れされてるなーって思うんだけど、犬を連れている人がみすぼらしいと、何だかなーって思う。
24℃ 足立区 東京都 日本"
2024-10-16,"今日は____時に起きました
→朝から本社で仕事だったので、8時ぐらいに起きました。

蓉と2人で浅草の「あさひ」という中華料理と言うか、街中華に行った。しょうがラーメンとチャーハンがうまいとのことで、そのセットを食べた。蓉は中華そばと半チャーハンを食べた。
結論としてはそこまで美味しくはなかった。
食べ終わった後、蓉が物足りないというので、ガヴィアルに行った。
カレー食えるかなって思ったけど、美味しくて軽く一杯いけちゃいました。
ボンディーといい勝負でした。
どっちも美味しいなと思ったけど、とにかくお腹一杯になった。
23℃ 足立区 東京都 日本"
2024-10-17,"貴方が持っているもので、一番価値があるのは何ですか？
→本ですかね

内田洋行の引取りに行った。
前もコンテナ交換で行った気がする。
現場が東大なんだけど、知らないと行き方に迷うと思う。

午後はほとんど何もしてない。
三井住友銀行の担当者が変わったって言ってご挨拶に来たけど、新卒の方だった。
まぁそんなもんだよね。
三菱も新人でした。
23℃ 足立区 東京都 日本"
2024-10-18,"今生きている著名人で、一緒にお酒を飲みたいのは誰？
→メッシが飲んでるのを見ていたい

9月の収支が6,000万のマイナスだった。
そのまま報告してしまったら、在庫が600t程度あるはずなのに、どこに行った？と社長から質問を受けて、確かにそうだなって思った。
土浦が数字的に怪しいんだけど、それよりも何よりも自分が先に気づくべきだったなと反省した。
10月からはecoAの数字と現場からの数字を照らし合わせて在庫の数字を確認していきたい。"
2024-10-19,"一番最近、クレジットカードで買ったものは何ですか？
→一昨日ぐらいにFANZAでRIONの作品を買った

相談役（潮来工機さん）から鹿島アントラーズVSアビスパ福岡＠カシマスタジアムのチケットをもらったので蓉と行った。
VIP席とのことで駐車場が付いてて、入ったらちゃんとしたスーツの女性がアテンドしてくれて、通されたラウンジでは飲み物と食べ物（ビュッフェ形式）があった。着いたのが試合開始30分前だったからか、食事はほとんど無くなっていた。
でもすごくいい経験だった。
試合はスコアレスドローで盛り上がりに掛けた試合だったが、スタジアムがサッカー専用スタジアムであったため、観客席から近くて雰囲気が良かった。

鹿嶋のサポーターの雰囲気も良かった。
日本代表の試合に比べたら、盛り上がりはイマイチだけど、それでもいい経験でまた見に行きたいなと思った。
老夫婦が観戦していて悪態をついていたようだけど、それがサッカーだと思う。

イキったことを言うと今日のアントラーズは戦術というかどういう形で得点を取るのかが全然見えなかった。

北千住に夜ご飯を食べに行ったら、共産党の候補者が街頭演説をしていた。
それはそれで構わないんだけど、候補者の支援者？チームの人？が1m以内の距離で、その候補者の演説を、さも初めて聞きましたぐらいの顔と頷き、態度で聞いていた。
何回も聞いた話だと思うけど、大変だなって思った。
ただ話す方からすると頷いてくれる人がいるって話しやすくなるんだよね。
一方でそれを見てマジで笑ってしまって、あやことりんかから「嫌な顔して笑ってる」と指摘された。その通りだと思った。
24℃ 足立区 東京都 日本"
2024-10-20,"あなたが頼りにしている人は？
→

7:00　起床、薬を作る
8:00    ランニング
9:00　コーナンにDewaltを見に行く
→結果、コンビネーションラチェットだけ購入
10:00　東武池袋に行く
→本を買う（領収書はいい感じ）
11:00　ジュンク堂に行く
→本を買う（領収書はいい感じ）
11:30　ウエルシアに行く
→日用品を買う
12:00　帰宅。お弁当をもらって食べる
13:30　島忠ホームズに行ってDewaltを見る
14:30　脱毛（ひげ、VIO）
15:00　領収書の整理
15:00～昼寝
18:00　夕食（豚肉とレタスのミルフィーユ鍋）

といった感じで充実した1日でした。"
2024-10-21,"最近覚えた新しい言葉は？
→プロ彼女

佐々木さんにせいねんかい帰りに飲みたいから飲みましょうって話で、秋葉原で飲んだ。
執行役員になったら北山さんと一緒で、それは嫌だって言ってた。
北山さんと同じ仕事量って思われたくないって話だった。
ウケた。

その後ルージュに行った。
アフターで焼肉食べたけど、あの時間の焼肉は胃もたれしまくりですので、封印します。"
2024-10-22,"今日を俳句（５・７・５）で表すとしたら？
→

ニンニク食べるとスタミナつく
うなぎ食べるとスタミナつく
って言われるけど、食事でスタミナがつくわけないと思う。
21℃ 足立区 東京都 日本"
2024-10-23,"いちばん最近、声が聞きたくなった電話した人は？
→

言語化できないけど、湯浅さんが何かイラッとするんだよなー。
何でだろう。不思議だ。

政策金融公庫向けと日立建機向けの書類を作ったけど、あまり考えずにできた。
色んな事を同時並行でやっていったけど、結構できたなって思った。
24℃ 足立区 東京都 日本"
2024-10-24,"「どうしてる？」の返事を詩で書いてください。
→この質問なんだよ！

セクハラってホント難しい。
女性からのセクハラってその文化って言うか考えがなかったから、新しいよね。
感じた事ないけど、男性からのセクハラの逆もまたセクハラなんだろうな。
下の名前で呼ぶ、軽いボディタッチ、💇変わった？などの容姿のことをいう。など。

久保史緒里さんが夢に出てきた。
バイトの面接官の1人だった。
何か自分がラジオをやってるっていう設定ですごい褒められた。
可愛かったなー。
23℃ 足立区 東京都 日本"
2024-10-25,"今日言ったなかで、もっとも正直な言葉は？
→

朝からTRIworksの日立建機の提出書類を一気に作った。おそらく大丈夫だと思われる。
今日から池袋西武にまた行くことになった。
23時からだけど、何時に終わるかなー。

小島さんの体型がだいぶふっくらしてきた。
余計なお世話だと思うけど。
20℃ 足立区 東京都 日本"
2024-10-26,"自分の体についてどう思いますか？
→年取って太りやすくなってきたなー

りんかの小学校最後の運動会

黒崎さんの選挙前最後の応援で中野駅に応援に行った。
黒崎さんの前に、立憲民主党の長妻さんが演説をしていた。
黒崎さんの演説も熱かった。
けど、私は中野区民ではないので、何とも言えない気持ちになった。
その後、佐々木さんと中野で飲んだ。
途中畠山さんも合流して飲んだ。
その後はどこもいかずにおとなしく帰った。
19℃ 足立区 東京都 日本"
2024-10-27,"いちばん最近の、もっとも間抜けだったことは？
→

昨日は夜遅くまで飲まなかったから、すっきりとした目覚め。
選挙に行った。
選挙に行っていざ名前を書こうと思った時にきづいたんだけど、
今回の小選挙区に自民党からの出馬がなかったことに驚いた。
かといって公明党に入れるのもアレだなと思って、
維新に入れたけど、それもどうかなって思った。"
2024-10-28,"____は全くばかげている。
→SNSはばかげている

昼間、西武池袋の有価物搬出作業の立ち合いに行った。
とにかく物量が多くて驚いた。
7日までの予定だけど終わるのかな。
また、他の業者がY区画3階の有価物を持って行っている気がする。"
2024-10-29,"キャンプする？ホテルに泊まる？
→絶対ホテルに泊まる

取締役会だった。
相変わらず相談役から色々言われるけど、時間がないからそこまで説明できないんだよな。
その後、佐々木さんとルージュに行った。
JJを飲みまくったんだけど、Jの紅茶割が飲みやすくていかつかった。"
2024-10-30,"「もう結構」と言えますか？
→全然言えますね。

2日酔いで午前中死んでた。
3時ころに山田さんに西武池袋の連絡をしといてよかった。
その後、スリーベネフィッツの方が見えられて、
三郷営業所から出ちゃいけない量の油が出ていて、それは川に流しちゃまずいとのこと。
吸着マットを使って、もう一回計測しなきゃと思う。"
2024-10-31,"ハロウィーンはどうしますか？どんな扮装しますか？
→紛争している人を見て笑う

午前中は浅岡先生と豊田さんとの会議があったため、
車の中でドジャースとヤンキースの試合を見ながら寝てた。
途中まで0-5で負けてたから、もう駄目だと思って寝て起きたら追いついてて、
びっくりした。そのまま勝ち切って優勝してた。
すごい試合だった。

その後足立成和さんと打合せをしてたんだけど、
お金が足りないから、お金を貸してくれって言っているのに、
積立を増やして欲しいって、それはちょっと待ってよって話だと思った。

夜は社長の代役で、銀座のお寿司「さえき」に絢子と行った。
大将とお店の雰囲気は良かった。
お寿司もおいしかった。
ただ、2人で10万（お酒は5杯）の値段の価値はあるようなないような。
クラブかキャバクラのお姉さん同伴のお客さんだけだった。
となりの若いお姉さんの顔が、めちゃくちゃ整形顔だった。
完全な整形顔でも好きな方っているんだな。と思った。

お寿司の後に東急プラザに行って、焼鳥とお蕎麦のお店に行った。
どれもおいしくなかった。
美味しくないってわかるようになっただけでも成長したなって思った。"
2024-11-01,"今日、何かできなかったことがありますか？
→むしろできたことなんてなかった。

午前中は寝てて、午後に鹿島建設さんの担当者にご挨拶に国分寺と府中に行った。
国分寺の現場から府中の現場まですごい近かった。
もっと離れているのかと思った。
地理感覚がまったくないな。

夜に池袋西武の大きい物解体作業に行った。
火器使用の申請がだいぶ楽になってよかった。
ただ埃がすごかった。
マスクをするとニキビができるし、マスクしないと喉がやられるし、
どっちがいいのかなって思った。"
2024-11-02,"今、いちばんお金がかかっているのは何？
→子供たちかな

夜勤明けということでほぼ寝てた。
久しぶりの夜勤だったからか、すごい寝たなったおもった。
前回も14時ぐらいまで寝てたかなって思った。"
2024-11-18,"今、なりたい職業は何ですか？
→投資家

セック菊池会長のリフォーム工事の引取りに行った。
7:50〜池袋西武廃棄物一元化会議
9:00〜成田メタル会議
が入ってたから、10:00の現地まで行ってzoomで会議したんだけど、昨日から体調が悪くてしんどかった。謎の咳とだるさ。熱はなかった。
しんどい時の頭の回らなさったらないよね。
自分でも何言ってるかわからなかった。
菊池会長の家は普通って言えば普通だった。
アームロールで行ってコンテナ降ろしたり、引き上げたりしたけど、着実に上手くなってて嬉しかった。油断せずにこれからもやりたい。

久しぶりに事務所で仕事ができた。
楽だなーって思った。

村松さんに絡まれたけど、上手くかわせたから良かった。ただ、相手の話を聞かずに話をしてしまって、そこは後悔。焦ってしまった証拠だな。落ち着かないとなって思う。
→何か嫌な気持ちになった時、深呼吸すると落ち着く。深呼吸ってすごいな。
マインドフルネスの力ってすごいなって思った。
11℃ 足立区 東京都 日本"
2024-11-19,"いちばん最近SNSをチェックしたのはいつですか？
→今日の朝。ちょいエロ投稿を見ようと思ったけど、時間がなさすぎてやめた

今日気づいたんだけど「ボコボコ」という言葉に鳥肌が立つ。
何でかわからないけど、ゾッとする。
何かを想像してるんだろけど、何を想像してるのだろう。
ボコボコした穴？溶岩がボコボコしてる様子？
何だかわからないけど、聞くのも思いつくのも嫌な気持ちになる。
この感情を言語化できると面白そうなんだけどな。
12℃ 足立区 東京都 日本"
2024-11-20,"やりとげなければならないことは何ですか？
→とりあえず、池袋西武の有価物搬出を問題なく終わらせたい

佐々木さんが錆年会の帰りで、北千住の「山ちゃん」で飲んだ。
山田さんとの電話の話になり、「なんで山田さんは無言になる時間があるんだろう」って話で盛り上がった。
会話の途中で急に黙るから、「自分のターンかな？」って思っちゃうって話をした。ぜひ本人に確認したい。クセなのか何なのか。"
2024-11-21,"好きな靴は？
→エドワードグリーンの靴とパラブーツの靴とナイキのエアジョーダン

絢子がコロナになったとのこと。
この時代に？って思った。
薬が15,000円したとのことだが、高いなーって思った。
新薬だからかなー。
12℃ 足立区 東京都 日本"
2024-11-24,"最近、アドレス帳から消した人は？
→いないなー。ただ前の銀行の担当者とか整理したいとは思う。

2級建築施工技士の試験だったけど、ブッチした。理由はコレが受かっても意味ないことがわかった。1級建築施工技士じゃないと、建設業の職種全部の許可が受けられないんだなー。
ゆっくり買い物でもしようと思う。
13℃ 豊島区 東京都 日本"
2024-11-25,"今日、どのくらい水を飲みましたか？
→1リットルは飲んだかな

今日からSHIROのボディークリームを塗り始めた。ホワイトリリーっていう香りだけど、何となく香り強めかな。使い終わったらサボンにしてみようかなと思う。
早く使い終わりたい。
10℃ 足立区 東京都 日本"
2024-12-02,"今日覚えておきたいと思ったちょっとしたことは？
→Excelの関数のsumifs

フリクションボールペンの替え芯がなかった時の絶望感"
2024-12-03,"十段階で言うと、どのくらい幸せ？
→、6.7ぐらいかな。

写真を撮る時に目をつぶって写るの何でだろう。"
2024-12-06,"今日____を手に入れました。
→

40代の男性、カラオケで福山雅治の「家族になろうよ」歌う率100%説。"
2024-12-09,"最近いちばん気前よくふるまったのは？
→金曜日に結構払ったなー。

外国人の好みに寄せる日本食
例えば、最近はラーメンにナルトって乗ってなかったけど、外国人用にわざわざナルトを乗っける。
例えば有名な蕎麦屋のそばが短くなってる。
すすれない外国人とかのためらしい。
コレらってなんだろう。
何か違う気がする。"
2024-12-10,"今日、何に驚きましたか？
→

Yahooニュースで、「ヤンキースのソト選手がメッツと15年契約に合意と報道」ってニュースがあって、報道のメディアが「報道された」ことをニュースにするって何なんだろう。
Yahooニュースは何もしてないじゃん！って思った。
9℃ 足立区 東京都 日本"
2024-12-11,"何に喜びを見出しますか？
→

埼京会と埼玉部会の忘年会に行った。
帰りに浦和駅でトイレに行った。
外は寒かったのに、トイレに入った瞬間にモワッとした。コレはオシッコしてる時の湯気的な物ならば、気持ち悪いなって思った。
9℃ 足立区 東京都 日本"
2024-12-13,"いちばん後悔していることは？
→

コンビニとかのレジ袋を車のギアのとこに下げて使うの、すごい便利なんだけどすごいカッコ悪くて嫌になる。
便利なんだけどカッコ悪いって話、結構あると思う。

有川浩の「キケン」を読んだ。
大学時代のキラキラした思い出が蘇って泣けて来た。
良かったなー。
4℃ 三郷市 埼玉県 日本"
2024-12-16,"どうしてもやめられないことは何ですか？
→Fanza

イコラブの大谷えみりさんがインスタで結婚式に行った時の服装を挙げていた。
白いドレスを着て参加したらしいけど、それは常識的？にNG行動だとは思う。
けど、それをよってたかって「常識知らず！」みたいに叩いたらしい。
それに対して、大谷さんが謝罪したらしいんだけど、叩いてたやつらは謝罪したことで「世直ししたー」とか「良いこと言ってあげたー」みたいな気持ちになるのかな。
純粋にどんな気持ちで叩いて、謝罪されたらどんな気持ちなのか聞いてみたいんだよな。"
2024-12-17,"新しい町に引っ越さないといけないなら、どこに行く？
→福岡。楽しそう。

この時期になるとテレビではスペシャル番組が多くなる。特に歌番組とかで、まだクリスマス前なのにこぞって「メリークリスマス」って言う。
アレ何かしっくりこない。
まだ早くない？せめて23日ぐらいだったらまだわかるけど。

蓮の誕生日。
上野の「井泉」という、とんかつ屋に行った。
美味しかったけど、歳のせいか少し脂身が多かった気がする。
10℃ 足立区 東京都 日本"
2024-12-22,"最近、誰か新しい知り合いができたか？それはどんな人？
→

車に「Baby in car」のシールにイラッとする。
言語化できない。
言語がしたい。
9℃ 足立区 東京都 日本"
2024-12-29,"あなたの願いごとのベスト３は？
→

日向坂のハッピーマジカルツアーを配信で見た。
センターを交代していくところや、オードリーが出るところなどすげー良かった。
Blu-rayが出たら買おうかな。
センターを交代していく演出は素敵だったし、繋がりを感じられたんだけど、交代しなかった曲はどうするんだろう。この後もライブでは歌わないのかな。
オードリーも良かったなー。
春日の「久しぶりだなー、東京ドーム」が、オードリーのライブを見た身としては、かっこよかった。星野源の言葉だけど。
その後の若林の登場もかっこよかった。
自転車で入ってくるとか、発言とかすべて自分たちのライブと重なってたから、なおさら良かったなー。

2月のオードリーのライブがあって、12月に日向坂のライブで終わって、何か絆と繋がりを感じられて、もっと2組とも応援したくなった。
6℃ 足立区 東京都 日本"
2024-12-30,"先週食べたものをあげてください。
→一番覚えてるのは、うっしっしで食べた焼肉ですかね。
あとラッキーで頼んだ中華を大量に残したこと。申し訳ないな。

今日は川崎さんのお母さんが亡くなったとのことで、谷塚斎場でお通夜とか告別式とかを一つにしたお葬式に行った。
朝に川崎さんからLINEがあって、わざわざ参列してくれてありがとうございます的な内容だったんだけど、何かモヤっとしたんだよね。
コレって何でだろう。
まず自分がそんなことでお礼のLINEとかしないし、自分だったら純粋に来なくていいかなって思うから、自分ができないことへの憧れ的な気持ちから逆にモヤっとしたのか。
わざわざ感があって、それが自分の中で嫌だったのかな。

9℃ 足立区 東京都 日本"
2024-12-31,"今年のいちばん大切な思い出は？
→

自分の言葉を作る3つのプロセス
①良かった箇所の具体例を挙げる
②感情を言語化する
→言語化とは細分化すること
③忘れないようにメモする
10℃ 足立区 東京都 日本"
2025-01-01,"元日

あなたの目標は何ですか？
→

穏やかな1日だった。
今年は睡眠グッズと言うか、睡眠に気を使った一年にしたい。

ディズニーのパレードだったり、イルミネーション自体が素晴らしいのではなく、それを見てる人たちの顔がキラキラしてるのを見るのが好きだったりする。
8℃ 足立区 東京都 日本"
2025-01-02,"人は変われると思いますか？
→

階段でぬるぬるを敷き詰めたテレビが大好き。
なぜ好きなのか？
リアクションが素晴らしくて、ありのままだからだと思う。ここには仕込みとかやらせがないから笑っちゃうんだろうなー。
どんな人もぬるぬるしてると笑っちゃう。
10℃ 足立区 東京都 日本"
2025-01-03,"今、読んでいる本は何ですか？
→葉桜の季節に君を思うということ

特にやることも無かった1日。
あちこちオードリーの新春スペシャルを見た。
フワちゃんの話になって、空気感だけで人がいなくなったり、炎上したりする時代。まるで中世のようだって話で、なるほどなって思った。

人が興味を持つのは、共感と驚き。
そこをくすぐってあげると人は話を聞く。"
2025-01-04,"今日、いちばんよかったことは何ですか？
→

イカゲーム2を見た。
イカゲーム1と比べてしまうが、結論としては1の方が面白かった。
（理由）
・登場人物が多くて、それぞれの目線からの話が多くなって、話が長くなった
・ゲームの数自体が少なくなってスピード感がなくなった
・伏線的な物が多くなって追うのが大変になった
・心情的な部分の画が多くなって話が長い

って思ってたら、途中で終わった。
2部作なのね。
5℃ 足立区 東京都 日本"
2025-01-06,"今日は____でつらかった。
→

今日は安全祈願で西新井大師に行った。
寒かったです。
参拝した後、木曽路に行った。
美味しかったけど、食べた気がしなかった。

廣瀬さんが2月から来るらしい。
ただ2月はりんかの受験があるから、第1週はキツイんだよなー。
6℃ 足立区 東京都 日本"
2025-01-07,"貴方はラッキー？ラッキーじゃない？なぜ？
→

小田さんが正社員になりたいと言ってきたらしい。
ただ、何ができるのか？性格的にどうなのか？って思って、正社員にはしたくないなって思ってる。恐らく、小田さんの奥さんのひどさ加減を知ってるからそこも考慮されてると思う。
イマイチなんだよなー。
9℃ 足立区 東京都 日本"
2025-01-08,"今、頭の中でなり続けている音楽は？
→omoinotake 

佐々木希が可愛くてビックリした。
歳を重ねて、全体的に丸くなった印象。
こんな可愛い人がまだいたんだなー。"
2025-01-13,"成人の日

「翔んで埼玉 琵琶湖より愛を込めて」を見た。
地元が埼玉だから、楽しく見れた。
地元が出てくると嬉しいのは、何でだろう。
有名人が地元を連呼してくれると、有名になった気がするからなのか。つまり、有名になって承認されて気になるから嬉しいのか。
そう思うと、承認欲求ってどこにでもあるものなのだなって思う。
7℃ 足立区 東京都 日本"
2025-01-14,"貴方はリーダーですか？後からついていく方ですか？
→リーダーですかね

小島さんと畠山さんがコロナでお休みになったから、事務所の仕事を手伝った。
台貫一つとっても覚える事が多くて大変だったなー。
お客さんがいるから、時間に追われるし待たせちゃいけないから、プレッシャーがすごいなと思った。
落ち着いてできるようになろうと思う。
9℃ 足立区 東京都 日本"
2025-01-19,"今日食べたものを３つあげてください。

気づけば誕生日でした。
オカムラ案件で、大手町のモルガンスタンレー証券に11:00着で行って、1時間待機して、何も積まずに帰ってきた。
何も積まなかったのはありがたかったけど、3時間ぐらいムダな時間だったなー。
まぁそんな日もありですよね。"
2025-01-20,"恨んでいることはありますか？それは何？
→

りんかの受験が始まった。
今日は「専修大学付属松戸中学」だった。
蓉も受かったから、ゲン担ぎでサングラスをしていった。
相変わらず学校までの道に急な坂が多くて、夏は大変だろうなって思った。


「説教」「自慢話」「昔話」
だいたい年寄りはこの3つ。
俺はこの3つをなくしてるから、エロ話しかできない。
高田純二
10℃ 足立区 東京都 日本"
2025-01-21,"楽しみにしていることは何ですか？
→りんかの受験結果

りんかが専修大学付属松戸中学にしっかり合格してた。
過去問では常に合格水準だったから、あまり心配していなかったけど、
受かってよかったねって思う。
蓉より全然安心して過ごせていた。

佐々木久美が夢に出てきた。
番組の収録に参加して、その後結婚式に行くっていうから送ってあげる感じだった。
何か友達以上恋人未満的な関係性で「何で卒業するの？」とか聞いちゃったりして、いい感じの夢でした。"
2025-01-22,"安定を求めますか？それとも冒険を求めますか？
→冒険ですかね。
　結局今年の3月で三郷営業所長を降りることはなくなった。
　困難な道を選ぶ方がいいのかな

久しぶりにAGCの建物内に入った。
三郷の天井クレーンより、長さ太さ共に2倍ぐらいある天井クレーンの撤去ができるのか？とTRIworksに質問があったらしい。
見てびっくりしたけど、あの規模は断った方がいいと思った。
建物内で、3階で、床が抜けちゃうと思う。
できれば素晴らしいと思いますけど。"
2025-01-23,"あなたは解放されたい？何から？

雑誌の見出しで「バズり！」が「パイズリ」に見えた。
眼科行こう。"
2025-01-26,"今日あなたは____がもっと必要だった。
→休息

篠ちゃんの新居に引っ越しの手伝いに佐々木さんと駆り出された。
物自体はそんなに多くなかったから余裕だった。
新しい家は良かったね。
綺麗で部屋も一杯あって、リビングも広めで。
たっちゃんと一緒に住むらしいけど、仲良くやってくれるといいよね。

■これからの日本の論点2025
論点1：「ティア0.5」が産業の風景を変える‐そして付加価値はソフトウェアに移る
・OEMとサプライヤー
・自動運転のレベル5
・ディープラーニング
・オーバー・ジ・エア（OTA）
・サブスクリプション
・アジャイル
・生成AI
・創発
・ARRU

論点2：世界を巻き込む戦争の足跡-中ロ朝の「枢軸」が壊す秩序
・第二次世界大戦
・ロシアのウクライナ侵略
・NATO
・ハイブリッド攻撃
・ロシアと北朝鮮の軍事協力
・中国の対ロシア支援
・核の脅し
・中国の核増強
・「世界の警察」
・米国の限界

論点3：「脱・歴史的円安」ポストコロナ時代の新常態を探る
・歴史的な円安
・金利差要因
・受給差要因
・悪い円安
・「円弱」の時代
・デジタル赤字
・海外生産比率
・脆弱な円高
・円安インフレ
・成熟した債権国"
2025-01-27,"今日のあなたを芸術で表現するとしたら？
ジュールリアリズム？モダニウム？ダダ？
→モダニウム。よくわかってないです

特に何もない穏やかな日でした。
丸高工業さんが見えらえれて、三郷の防音について何かご提案していただけるって話でしたけど、難しいだろうな―って思う。

「スティーブジョブスⅠ」を読んだ。
ちょっと嫌いになった。
ただ情熱がすごく伝わって、Ⅱも面白そうだし、イーロンマスクの本も面白そうだなって思った。

■これからの日本の論点2025
論点4：日本の株式市場株高途切れぬ「新章」の幕開けなるか
・3つの「D」
・ウォーレン・バフェット
・東証のPBR改革
・株主還元
・持合い株式の解消
・TOB,MBO
・JTC
・アクティビスト
・新NISA
・マグニフィティ7

論点5：日銀利上げ、1%までは視野に当面は米景気や市場混乱の行方注視
・追加利上げ
・金利の正常化
・量的正常化
・質的正常化
・金利のピーク
・1%程度
・自然利子率
・中立金利
・適切な国債保有規模
・ETF売却

論点6：日本のGPT、世界5位に。覚醒無くして成長なし
・失われた30年
・ジャパン アズ ナンバーファイブ
・スタグフレーション
・ハイヤー・フォー・ロンガー
・JTC
・ガゼル
・ゾンビ企業
・金利ある世界
・センキョノミクス
・財源3兄弟"
2025-01-28,"あなたにとって「家」とは？
→ずっといたい場所

八潮市役所の近くの道路で広さ6m、深さ10mの陥没事故があった。
通りかかったトラックが落ちて、運転手の安否が不明らしい。
映像でみた限りかなり大きい穴ができてた。
恐らく通ったことある道だから、もしかしたら自分だったかもって思うと怖いですね。
道路の陥没は大小合わせて10件/年ぐらいあるらしい。
原因は主に老朽化した下水管が破裂して、そこに土が入り込んでしまう結果、陥没することが多いとのこと。
そう考えると尾久橋通りで夜、下水管の入替工事してたな。"
2025-01-29,"いちばん最近観たテレビ番組は？
→ラビット

山田さんの仕切りで神田教会に産廃の引取とエアコンの回収に行った。
エアコンはガスが使用されているらしく、結果、引取できなかった。
ただ、ゴミの量が半端なかった。
山田さんは半日で終わるって言ってたけど、全然15時ぐらいまでかかってウケた。ただ仕事した感はすごかったよね。"
2025-01-30,"忘れてしまいたいことは何ですか？
→中学の時、全校生徒の前で話したスピーチ
　今でも思い出したくない

午前中西武に行って、竹中工務店の方と鉄の搬出について打合せをした。
午後は土浦にコンテナを795で届けに行った。
コンテナが荷台から少しはみ出していて、大型車とすれ違う時に怖かった。

廣瀬さんが来るとのことで机の整理をした。
ゴミ袋満杯ぐらいにゴミが出て、1年に1回ぐらいは整理整頓しなきゃなと思う。ただ、机の中もすっきりして嬉しい。物が少ないって気持ちいいね。

■これからの日本の論点2025
論点7：相場乱高下でもNISA・イデコ効果で「貯蓄から投資」は定着するか
・NISA
・オルカン
・夏の嵐
・貯蓄から投資
・つみたて投資枠と成長投資枠
・積み立て投資
・インフレ
・1株利益（EPS）
・資産所得倍増プラン
・iDeco（イデコ）

論点8：「団塊の世代」が後期高齢者に。社会保障が持続できる条件は
・重老齢社会
・2025年問題
・後期高齢者
・2040年問題
・全世代型社会保障
・就労の壁
・第3号被保険者制度
・回復期病床
・かかりつけ医
・介護クライシス

論点9：AI時代のエネルギー戦略～脱炭素と安定供給両立の難路
・再生可能エネルギー
・水素・アンモニア
・CCUS（二酸化炭素の回収、利用、貯留）
・インフレ抑制法（IRA）
・GX経済移行債
・エネルギー基本計画
・データセンター
・生成AI
・ペロブスカイト
・洋上風力発電"
2025-01-31,"誰になりたいですか？
→アイドルになって、大観衆の前に立ってみたいなと

コミュニケーション能力について考える
コミュニケーション能力が高いってどういう人だろう
挨拶が気軽にできる人なのかもしれない
雑談をずっとできる人なのかもしれない
どこかで討論してみたいな

■これからの日本の論点2025
論点12：株価急落があぶりだした日本企業が成長する3条件
・日経平均株価
・貯蓄から投資へ
・老後2000万円問題
・新NISA
・M&A
・PBR
・リーマンショック
・失わられた30年
・エクイティファイナンス
・ピープルズキャピタリズム

論点13：人材争奪で本格的な賃金競争の時代へ
・人手不足登壇
・労働供給制約
・スポットワーク
・エンゲージメント
・特定技能
・育成就労制度
・初任給引き上げ
・賃金カーブ
・ゾンビ企業
・三位一体の労働市場改革

論点14：狭まる規制包囲網、テクノロジー大手「独占」を変えるか
・デジタル市場法（DMA）
・デジタルサービス法（DSA）
・ネットワーク効果
・反トラスト法の改正
・デジタルプラットフォーム取引透明化法
・スマホソフトウェア競争促進法
・米司法省・マイクロソフト反トラスト法訴訟
・開業率・廃業率
・ベンチャーキャピタル（VC）投資
・グローバル・アントレプレナーシップ・モニター"
2025-02-01,"りんかが品川女子の午前と午後に受かった。
受かると思ってたから、あんまり不安はなかった。

昼に食べたメキシカンがおいしかったけど、14,000円もしてビックリ。
なぜか楽天カードが使えないことにもビックリ。何でだろうか。
夜はマックだったけど食べすぎたせいか、謎の胃の痛みに悩まされた。
明日はあまり食べないでおこう。
そして走ろう。

■これからの日本の論点2025
論点15：広がる押し活経済
・Vチューバ―
・メリハリ消費
・応援広告
・共創
・LTV（顧客生涯価値）
・スーパーチャット（投げ銭）
・リアル回帰
・トキ消費
・スタジアム・アリーナ
・コンテンツツーリズム

論点16：デジタル化が生む「弱い」消費者
・ダークパターン
・ディセブティブパターン
・パーソナライズトプライシンク
・プロファイリング
・クッキー
・DMA
・DSA
・ナギング
・FTC法5条
・脆弱性

論点17：米経済は減速の見通し、FRBの利下げカギ　格差への怒りが分断に拍車も
・Labor Hoarding（働き手の囲い込み）
・資産効果
・実質所得
・サーム・ルール
・フェデラルファンド（FF）金利
・米個人消費支出（PCE）物価指数
・商業不動産
・償還の壁
・連邦政府の債務上限問題
・インフレ抑制法（IRA）
・セキュリタリアン
9℃ 足立区 東京都 日本"
2025-02-02,"あなたは誰と暮らしていますか？

何か漢気出して、16時の引取りに立候補してしまった。まぁいいけど。

■これからの日本の論点2025
論点18：半導体が世界を引き裂いた　米中テクノ戦争の行方は
・データセンター
・生成AI
・半導体
・地政学
・ファーウェイ
・補助金競争
・経済安全保障
・エヌビディア
・輸出規制
・米中対立

論点19：「インドの世紀」は到来するか　揺らぐモディ1強体制、強まる内憂外患で不透明感増す
・グローバルサウス
・20カ国・地域（G20）
・インド人民党（BJP）
・ヒンズー至上主義
・メーク・イン・インディア
・世界最大の民主主義国家
・Quad（クアッド）
・覇権主義
・真珠の首飾り
・戦略的自立が移行

論点20：強権・習近平政権は早くも「2029」に照準、予想される米中分断に先手
・中国式現代化
・2029年の「改革の完成」
・新中国建国80年
・中誤記人解放軍創立100年
・2027年共産党大会
・2035年に現代化を基本的実現
・国家安全
・2032年共産党大会
・中華民族の偉大な復興
・中国の夢

論点21：朝鮮半島に「2025年問題」危機か転機か、日本に両極端のリスク
・北朝鮮の国防５ヵ年計画
・ロ朝「包括的戦略パートナーシップ条約」
・北朝鮮の核実験
・韓国総選挙
・米韓の核協議グループ（NCG）
・米大統領選挙
・米朝首脳会談
・日朝首脳会談
・「国交正常化後最悪」の日韓関係
・日韓共同宣言

論点22：プーチンの逆襲、侵略戦争から外交戦へ　国際秩序破壊の野望を抑えこめ
・BRICs
・グローバルサウス
・多極世界
・米一極世界
・ミュンヘン安全保障会議（MSC）
・ウクライナ侵攻
・上海協力機構（SCO）
・反米枢軸
・ウクライナ軍の反転攻勢の失敗
・集団安全保障条約機構（CSTO）
5℃ 足立区 東京都 日本"
2025-02-03,"十段階で評価すると、どのくらい悲しいですか？なぜ？

日向坂の佐々木久美とキスする寸前の夢を見た。
すごい可愛かった。
やっぱり夢に出てくるとその人のことを好きになるよね。
卒業しても頑張って売れてほしいな。

りんかの青学の受験が終わった。
これで我が家の受験がすべて終わった。
色々捨ててスッキリしたいですね。
4℃ 足立区 東京都 日本"
2025-02-05,"何度も何度も聞いてしまうものは？

ワールドトリガー28巻を見て考えさせられた。
「努力」とは？
「期限」を決めることの大切さ。
明日からの行動に繋げようと思う。
3℃ 足立区 東京都 日本"
2025-02-26,"捨てられないものをひとつあげてください。
→本かな

電車で携帯をいじるわけでもなく、本を読んでるわけでも無い1人で座ってる人って何を考えているのだろう…
10℃ 台東区 東京都 日本"
2025-02-27,"あなたはオリジナル？それともリミックス？どうして？
→この質問あまり意味がわからないな"
2025-02-28,"いちばん最後に病気になったのはいつですか？
→最近は風邪もひいてない

佐々木さんが岡山に新発見セミナーに行った帰りで、飲みに行った。
ルージュでみさきさんの間違いで35万のシャンパンを入れられた。
飲んだ瞬間、味が違うのがわかったけど、何も言わなかったら、すぐに気づいたらしく平謝りされた。
まぁしょうがないですよね。
ルージュでトイレに行ったら、ずっと後ろに立っている人がいて、何となく気持ち悪いなと思ったら、仁さんだった。
その流れでラッキーに行って、喋りまくったなー。

■言語化ノート"
2025-03-05,"今、好きな言葉は何ですか？
→「アンダーザ◯◯」って使いたい

三郷営業所から10分ぐらいの安藤さん宅の畑の鉄スクラップの回収に、佐々木さん、山田さん、近藤さん、佐々木亮くんの5人で引き取りに行った。
昨日からの雪の影響と雨でメチャ寒かったのと、足元悪かったのでなかなかのハード現場だった。
予定通り15時前に終わって良かった。
めんどくさいし、すげー汚れたからそのまま帰ったよね。
8℃ 足立区 東京都 日本"
2025-03-06,"あなたにとっての強敵は誰ですか？
→眠気ですかね。

ラトゥール新宿に引取りに行ったんだけど、あおり立てずに積んで、びっちりシートかけたと思ったんだけど、風が強くて途中不安になって一回高速を降りたよね。
結果的には大丈夫だったけど、シートが外れたんじゃないかなって思ってすごい焦った。"
2025-03-07,"____をやってみるのは、やめたほうがいい。
→酒の席での仕事のグチ

◾️言語化ノート"
2025-03-09,"今日、無視したかった人は____です。
→いなかった

◾️言語化ノート
DATの小林さんの電話対応にイラついた

・電話の対応が暗かった
・声がめんどくさそうだった
・自分は関係ないような話し方だった
・投げやりな態度に感じた
・行ったらオートロックだったので上がれなかった
・現場を知らなかったのか？
・日曜に来ないって事は休んでたのか？
・こっちは日曜も働いていた
・自分で選んだ事だからいいけど
・私からの電話の伝え方があまり良くなかったかも

【結論】
イラついたのは、電話した時対応が丸投げだったから

【行動】
電話の対応は明るく丁寧にする
12℃ 足立区 東京都 日本"
2025-03-10,"いちばん最近レンタルした映画は？
→レンタルってなかなかしなくなったなー

◾️言語化ノート
休憩したいって言ってた近藤さんにイラッとした

・お客さんのために早く終わらせたいのに、休憩したいって
・昼に休憩したんだからいいじゃん
・休憩したところで何か変わるのかな
・そんな大した仕事してないじゃん
・でも喉は乾いてた
・休憩を取らせなきゃいけないんだろうな

【結論】
イラついたのは、お客さんのためを思って早く終わらせたいのに自分のことを優先した発言をしてたから

【行動】
ただ、上の人が休まなければ下の人もやすめないから、従業員の気持ちも汲んであげたい"
2025-03-13,"１日が１時間増えるとしたら、何に使いますか？
→本を読みたい

◾️言語化ノート
豊田さんが渡邊課長に「22時まで仕事してて危ない」と言ったと聞いて、ムカついた。

・お前は何をした？
・次の日の引取りのために荷降ろししなければならなかった
・稼ぐためにはやるしかないでしょ
・文句ばっかり
・そんなことばっかり言ってる
・渡邊課長に言ったら何とかなるとでも思ってるのかな
・辞めればいいのに

【結論】
豊田さんが渡邊課長に、自分は正しいスタンスで話をしてるのと、あんま深く考えてないことに気づいてムカついた

【行動】
深く考えずに発言をしない
色んな立場を考える


19℃ 足立区 東京都 日本"
2025-03-18,"あなたの精神性を３つの単語で言うとしたら？

◾️言語化ノート
人助けをすると心が膨れる

コンビニで小学生がお金を落としてしまった。棚の下に行ってしまったのを見たので、取ってあげた。

・たまたま見ていたので対応できた
・小学生のお金は、私たちよりも貴重
・帰り際にもお礼を言われた
・完全に見失ってて困ってそうだった
・自己満足的なところがあったと思う

【結論】
困った人を助けると、「役にたった感」があって自分の存在を認められた気がする

【行動】
困ってそうな人がいたら、できる範囲で手伝ってあげたい

13℃ 三郷市 埼玉県 日本"
2025-03-20,"春分の日

いちばん最近読んだ本は何ですか？
→誉田さんの「歌舞伎町ダフト」

本田和光ビルに人工作業員として行った。
JALよりも全然楽だった。
JALが異常だったんだろうなー。

◾️言語化ノート
川崎さんの休みがちなところにイラッとする

・休みがちなのに仕事ができない
・何でも聞いてくる
・自分で調べようとしない
・考えればわかる事が多い
・判断ができない
・休みがちなのにある程度の給料をもらってる
・任せっきりにする

【結論】
できることをしないで、他人に任せきりにする姿勢を見るとイラッとする

【行動】
まずは自分で調べてみて、わからなければ知ってそうな人に聞いてみる
9℃ 足立区 東京都 日本"
2025-03-22,"今日のニュースを書き留めてください。
→中居くんのニュース依頼、テレビもネットもあまり見なくなった。

5ちゃんねるで「腎結石経験者集まれ！」ってスレッド読んでて、途中まで面白かったんだけど、段々あの痛みを思い出して怖くなって、最後まで飲めなかった。
16℃ 足立区 東京都 日本"
2025-03-23,"あなたはカントリー系？ロック系？ヒップポップ系？
→どちらかと言えばヒップホップ系かな。

新宿のアルタ横のビルに朝8時から引取りに行った。
まだ人が少なくてよかった。
パーテーションが多かったけど、何かすぐ積み終わって早く帰れた。
その後、内田洋行の仕事で東大に行った。
狭い場所だったけど、あまりてこずらずにコンテナ引き上げができてよかった。
コンテナも少しはうまくなった気がするけど、ここで過信しないで、ゆっくり作業することを心掛けたい

■言語化ノート"
2025-03-24,"今日についてどんな空想をしましたか？

◾️言語化ノート
三郷のららぽーとの本屋に行った。
レジのハゲた40後半ぐらいのおじさんの対応に少しだけ面白く、少しだけイラついた。

・動きがおねえっぽかった
・いちいち復唱するのが嫌だった
・いちいち「ありがとうございます」って言われるのがめんどくさかった
・見た目がおじさんでちょっと不潔気味だった
・声が明らかに作ってる声だった

【結論】
大げさなリアクションをされるとイラッとする

【行動】
その場に相応しいリアクションを取るようにする"
2025-03-25,"____で笑った。

◾️言語化ノート
今日は鈴華の卒業式だった。
拍手をしないでスマホで写真や動画を撮る人ばかりで、違うよなーって思った。

・拍手しないことに苛立った
・卒業式は誰のため？子供と親のため？
・拍手することが1番の式への貢献だと思う
・腕をあげてスマホを撮る人がいて、後ろの人が見づらいだろうなって思ったら
・子供の事となると周りが見えない人が多いことに驚いた

【結論】
自我とか強欲さが見えると引いてしまう

【行動】
常に冷静に周りの人を見て、迷惑にならないように行動する
24℃ 三郷市 埼玉県 日本"
2025-03-26,"あこがれの人は誰ですか？
→今ならペドリ

JALにフラッパーゲートを引取りに佐々木さんとりょうくんと行った。
1日かかるかと思ったけど、2時間ぐらいで終わって良かった。
その後、新沼さんが戻って来れないって事で、代わりに八王子のファミリーマートまで引取りに行った。
八王子あたりで豊田さんと一緒になったけど、豊田さんはやっぱり高速の乗り方を知ってるのかスイスイって行って、結局同じ道を通ったのに、30分ぐらい自分の方が遅かった。
混んでる時は左車線をずっと走るのがいいらしい。勉強になった。

◾️言語化ノート
川崎さんの言動を聞いてイラっとした

・自分の不機嫌さを周りに撒き散らさないでほしい
・忙しいのは自分が休んでいるから
・言われたことしかできない
・自分で確認とか調べたりしない
・それで休み放題、給料高めって事が知られたら、みんな怒るよね

【結論】
自分のせいなのに、不機嫌さを撒き散らす人にはならない
不機嫌さを撒き散らす人ってかまってちゃんだと思う

【行動】
周りには常に穏やかな態度をとり、自分の責任ってことを常に意識する
19℃ 足立区 東京都 日本"
2025-03-27,"最近、幸福の絶頂だと感じたのはいつですか？
→休めるって幸せです

金子さんがユンボを横転させた。
明らかなスキル不足が原因だと思う。
平な場所でユンボを倒すって何だよって思った。
マジで意味わかんない。

JALのフラッパーゲートを山田さんと二人で持ち出ししていた時だったから、なんかずっとそわそわしながら仕事した。
こちらで事故がなくてよかった。
ただ、1台120kgぐらいあったみたいで結構大変だった。
全部で17台ぐらいあったけど、よくやったなって思う

■言語化ノート"
2025-03-28,"今日のことで覚えておきたいのは何ですか？
→ルージュで高いシャンパンを間違って入れられた。けど、少し値引きしてもらった。
値引きってあるんだなー。"
2025-03-31,"これからないと生きていけないと言う発明品は何ですか？
→AIかな

今日で2024年度が終わった。
2月～3月にかけて怒涛の忙しさだった。
3月は2日ぐらいしか休まなかったけど、それはそれで充実した月だった。
結果が伴えば、頑張ったかいもあるなと思う。

■言語化ノート"
2025-04-01,"誰をだましていますか？
→自分自身

◾️言語化ノート
金子さんからのタメ口に軽くイラっとする

・部下だから？
・気のない感じがイラッと
・酒井さんは敬語だから？
・年下だから？
・他の人は気にならないのに

【結論】
自分が金子さんを認めてない。認めてない人から舐められる？とイラっとする

【行動】
どんな人に対しても丁寧に接する
6℃ 足立区 東京都 日本"
2025-04-02,"いちばん親しい人は誰ですか？
→今も佐々木さんかな

本日は休んだ。
池袋行って、AirPods4を買った
BOOK OFFに行って、本を売った
ニトリに行って、枕を買った
久しぶりに走った
とても充実した一日だった

■言語化ノート"
2025-04-03,"今日は楽しかった？それはなぜ？
→穏やかに1日が終わると楽しいし安らかです。

3月が終わり、結構引取りとか行ったけど、それで仕事をした気にならないこと。
自分の本当の仕事は何なのか？そこをしっかり見極めること。
引取りにたくさん行ったからと言って、周りに喚かないこと。
自分の中で頑張ったと思えばそれでいい。

■言語化ノート"
2025-04-04,"今日、何かひとつ起こってほしいと願うなら、何ですか？
→事故が起こらなければいいな

成田メタルの決算だった。
2月まで赤字だったのに、3月に黒字転換して、結局黒字で終わった。
すごい巻き返しだった。
社長から、成田メタルに期末賞与をあげたいって話で、社員総会の時に渡すか、各拠点で渡すか？と聞かれた。
個人的には社員総会で渡すのは反対だった。
理由として、その場で期末賞与の見せ合いをした場合、金額の大小で不満が出るのが嫌だった。あげる側（会社側）の人間をそれを見たり聞いたりしたら、せっかく期末賞与だしたのにって嫌な気持ちになるのも嫌だった。
その旨をLINEで返したら、専務からすぐ電話がかかってきて、同じような意見だった。
社長がみんなの前でお渡ししたいという気持ちもわかるが、デメリットの方が大きいような気がして反対だった。結局社員総会では渡さないことになった。

■言語化ノート"
2025-04-05,"____に深く心を動かされた。
→

TRIworksの2024年度がほぼ固まった。
売上で2億を超えて、営業利益で1,000万を超えた。
売上で重複しているとこがあって、予定していた営業利益よりも少なかったけど、何とか1,000万を超えることができてよかった。
ただ、今期は少しでもいいから値上げしてもらって、営業利益が残るようにして欲しいのと、資金繰りがもっと楽になるようにして欲しい。

■言語化ノート
「人財」って言ってる人や書いてるのを見るとゾワゾワする

・どういうつもりで使ってるんだろう
・私たちは人を大事にしてます！って改めて言ってることに気持ち悪さを感じる
・「人財」って言ってることに酔ってそう
・明らかに上からのトップダウンで決まってそう
・その会社で働いてる人はどういう思いで働いてるのだろう
・「人財」って言ってて、そこに惹かれる人っているのかな
・人を大事にするのは当たり前
・「人財」なんて言葉をあえて使ってるところにその会社のブラックさを感じる

【結論】
あえて言うこと、上手いこと言ってる感が伝わることの気持ち悪さ

【行動】
上手いこと言ったな感を出す時は、ユーモアを混ぜながら言うこと
13℃ 足立区 東京都 日本"
2025-04-06,"いちばん最近テイクアウトした食べ物は何ですか？
→ほっかほか亭

急遽ウチダテクノの引取りに行った。
1人じゃキツイ量だったなー。

◾️言語化ノート

【結論】

【行動】
15℃ 足立区 東京都 日本"
2026-01-06,"5℃ 足立区 東京都 日本"
2026-04-01,"16℃ 足立区 東京都 日本"
2026-06-02,"25℃ 足立区 東京都 日本"
2026-06-18,"24℃ 足立区 東京都 日本"
2026-07-21,"35℃ 豊島区 東京都 日本"